status,failure,completed_windows,wall_seconds,simulation_seconds,sampled_peak_process_rss_bytes,body_metrics,total_food,total_collision_substeps,total_motor_energy_demand,remaining_food,physical_energy_debit,physical_energy_debit_status,family,condition,environment_seed,controller,allocation,windows,protocol_sha256,trajectory,trajectory_sha256
completed,,75,6.272710124991136,1.5,536920064,"[{""baseline_escape_drive"":null,""collision_substeps"":0,""escape_drive_integral"":1.396181908960042,""final_simulated_energy"":0.3809111558774436,""food"":0.10815914717673396,""inference_mean_ms"":79.56975161253165,""inference_wall_seconds"":5.967731370939873,""motor_energy_demand"":0.023168417710922286,""reaction_seconds"":null,""recovery_seconds"":null,""simulation_seconds"":1.5}]",0.10815914717673396,0,0.023168417710922286,0.5918408528232681,0.0,not_applicable,stress,clean,190001,connectome,"[""connectome""]",75,aa4b3cee902019b16faa0c35609e9e3aa006dbc0e2621dfb08ceab6de62fa6fb,stress--connectome--clean--190001.npz,c05023b572cc29cf0e48041d2d57dbc0ee71833054acd74ad7d6251c134f1d59
completed,,75,5.972967499983497,1.5,541704192,"[{""baseline_escape_drive"":null,""collision_substeps"":0,""escape_drive_integral"":1.362783921565153,""final_simulated_energy"":0.3761687275127764,""food"":0.09795519119640146,""inference_mean_ms"":75.49989826705618,""inference_wall_seconds"":5.662492370029213,""motor_energy_demand"":0.0228088680854237,""reaction_seconds"":null,""recovery_seconds"":null,""simulation_seconds"":1.5}]",0.09795519119640146,0,0.0228088680854237,0.6020448088036003,0.0,not_applicable,stress,clean,190002,connectome,"[""connectome""]",75,aa4b3cee902019b16faa0c35609e9e3aa006dbc0e2621dfb08ceab6de62fa6fb,stress--connectome--clean--190002.npz,bd811e925678c538e0cecd488cc50627636d3d2e7fb6f19d5bc2bd6272cb888c
completed,,75,6.225097292015562,1.5,541720576,"[{""baseline_escape_drive"":null,""collision_substeps"":0,""escape_drive_integral"":1.3282262981938675,""final_simulated_energy"":0.3768606975322196,""food"":0.09809786342045705,""inference_mean_ms"":78.77702835908471,""inference_wall_seconds"":5.9082771269313525,""motor_energy_demand"":0.022188234178007974,""reaction_seconds"":null,""recovery_seconds"":null,""simulation_seconds"":1.5}]",0.09809786342045705,0,0.022188234178007974,0.6019021365795447,0.0,not_applicable,stress,clean,190003,connectome,"[""connectome""]",75,aa4b3cee902019b16faa0c35609e9e3aa006dbc0e2621dfb08ceab6de62fa6fb,stress--connectome--clean--190003.npz,41e7570ba59aa486b1386440720d1fdd0cd96d809b1dfaff638e953ebcaa7c9c
completed,,75,5.978043665993027,1.5,532332544,"[{""baseline_escape_drive"":null,""collision_substeps"":0,""escape_drive_integral"":1.4317097720609877,""final_simulated_energy"":0.379422980428617,""food"":0.10614668557215967,""inference_mean_ms"":75.60533882545619,""inference_wall_seconds"":5.670400411909213,""motor_energy_demand"":0.023650362357461093,""reaction_seconds"":null,""recovery_seconds"":null,""simulation_seconds"":1.5}]",0.10614668557215967,0,0.023650362357461093,0.5938533144278424,0.0,not_applicable,stress,clean,190004,connectome,"[""connectome""]",75,aa4b3cee902019b16faa0c35609e9e3aa006dbc0e2621dfb08ceab6de62fa6fb,stress--connectome--clean--190004.npz,152ae7c2094e618ed156fd7e3c4b1b8f39570f8643316b43b8590b7d75ac2218
completed,,75,5.957059499982279,1.5,532332544,"[{""baseline_escape_drive"":null,""collision_substeps"":0,""escape_drive_integral"":1.4580767334824984,""final_simulated_energy"":0.3772552253969048,""food"":0.10262649387817079,""inference_mean_ms"":75.30639826979798,""inference_wall_seconds"":5.647979870234849,""motor_energy_demand"":0.0240580215421793,""reaction_seconds"":null,""recovery_seconds"":null,""simulation_seconds"":1.5}]",0.10262649387817079,0,0.0240580215421793,0.5973735061218313,0.0,not_applicable,stress,clean,190005,connectome,"[""connectome""]",75,aa4b3cee902019b16faa0c35609e9e3aa006dbc0e2621dfb08ceab6de62fa6fb,stress--connectome--clean--190005.npz,031e28edd0cb8d144e73ec4605d5adca118e4e019d5d0804f9ead7409db8e9a5
completed,,75,7.151324082980864,1.5,532365312,"[{""baseline_escape_drive"":null,""collision_substeps"":0,""escape_drive_integral"":1.3025929173918867,""final_simulated_energy"":0.37495082422447457,""food"":0.09323835886265433,""inference_mean_ms"":89.45419999809626,""inference_wall_seconds"":6.709064999857219,""motor_energy_demand"":0.021668355206851828,""reaction_seconds"":null,""recovery_seconds"":null,""simulation_seconds"":1.5}]",0.09323835886265433,0,0.021668355206851828,0.6067616411373473,0.0,not_applicable,stress,clean,190006,connectome,"[""connectome""]",75,aa4b3cee902019b16faa0c35609e9e3aa006dbc0e2621dfb08ceab6de62fa6fb,stress--connectome--clean--190006.npz,693e54f182f2e8490618b13f5f922bf88abaf8944fd00b3e345af31b8a03d60f
completed,,75,7.862833124992903,1.5,534069248,"[{""baseline_escape_drive"":null,""collision_substeps"":0,""escape_drive_integral"":1.3887955656360966,""final_simulated_energy"":0.36032031108231843,""food"":0.0670080361889535,""inference_mean_ms"":99.22958785124744,""inference_wall_seconds"":7.442219088843558,""motor_energy_demand"":0.023183707012157974,""reaction_seconds"":null,""recovery_seconds"":null,""simulation_seconds"":1.5}]",0.0670080361889535,0,0.023183707012157974,0.6329919638110477,0.0,not_applicable,stress,clean,190007,connectome,"[""connectome""]",75,aa4b3cee902019b16faa0c35609e9e3aa006dbc0e2621dfb08ceab6de62fa6fb,stress--connectome--clean--190007.npz,4490139f725fe8c9fb58a614360aa0176d119b6d6975acd255bb0e293335a64a
completed,,75,10.033864917000756,1.5,534069248,"[{""baseline_escape_drive"":null,""collision_substeps"":0,""escape_drive_integral"":1.3795691258961928,""final_simulated_energy"":0.3763553547107257,""food"":0.09878485280845459,""inference_mean_ms"":126.62980169290677,""inference_wall_seconds"":9.497235126968008,""motor_energy_demand"":0.023037071693500156,""reaction_seconds"":null,""recovery_seconds"":null,""simulation_seconds"":1.5}]",0.09878485280845459,0,0.023037071693500156,0.6012151471915474,0.0,not_applicable,stress,clean,190008,connectome,"[""connectome""]",75,aa4b3cee902019b16faa0c35609e9e3aa006dbc0e2621dfb08ceab6de62fa6fb,stress--connectome--clean--190008.npz,f00c48f75c8ae241c909d8728b078031e32564ecf9afc5e1dfca93782798726b
completed,,75,10.115918374998728,1.5,457326592,"[{""baseline_escape_drive"":null,""collision_substeps"":0,""escape_drive_integral"":1.4288850155196808,""final_simulated_energy"":0.37556556609975034,""food"":0.09864668557215966,""inference_mean_ms"":126.67696724180134,""inference_wall_seconds"":9.5007725431351,""motor_energy_demand"":0.023757776686328582,""reaction_seconds"":null,""recovery_seconds"":null,""simulation_seconds"":1.5}]",0.09864668557215966,0,0.023757776686328582,0.6013533144278422,0.0,not_applicable,stress,clean,190009,connectome,"[""connectome""]",75,aa4b3cee902019b16faa0c35609e9e3aa006dbc0e2621dfb08ceab6de62fa6fb,stress--connectome--clean--190009.npz,5703adbfd1333ab473361c68a99a0c13f254835ca6cae1d6b6464a6782219bf3
completed,,75,9.639626832999056,1.5,457408512,"[{""baseline_escape_drive"":null,""collision_substeps"":0,""escape_drive_integral"":1.4224510738439653,""final_simulated_energy"":0.3537757686433992,""food"":0.05467088284695525,""inference_mean_ms"":120.97610278559539,""inference_wall_seconds"":9.073207708919654,""motor_energy_demand"":0.023559672780077985,""reaction_seconds"":null,""recovery_seconds"":null,""simulation_seconds"":1.5}]",0.05467088284695525,0,0.023559672780077985,0.6453291171530455,0.0,not_applicable,stress,clean,190010,connectome,"[""connectome""]",75,aa4b3cee902019b16faa0c35609e9e3aa006dbc0e2621dfb08ceab6de62fa6fb,stress--connectome--clean--190010.npz,a04c82d45a1aa4e561e3163fc15d30edfddc73ecafd4f8553d11da2c729256d7
completed,,75,10.14186004101066,1.5,457539584,"[{""baseline_escape_drive"":null,""collision_substeps"":0,""escape_drive_integral"":1.3768237112465005,""final_simulated_energy"":0.36465496188444146,""food"":0.07571615494751886,""inference_mean_ms"":127.46893826755695,""inference_wall_seconds"":9.560170370066771,""motor_energy_demand"":0.023203115589317338,""reaction_seconds"":null,""recovery_seconds"":null,""simulation_seconds"":1.5}]",0.07571615494751886,0,0.023203115589317338,0.6242838450524824,0.0,not_applicable,stress,clean,190011,connectome,"[""connectome""]",75,aa4b3cee902019b16faa0c35609e9e3aa006dbc0e2621dfb08ceab6de62fa6fb,stress--connectome--clean--190011.npz,7a467068105cd55fc1c137c9650cc564412f695d94361dd23b84082845b37c70
completed,,75,8.601518750016112,1.5,460390400,"[{""baseline_escape_drive"":null,""collision_substeps"":0,""escape_drive_integral"":1.3363294469539484,""final_simulated_energy"":0.36213347367182014,""food"":0.06878485280845456,""inference_mean_ms"":108.22821778710932,""inference_wall_seconds"":8.117116334033199,""motor_energy_demand"":0.022258952732406297,""reaction_seconds"":null,""recovery_seconds"":null,""simulation_seconds"":1.5}]",0.06878485280845456,0,0.022258952732406297,0.6312151471915468,0.0,not_applicable,stress,clean,190012,connectome,"[""connectome""]",75,aa4b3cee902019b16faa0c35609e9e3aa006dbc0e2621dfb08ceab6de62fa6fb,stress--connectome--clean--190012.npz,3ae1de5e1608708ccca617911aab4e76c6e5c973fa18d4f53b496b49eabf58e7
completed,,75,6.445050583977718,1.5,460390400,"[{""baseline_escape_drive"":null,""collision_substeps"":0,""escape_drive_integral"":1.3832970976705696,""final_simulated_energy"":0.3766542411415774,""food"":0.09935811542153199,""inference_mean_ms"":81.52545554873844,""inference_wall_seconds"":6.114409166155383,""motor_energy_demand"":0.023024816569187628,""reaction_seconds"":null,""recovery_seconds"":null,""simulation_seconds"":1.5}]",0.09935811542153199,0,0.023024816569187628,0.6006418845784698,0.0,not_applicable,stress,clean,190013,connectome,"[""connectome""]",75,aa4b3cee902019b16faa0c35609e9e3aa006dbc0e2621dfb08ceab6de62fa6fb,stress--connectome--clean--190013.npz,5941fe1cdd31a1935e42cd9efdfc02767691bf8c48c478f45b07bf75f192f998
completed,,75,5.826260749978246,1.5,460390400,"[{""baseline_escape_drive"":null,""collision_substeps"":0,""escape_drive_integral"":1.4014788046743203,""final_simulated_energy"":0.37713659613617356,""food"":0.10097762675424933,""inference_mean_ms"":73.64207219836922,""inference_wall_seconds"":5.523155414877692,""motor_energy_demand"":0.0233522172409496,""reaction_seconds"":null,""recovery_seconds"":null,""simulation_seconds"":1.5}]",0.10097762675424933,0,0.0233522172409496,0.5990223732457527,0.0,not_applicable,stress,clean,190014,connectome,"[""connectome""]",75,aa4b3cee902019b16faa0c35609e9e3aa006dbc0e2621dfb08ceab6de62fa6fb,stress--connectome--clean--190014.npz,1b5cb40b20300a578af06b7551c7448546cd95e9697b39c3980b64894c493927
completed,,75,5.834690749994479,1.5,460390400,"[{""baseline_escape_drive"":null,""collision_substeps"":0,""escape_drive_integral"":1.4222451147081308,""final_simulated_energy"":0.3718785815652371,""food"":0.09114668557215966,""inference_mean_ms"":73.82092782839513,""inference_wall_seconds"":5.536569587129634,""motor_energy_demand"":0.02369476122084162,""reaction_seconds"":null,""recovery_seconds"":null,""simulation_seconds"":1.5}]",0.09114668557215966,0,0.02369476122084162,0.6088533144278421,0.0,not_applicable,stress,clean,190015,connectome,"[""connectome""]",75,aa4b3cee902019b16faa0c35609e9e3aa006dbc0e2621dfb08ceab6de62fa6fb,stress--connectome--clean--190015.npz,76eeefa38c5db7e827c83dd5aa7d248a6d376bb5047102fd636cc63ffa8b38fd
completed,,75,5.719847583997762,1.5,460390400,"[{""baseline_escape_drive"":null,""collision_substeps"":0,""escape_drive_integral"":1.3871860481152944,""final_simulated_energy"":0.37965002104631107,""food"":0.10522275436900967,""inference_mean_ms"":72.31994267941143,""inference_wall_seconds"":5.423995700955857,""motor_energy_demand"":0.02296135613819253,""reaction_seconds"":null,""recovery_seconds"":null,""simulation_seconds"":1.5}]",0.10522275436900967,0,0.02296135613819253,0.5947772456309923,0.0,not_applicable,stress,clean,190016,connectome,"[""connectome""]",75,aa4b3cee902019b16faa0c35609e9e3aa006dbc0e2621dfb08ceab6de62fa6fb,stress--connectome--clean--190016.npz,1aca30663d44632b49101965970c7577c0df5d5b4132ff066b2501ada944ca97
completed,,75,6.112969208013965,1.5,460406784,"[{""baseline_escape_drive"":null,""collision_substeps"":0,""escape_drive_integral"":1.227261889498198,""final_simulated_energy"":0.38508820556285184,""food"":0.11114668557215968,""inference_mean_ms"":77.2205883342152,""inference_wall_seconds"":5.791544125066139,""motor_energy_demand"":0.020485137223227166,""reaction_seconds"":null,""recovery_seconds"":null,""simulation_seconds"":1.5}]",0.11114668557215968,0,0.020485137223227166,0.5888533144278425,0.0,not_applicable,stress,clean,190017,connectome,"[""connectome""]",75,aa4b3cee902019b16faa0c35609e9e3aa006dbc0e2621dfb08ceab6de62fa6fb,stress--connectome--clean--190017.npz,d217f931f0e022dfb64bbab103391658e3c633beb24edb06e11045c5f9c20bcb
completed,,75,6.686120625003241,1.5,460406784,"[{""baseline_escape_drive"":null,""collision_substeps"":0,""escape_drive_integral"":1.3200792127429761,""final_simulated_energy"":0.3776030127339701,""food"":0.09917933887072283,""inference_mean_ms"":84.5637005478299,""inference_wall_seconds"":6.342277541087242,""motor_energy_demand"":0.021986656701390918,""reaction_seconds"":null,""recovery_seconds"":null,""simulation_seconds"":1.5}]",0.09917933887072283,0,0.021986656701390918,0.6008206611292792,0.0,not_applicable,stress,clean,190018,connectome,"[""connectome""]",75,aa4b3cee902019b16faa0c35609e9e3aa006dbc0e2621dfb08ceab6de62fa6fb,stress--connectome--clean--190018.npz,c5e4ad08961f6608d54187406f4a08f15f3bcafb06d7d6bb3d807f3bde7dde74
completed,,75,5.5984937499742955,1.5,460406784,"[{""baseline_escape_drive"":null,""collision_substeps"":0,""escape_drive_integral"":1.3919345541477264,""final_simulated_energy"":0.3788131969980565,""food"":0.10364668557215967,""inference_mean_ms"":70.81721772090532,""inference_wall_seconds"":5.311291329067899,""motor_energy_demand"":0.023010145788022702,""reaction_seconds"":null,""recovery_seconds"":null,""simulation_seconds"":1.5}]",0.10364668557215967,0,0.023010145788022702,0.5963533144278423,0.0,not_applicable,stress,clean,190019,connectome,"[""connectome""]",75,aa4b3cee902019b16faa0c35609e9e3aa006dbc0e2621dfb08ceab6de62fa6fb,stress--connectome--clean--190019.npz,bac0edbc09e9bd1cf81820b376a4d4fcd5ae929d8c2d5e0f9dff08f5a39e25a7
completed,,75,5.628471083007753,1.5,460439552,"[{""baseline_escape_drive"":null,""collision_substeps"":0,""escape_drive_integral"":1.3934964588414178,""final_simulated_energy"":0.3779011153581858,""food"":0.1019556733433127,""inference_mean_ms"":71.2173216661904,""inference_wall_seconds"":5.34129912496428,""motor_energy_demand"":0.02307672131346944,""reaction_seconds"":null,""recovery_seconds"":null,""simulation_seconds"":1.5}]",0.1019556733433127,0,0.02307672131346944,0.598044326656689,0.0,not_applicable,stress,clean,190020,connectome,"[""connectome""]",75,aa4b3cee902019b16faa0c35609e9e3aa006dbc0e2621dfb08ceab6de62fa6fb,stress--connectome--clean--190020.npz,6405b13ba4f9546e9ea75d0d363d7a17ce0329040b4638e8ddd688220a322730
completed,,75,5.646160709002288,1.5,460439552,"[{""baseline_escape_drive"":null,""collision_substeps"":0,""escape_drive_integral"":1.3908938704626939,""final_simulated_energy"":0.37158391786525347,""food"":0.08971199216928599,""inference_mean_ms"":71.39581657364033,""inference_wall_seconds"":5.354686243023025,""motor_energy_demand"":0.023272078219388686,""reaction_seconds"":null,""recovery_seconds"":null,""simulation_seconds"":1.5}]",0.08971199216928599,0,0.023272078219388686,0.6102880078307158,0.0,not_applicable,stress,clean,190021,connectome,"[""connectome""]",75,aa4b3cee902019b16faa0c35609e9e3aa006dbc0e2621dfb08ceab6de62fa6fb,stress--connectome--clean--190021.npz,45f3de6edc4b26b7117d475be4de6a8a132750312622290e09a78180f2d3993e
completed,,75,5.514554416004103,1.5,460439552,"[{""baseline_escape_drive"":null,""collision_substeps"":0,""escape_drive_integral"":1.3392291239398,""final_simulated_energy"":0.3786389018157824,""food"":0.1018972808175543,""inference_mean_ms"":69.73022948096818,""inference_wall_seconds"":5.2297672110726126,""motor_energy_demand"":0.022309738592994215,""reaction_seconds"":null,""recovery_seconds"":null,""simulation_seconds"":1.5}]",0.1018972808175543,0,0.022309738592994215,0.5981027191824475,0.0,not_applicable,stress,clean,190022,connectome,"[""connectome""]",75,aa4b3cee902019b16faa0c35609e9e3aa006dbc0e2621dfb08ceab6de62fa6fb,stress--connectome--clean--190022.npz,a1598abdbf8d3b30b98f3c2f8057516d039e2b74faf1421bf692162b022b0b44
completed,,75,5.780878125020536,1.5,460439552,"[{""baseline_escape_drive"":null,""collision_substeps"":0,""escape_drive_integral"":1.2857138466703768,""final_simulated_energy"":0.38209409716544596,""food"":0.1069556733433127,""inference_mean_ms"":73.07153661502525,""inference_wall_seconds"":5.480365246126894,""motor_energy_demand"":0.021383739506209233,""reaction_seconds"":null,""recovery_seconds"":null,""simulation_seconds"":1.5}]",0.1069556733433127,0,0.021383739506209233,0.5930443266566892,0.0,not_applicable,stress,clean,190023,connectome,"[""connectome""]",75,aa4b3cee902019b16faa0c35609e9e3aa006dbc0e2621dfb08ceab6de62fa6fb,stress--connectome--clean--190023.npz,955aa417737864888aec2d2c8be58fa654eb3feef31f8af6f7d349e911662db8
completed,,75,5.715023208002094,1.5,460455936,"[{""baseline_escape_drive"":null,""collision_substeps"":0,""escape_drive_integral"":1.3251180454537348,""final_simulated_energy"":0.37490254673509293,""food"":0.09378485280845458,""inference_mean_ms"":72.23519830731675,""inference_wall_seconds"":5.417639873048756,""motor_energy_demand"":0.021989879669133246,""reaction_seconds"":null,""recovery_seconds"":null,""simulation_seconds"":1.5}]",0.09378485280845458,0,0.021989879669133246,0.6062151471915473,0.0,not_applicable,stress,clean,190024,connectome,"[""connectome""]",75,aa4b3cee902019b16faa0c35609e9e3aa006dbc0e2621dfb08ceab6de62fa6fb,stress--connectome--clean--190024.npz,666e483b7d6916accf452a2f53ecc005158fb9ffa07bc0c3f72b94b3aec13afe
completed,,75,5.435071499989135,1.5,460455936,"[{""baseline_escape_drive"":null,""collision_substeps"":0,""escape_drive_integral"":1.366602534888815,""final_simulated_energy"":0.3629144705227644,""food"":0.07167933887072281,""inference_mean_ms"":68.73834720230661,""inference_wall_seconds"":5.155376040172996,""motor_energy_demand"":0.02292519891259614,""reaction_seconds"":null,""recovery_seconds"":null,""simulation_seconds"":1.5}]",0.07167933887072281,0,0.02292519891259614,0.6283206611292786,0.0,not_applicable,stress,clean,190025,connectome,"[""connectome""]",75,aa4b3cee902019b16faa0c35609e9e3aa006dbc0e2621dfb08ceab6de62fa6fb,stress--connectome--clean--190025.npz,d01d159d94c9d1928dd5b2ee8ed3ec6d26c6478413e85c57e84b31cced6e8c78
completed,,75,5.346485374990152,1.5,460472320,"[{""baseline_escape_drive"":null,""collision_substeps"":0,""escape_drive_integral"":1.433207008685463,""final_simulated_energy"":0.3726853635680034,""food"":0.09281702396010653,""inference_mean_ms"":67.63247509292948,""inference_wall_seconds"":5.072435631969711,""motor_energy_demand"":0.023723148412048915,""reaction_seconds"":null,""recovery_seconds"":null,""simulation_seconds"":1.5}]",0.09281702396010653,0,0.023723148412048915,0.6071829760398952,0.0,not_applicable,stress,clean,190026,connectome,"[""connectome""]",75,aa4b3cee902019b16faa0c35609e9e3aa006dbc0e2621dfb08ceab6de62fa6fb,stress--connectome--clean--190026.npz,e51354708d4406c18a2d18f08799a6a1e2134c486d67c702406eaf75bf49acb7
completed,,75,5.3803185829892755,1.5,460488704,"[{""baseline_escape_drive"":null,""collision_substeps"":0,""escape_drive_integral"":1.2809181882545209,""final_simulated_energy"":0.36416317585434554,""food"":0.07114668557215964,""inference_mean_ms"":68.03399994736537,""inference_wall_seconds"":5.102549996052403,""motor_energy_demand"":0.021410166931733646,""reaction_seconds"":null,""recovery_seconds"":null,""simulation_seconds"":1.5}]",0.07114668557215964,0,0.021410166931733646,0.6288533144278416,0.0,not_applicable,stress,clean,190027,connectome,"[""connectome""]",75,aa4b3cee902019b16faa0c35609e9e3aa006dbc0e2621dfb08ceab6de62fa6fb,stress--connectome--clean--190027.npz,308c2852a1be106c5207f6dd7d44155a6c8f93c0a97d36f53ada150f0d92ecfe
completed,,75,5.353313958010403,1.5,460488704,"[{""baseline_escape_drive"":null,""collision_substeps"":0,""escape_drive_integral"":1.4139175269176394,""final_simulated_energy"":0.37668326256376883,""food"":0.10033148564109808,""inference_mean_ms"":67.71858051923725,""inference_wall_seconds"":5.078893538942793,""motor_energy_demand"":0.02348248025677936,""reaction_seconds"":null,""recovery_seconds"":null,""simulation_seconds"":1.5}]",0.10033148564109808,0,0.02348248025677936,0.5996685143589038,0.0,not_applicable,stress,clean,190028,connectome,"[""connectome""]",75,aa4b3cee902019b16faa0c35609e9e3aa006dbc0e2621dfb08ceab6de62fa6fb,stress--connectome--clean--190028.npz,2a90546e93a1e6a45c67deeb7aba58a7f7f2e9aaf9f6efe9b3a93d1d604db743
completed,,75,5.422353458008729,1.5,460488704,"[{""baseline_escape_drive"":null,""collision_substeps"":0,""escape_drive_integral"":1.3739458405105152,""final_simulated_energy"":0.38140477051638755,""food"":0.10845615761968373,""inference_mean_ms"":68.59135274387275,""inference_wall_seconds"":5.144351455790456,""motor_energy_demand"":0.022823308293453325,""reaction_seconds"":null,""recovery_seconds"":null,""simulation_seconds"":1.5}]",0.10845615761968373,0,0.022823308293453325,0.5915438423803181,0.0,not_applicable,stress,clean,190029,connectome,"[""connectome""]",75,aa4b3cee902019b16faa0c35609e9e3aa006dbc0e2621dfb08ceab6de62fa6fb,stress--connectome--clean--190029.npz,2e66092488364e64ad8dfc24342046e016babd67fc174f3a02bea0f3371f3a87
completed,,75,5.465601500007324,1.5,460505088,"[{""baseline_escape_drive"":null,""collision_substeps"":0,""escape_drive_integral"":1.4104352331521504,""final_simulated_energy"":0.3785382491322813,""food"":0.10387211281651758,""inference_mean_ms"":69.20389221360286,""inference_wall_seconds"":5.190291916020215,""motor_energy_demand"":0.023397807275976065,""reaction_seconds"":null,""recovery_seconds"":null,""simulation_seconds"":1.5}]",0.10387211281651758,0,0.023397807275976065,0.5961278871834845,0.0,not_applicable,stress,clean,190030,connectome,"[""connectome""]",75,aa4b3cee902019b16faa0c35609e9e3aa006dbc0e2621dfb08ceab6de62fa6fb,stress--connectome--clean--190030.npz,54e91398a8cde628ea73071b2a06cc2b2739a2646ec74bbd39b8c2b9a1dd43cb
completed,,75,6.100811167008942,1.5,460505088,"[{""baseline_escape_drive"":null,""collision_substeps"":0,""escape_drive_integral"":1.4841756055226754,""final_simulated_energy"":0.36018266220803896,""food"":0.06963642732527876,""inference_mean_ms"":77.20473279749663,""inference_wall_seconds"":5.790354959812248,""motor_energy_demand"":0.024635551454600467,""reaction_seconds"":null,""recovery_seconds"":null,""simulation_seconds"":1.5}]",0.06963642732527876,0,0.024635551454600467,0.6303635726747221,0.0,not_applicable,stress,visual_noise,190001,connectome,"[""connectome""]",75,aa4b3cee902019b16faa0c35609e9e3aa006dbc0e2621dfb08ceab6de62fa6fb,stress--connectome--visual_noise--190001.npz,e7e683d3c6a6715f1cc7aa7fa4e1a3c2fb1cb2a0fc1e656c4c9311b4441d6b0e
completed,,75,5.579231542011257,1.5,460537856,"[{""baseline_escape_drive"":null,""collision_substeps"":0,""escape_drive_integral"":1.4776177831845525,""final_simulated_energy"":0.37148736729854276,""food"":0.09212574991163347,""inference_mean_ms"":70.64653046584378,""inference_wall_seconds"":5.298489784938283,""motor_energy_demand"":0.02457550765727336,""reaction_seconds"":null,""recovery_seconds"":null,""simulation_seconds"":1.5}]",0.09212574991163347,0,0.02457550765727336,0.6078742500883682,0.0,not_applicable,stress,visual_noise,190002,connectome,"[""connectome""]",75,aa4b3cee902019b16faa0c35609e9e3aa006dbc0e2621dfb08ceab6de62fa6fb,stress--connectome--visual_noise--190002.npz,beb17920e171bf0a2b7bd5492cfa3d9f401f02aa4822858d24d3d19fcd359151
completed,,75,5.6853847919846885,1.5,460554240,"[{""baseline_escape_drive"":null,""collision_substeps"":0,""escape_drive_integral"":1.4804889519071986,""final_simulated_energy"":0.3623529069965772,""food"":0.07389573117246682,""inference_mean_ms"":71.9896888670822,""inference_wall_seconds"":5.399226665031165,""motor_energy_demand"":0.0245949585896554,""reaction_seconds"":null,""recovery_seconds"":null,""simulation_seconds"":1.5}]",0.07389573117246682,0,0.0245949585896554,0.6261042688275342,0.0,not_applicable,stress,visual_noise,190003,connectome,"[""connectome""]",75,aa4b3cee902019b16faa0c35609e9e3aa006dbc0e2621dfb08ceab6de62fa6fb,stress--connectome--visual_noise--190003.npz,e2342df9efc351f1b3107fbdc1063af5205e8ba79a2799b1c7a6e60bf7e459e9
completed,,75,5.503802083985647,1.5,460570624,"[{""baseline_escape_drive"":null,""collision_substeps"":0,""escape_drive_integral"":1.4841756055226754,""final_simulated_energy"":0.35953998749914245,""food"":0.06824585256371087,""inference_mean_ms"":69.67062947999997,""inference_wall_seconds"":5.225297210999997,""motor_energy_demand"":0.024582938782712945,""reaction_seconds"":null,""recovery_seconds"":null,""simulation_seconds"":1.5}]",0.06824585256371087,0,0.024582938782712945,0.631754147436289,0.0,not_applicable,stress,visual_noise,190004,connectome,"[""connectome""]",75,aa4b3cee902019b16faa0c35609e9e3aa006dbc0e2621dfb08ceab6de62fa6fb,stress--connectome--visual_noise--190004.npz,f74971bc3d015cf5a587e451d663d7b618a4bd6ed961e010b4c0d29bbfd54b0e
completed,,75,5.422611207992304,1.5,460570624,"[{""baseline_escape_drive"":null,""collision_substeps"":0,""escape_drive_integral"":1.4841756055226754,""final_simulated_energy"":0.37473647937455734,""food"":0.0983394595179544,""inference_mean_ms"":68.66017662764837,""inference_wall_seconds"":5.149513247073628,""motor_energy_demand"":0.024433250384418997,""reaction_seconds"":null,""recovery_seconds"":null,""simulation_seconds"":1.5}]",0.0983394595179544,0,0.024433250384418997,0.6016605404820476,0.0,not_applicable,stress,visual_noise,190005,connectome,"[""connectome""]",75,aa4b3cee902019b16faa0c35609e9e3aa006dbc0e2621dfb08ceab6de62fa6fb,stress--connectome--visual_noise--190005.npz,dcecc03e31e0de04391540e7826535482f6e876318e98be8fb297d114d767219
completed,,75,5.3919167919957545,1.5,460570624,"[{""baseline_escape_drive"":null,""collision_substeps"":0,""escape_drive_integral"":1.486870624270148,""final_simulated_energy"":0.3647314718041399,""food"":0.07854558491685958,""inference_mean_ms"":68.27086493528138,""inference_wall_seconds"":5.120314870146103,""motor_energy_demand"":0.02454132065428903,""reaction_seconds"":null,""recovery_seconds"":null,""simulation_seconds"":1.5}]",0.07854558491685958,0,0.02454132065428903,0.6214544150831418,0.0,not_applicable,stress,visual_noise,190006,connectome,"[""connectome""]",75,aa4b3cee902019b16faa0c35609e9e3aa006dbc0e2621dfb08ceab6de62fa6fb,stress--connectome--visual_noise--190006.npz,1233d5900027367043c5d8e8c1acf8f596eba915d5ee9c2c541a080bd93b2c0a
completed,,75,7.601004291995196,1.5,460570624,"[{""baseline_escape_drive"":null,""collision_substeps"":0,""escape_drive_integral"":1.4841756055226754,""final_simulated_energy"":0.35557361841073765,""food"":0.06042764022598457,""inference_mean_ms"":95.75083447969519,""inference_wall_seconds"":7.181312585977139,""motor_energy_demand"":0.024640201702254155,""reaction_seconds"":null,""recovery_seconds"":null,""simulation_seconds"":1.5}]",0.06042764022598457,0,0.024640201702254155,0.6395723597740159,0.0,not_applicable,stress,visual_noise,190007,connectome,"[""connectome""]",75,aa4b3cee902019b16faa0c35609e9e3aa006dbc0e2621dfb08ceab6de62fa6fb,stress--connectome--visual_noise--190007.npz,10c0a3a0453e3332bd2252bef7727711eed894dc6e201f63436f34c057fc013e
completed,,75,8.674290708004264,1.5,460587008,"[{""baseline_escape_drive"":null,""collision_substeps"":0,""escape_drive_integral"":1.4907334278607982,""final_simulated_energy"":0.3636998194991332,""food"":0.07704418175902097,""inference_mean_ms"":109.46323826637429,""inference_wall_seconds"":8.209742869978072,""motor_energy_demand"":0.024822271380376775,""reaction_seconds"":null,""recovery_seconds"":null,""simulation_seconds"":1.5}]",0.07704418175902097,0,0.024822271380376775,0.6229558182409802,0.0,not_applicable,stress,visual_noise,190008,connectome,"[""connectome""]",75,aa4b3cee902019b16faa0c35609e9e3aa006dbc0e2621dfb08ceab6de62fa6fb,stress--connectome--visual_noise--190008.npz,880d1aedd1daf2bb5cef36dfc7d33e4d18f865d3b726b7e8292e49ea2f3e2f72
completed,,75,7.725686167017557,1.5,460587008,"[{""baseline_escape_drive"":null,""collision_substeps"":0,""escape_drive_integral"":1.4907334278607982,""final_simulated_energy"":0.34999294050701335,""food"":0.04948175254042731,""inference_mean_ms"":96.84846555775343,""inference_wall_seconds"":7.263634916831506,""motor_energy_demand"":0.02474793576319997,""reaction_seconds"":null,""recovery_seconds"":null,""simulation_seconds"":1.5}]",0.04948175254042731,0,0.02474793576319997,0.6505182474595729,0.0,not_applicable,stress,visual_noise,190009,connectome,"[""connectome""]",75,aa4b3cee902019b16faa0c35609e9e3aa006dbc0e2621dfb08ceab6de62fa6fb,stress--connectome--visual_noise--190009.npz,237ef8540924ce92d2886eb4e796c2b3e499888e55685caad98df0e699affe3e
completed,,75,8.37961937498767,1.5,460603392,"[{""baseline_escape_drive"":null,""collision_substeps"":0,""escape_drive_integral"":1.487862259138152,""final_simulated_energy"":0.34375687206586203,""food"":0.03664080530646979,""inference_mean_ms"":105.8081600399843,""inference_wall_seconds"":7.935612002998823,""motor_energy_demand"":0.024563530587373116,""reaction_seconds"":null,""recovery_seconds"":null,""simulation_seconds"":1.5}]",0.03664080530646979,0,0.024563530587373116,0.6633591946935302,0.0,not_applicable,stress,visual_noise,190010,connectome,"[""connectome""]",75,aa4b3cee902019b16faa0c35609e9e3aa006dbc0e2621dfb08ceab6de62fa6fb,stress--connectome--visual_noise--190010.npz,a9611083d8f5587634ec075ec7568910830f7aaad49b37e3580f1b85fcf8316a
completed,,75,9.199267625022912,1.5,460619776,"[{""baseline_escape_drive"":null,""collision_substeps"":0,""escape_drive_integral"":1.4817633870979747,""final_simulated_energy"":0.36327187516713433,""food"":0.07616114725315118,""inference_mean_ms"":115.89084215927869,""inference_wall_seconds"":8.691813161945902,""motor_energy_demand"":0.024808698459440687,""reaction_seconds"":null,""recovery_seconds"":null,""simulation_seconds"":1.5}]",0.07616114725315118,0,0.024808698459440687,0.6238388527468504,0.0,not_applicable,stress,visual_noise,190011,connectome,"[""connectome""]",75,aa4b3cee902019b16faa0c35609e9e3aa006dbc0e2621dfb08ceab6de62fa6fb,stress--connectome--visual_noise--190011.npz,f1c0a60a6cce36f871a8cfa7353c2fd8827efb9a36305eb8997570e3d89d1d53
completed,,75,11.109550249995664,1.5,461635584,"[{""baseline_escape_drive"":null,""collision_substeps"":0,""escape_drive_integral"":1.4776177831845525,""final_simulated_energy"":0.3581491980284467,""food"":0.06526261114235422,""inference_mean_ms"":140.11191602796316,""inference_wall_seconds"":10.508393702097237,""motor_energy_demand"":0.02448210754272976,""reaction_seconds"":null,""recovery_seconds"":null,""simulation_seconds"":1.5}]",0.06526261114235422,0,0.02448210754272976,0.6347373888576466,0.0,not_applicable,stress,visual_noise,190012,connectome,"[""connectome""]",75,aa4b3cee902019b16faa0c35609e9e3aa006dbc0e2621dfb08ceab6de62fa6fb,stress--connectome--visual_noise--190012.npz,d4bb0ec245c4ec5d08656564ad9e3d53cfb360f9c5f999ff59acf5b89063cb68
completed,,75,12.751617458008695,1.5,461815808,"[{""baseline_escape_drive"":null,""collision_substeps"":0,""escape_drive_integral"":1.4910599608464299,""final_simulated_energy"":0.3703519397413516,""food"":0.09002751671516869,""inference_mean_ms"":160.20319329147847,""inference_wall_seconds"":12.015239496860886,""motor_energy_demand"":0.024661818616232054,""reaction_seconds"":null,""recovery_seconds"":null,""simulation_seconds"":1.5}]",0.09002751671516869,0,0.024661818616232054,0.6099724832848326,0.0,not_applicable,stress,visual_noise,190013,connectome,"[""connectome""]",75,aa4b3cee902019b16faa0c35609e9e3aa006dbc0e2621dfb08ceab6de62fa6fb,stress--connectome--visual_noise--190013.npz,cd19cda2b74e100beebfd27daf149504224e783105cb899defc63aed828b79cd
completed,,75,12.785760209022556,1.5,461799424,"[{""baseline_escape_drive"":null,""collision_substeps"":0,""escape_drive_integral"":1.4804889519071986,""final_simulated_energy"":0.36920426419206986,""food"":0.08771800434851335,""inference_mean_ms"":161.50455054477789,""inference_wall_seconds"":12.112841290858341,""motor_energy_demand"":0.024654737982186075,""reaction_seconds"":null,""recovery_seconds"":null,""simulation_seconds"":1.5}]",0.08771800434851335,0,0.024654737982186075,0.612281995651488,0.0,not_applicable,stress,visual_noise,190014,connectome,"[""connectome""]",75,aa4b3cee902019b16faa0c35609e9e3aa006dbc0e2621dfb08ceab6de62fa6fb,stress--connectome--visual_noise--190014.npz,de43ae7c62e0879877c9b01661b7df1459a2046d5f9f9943457492d5b594e375
completed,,75,10.635921749984846,1.5,461520896,"[{""baseline_escape_drive"":null,""collision_substeps"":0,""escape_drive_integral"":1.4809479022051444,""final_simulated_energy"":0.36860758052002085,""food"":0.08633963039656783,""inference_mean_ms"":133.87837226619013,""inference_wall_seconds"":10.04087791996426,""motor_energy_demand"":0.024562234678262615,""reaction_seconds"":null,""recovery_seconds"":null,""simulation_seconds"":1.5}]",0.08633963039656783,0,0.024562234678262615,0.6136603696034335,0.0,not_applicable,stress,visual_noise,190015,connectome,"[""connectome""]",75,aa4b3cee902019b16faa0c35609e9e3aa006dbc0e2621dfb08ceab6de62fa6fb,stress--connectome--visual_noise--190015.npz,19d20e23667e80a5b1b75377debd9f72c8d54147c3f83d4b03461ac8c460221b
completed,,75,7.21412550000241,1.5,461537280,"[{""baseline_escape_drive"":null,""collision_substeps"":0,""escape_drive_integral"":1.475205564759852,""final_simulated_energy"":0.3663941295114044,""food"":0.08157776295706565,""inference_mean_ms"":91.25622718750188,""inference_wall_seconds"":6.844217039062642,""motor_energy_demand"":0.02439475196712827,""reaction_seconds"":null,""recovery_seconds"":null,""simulation_seconds"":1.5}]",0.08157776295706565,0,0.02439475196712827,0.6184222370429358,0.0,not_applicable,stress,visual_noise,190016,connectome,"[""connectome""]",75,aa4b3cee902019b16faa0c35609e9e3aa006dbc0e2621dfb08ceab6de62fa6fb,stress--connectome--visual_noise--190016.npz,1f5caa1c03afb64816335e16c4dfbfd55a5a0198f3b05187c288f96e620b7f55
completed,,75,6.8878520840080455,1.5,461537280,"[{""baseline_escape_drive"":null,""collision_substeps"":0,""escape_drive_integral"":1.4841756055226754,""final_simulated_energy"":0.3674737036013914,""food"":0.08391735258357677,""inference_mean_ms"":87.156493292811,""inference_wall_seconds"":6.536736996960826,""motor_energy_demand"":0.024484972690396897,""reaction_seconds"":null,""recovery_seconds"":null,""simulation_seconds"":1.5}]",0.08391735258357677,0,0.024484972690396897,0.6160826474164243,0.0,not_applicable,stress,visual_noise,190017,connectome,"[""connectome""]",75,aa4b3cee902019b16faa0c35609e9e3aa006dbc0e2621dfb08ceab6de62fa6fb,stress--connectome--visual_noise--190017.npz,25df2326d4f792910abee883d084c531d5e042b27e6946437eb65636ace66908
completed,,75,6.7352316660108045,1.5,461537280,"[{""baseline_escape_drive"":null,""collision_substeps"":0,""escape_drive_integral"":1.489741792992794,""final_simulated_energy"":0.37438321442129974,""food"":0.09792492730755067,""inference_mean_ms"":85.15928226678322,""inference_wall_seconds"":6.386946170008741,""motor_energy_demand"":0.024579249232474315,""reaction_seconds"":null,""recovery_seconds"":null,""simulation_seconds"":1.5}]",0.09792492730755067,0,0.024579249232474315,0.6020750726924509,0.0,not_applicable,stress,visual_noise,190018,connectome,"[""connectome""]",75,aa4b3cee902019b16faa0c35609e9e3aa006dbc0e2621dfb08ceab6de62fa6fb,stress--connectome--visual_noise--190018.npz,d2ae5bc9c14f1d75f27097b8e2f9629ca0b7184c1f0b2bb982120014a231e496
completed,,75,5.574146250000922,1.5,455213056,"[{""baseline_escape_drive"":null,""collision_substeps"":0,""escape_drive_integral"":1.4841756055226754,""final_simulated_energy"":0.36900942060260256,""food"":0.08718305401197494,""inference_mean_ms"":70.57872547962083,""inference_wall_seconds"":5.2934044109715614,""motor_energy_demand"":0.02458210640338422,""reaction_seconds"":null,""recovery_seconds"":null,""simulation_seconds"":1.5}]",0.08718305401197494,0,0.02458210640338422,0.6128169459880266,0.0,not_applicable,stress,visual_noise,190019,connectome,"[""connectome""]",75,aa4b3cee902019b16faa0c35609e9e3aa006dbc0e2621dfb08ceab6de62fa6fb,stress--connectome--visual_noise--190019.npz,ac69acb75f537cc09b751a22c9dd632c5ff4d6bf34b14a23afc4f1cd905d48c6
completed,,75,5.120293124986347,1.5,455360512,"[{""baseline_escape_drive"":null,""collision_substeps"":0,""escape_drive_integral"":1.4804889519071986,""final_simulated_energy"":0.37094821715269594,""food"":0.09098970073911257,""inference_mean_ms"":64.77371222727622,""inference_wall_seconds"":4.858028417045716,""motor_energy_demand"":0.02454663321685953,""reaction_seconds"":null,""recovery_seconds"":null,""simulation_seconds"":1.5}]",0.09098970073911257,0,0.02454663321685953,0.6090102992608891,0.0,not_applicable,stress,visual_noise,190020,connectome,"[""connectome""]",75,aa4b3cee902019b16faa0c35609e9e3aa006dbc0e2621dfb08ceab6de62fa6fb,stress--connectome--visual_noise--190020.npz,36c63cc4f6594913a4d0851780ba2db2bf3fc471e5b23602db3cc0449b5b0552
completed,,75,5.038649791007629,1.5,455360512,"[{""baseline_escape_drive"":null,""collision_substeps"":0,""escape_drive_integral"":1.4804889519071986,""final_simulated_energy"":0.3586923623677134,""food"":0.06662823417807584,""inference_mean_ms"":63.79179501285155,""inference_wall_seconds"":4.784384625963867,""motor_energy_demand"":0.024621754721323604,""reaction_seconds"":null,""recovery_seconds"":null,""simulation_seconds"":1.5}]",0.06662823417807584,0,0.024621754721323604,0.6333717658219249,0.0,not_applicable,stress,visual_noise,190021,connectome,"[""connectome""]",75,aa4b3cee902019b16faa0c35609e9e3aa006dbc0e2621dfb08ceab6de62fa6fb,stress--connectome--visual_noise--190021.npz,c5ecf3d12c6bfe00ff7400976806dcf5f3c66eec504166dde4b0c3df61fc59e3
completed,,75,4.976631041994551,1.5,455360512,"[{""baseline_escape_drive"":null,""collision_substeps"":0,""escape_drive_integral"":1.4804889519071986,""final_simulated_energy"":0.3670044534883968,""food"":0.08302704470631819,""inference_mean_ms"":63.01806947837272,""inference_wall_seconds"":4.726355210877955,""motor_energy_demand"":0.024509068864761483,""reaction_seconds"":null,""recovery_seconds"":null,""simulation_seconds"":1.5}]",0.08302704470631819,0,0.024509068864761483,0.616972955293683,0.0,not_applicable,stress,visual_noise,190022,connectome,"[""connectome""]",75,aa4b3cee902019b16faa0c35609e9e3aa006dbc0e2621dfb08ceab6de62fa6fb,stress--connectome--visual_noise--190022.npz,8bfc4531bf66eb7a9d671860e44b0cfbfea7027c33d3101eb34a21fead301c37
completed,,75,4.914231875009136,1.5,455426048,"[{""baseline_escape_drive"":null,""collision_substeps"":0,""escape_drive_integral"":1.4873733072309532,""final_simulated_energy"":0.37045228713977585,""food"":0.09003537266772742,""inference_mean_ms"":62.2116916133867,""inference_wall_seconds"":4.665876871004002,""motor_energy_demand"":0.024565399194086977,""reaction_seconds"":null,""recovery_seconds"":null,""simulation_seconds"":1.5}]",0.09003537266772742,0,0.024565399194086977,0.6099646273322741,0.0,not_applicable,stress,visual_noise,190023,connectome,"[""connectome""]",75,aa4b3cee902019b16faa0c35609e9e3aa006dbc0e2621dfb08ceab6de62fa6fb,stress--connectome--visual_noise--190023.npz,1efc22c469ef4e8937428000321e2191b3e7114915ca682e68ac84da633356f5
completed,,75,4.987980875011999,1.5,455426048,"[{""baseline_escape_drive"":null,""collision_substeps"":0,""escape_drive_integral"":1.4873733072309532,""final_simulated_energy"":0.3609343954218702,""food"":0.07072601966478279,""inference_mean_ms"":63.11634606681764,""inference_wall_seconds"":4.733725955011323,""motor_energy_demand"":0.024428614410521115,""reaction_seconds"":null,""recovery_seconds"":null,""simulation_seconds"":1.5}]",0.07072601966478279,0,0.024428614410521115,0.6292739803352174,0.0,not_applicable,stress,visual_noise,190024,connectome,"[""connectome""]",75,aa4b3cee902019b16faa0c35609e9e3aa006dbc0e2621dfb08ceab6de62fa6fb,stress--connectome--visual_noise--190024.npz,0984975c53e0899c56a6292c50d58af62e0794be242ca21e3c5d194352312c3c
completed,,75,4.82258095900761,1.5,455442432,"[{""baseline_escape_drive"":null,""collision_substeps"":0,""escape_drive_integral"":1.4813044368000292,""final_simulated_energy"":0.3534637840589181,""food"":0.0562736166617048,""inference_mean_ms"":61.01047061344919,""inference_wall_seconds"":4.575785296008689,""motor_energy_demand"":0.024673024271933814,""reaction_seconds"":null,""recovery_seconds"":null,""simulation_seconds"":1.5}]",0.0562736166617048,0,0.024673024271933814,0.6437263833382958,0.0,not_applicable,stress,visual_noise,190025,connectome,"[""connectome""]",75,aa4b3cee902019b16faa0c35609e9e3aa006dbc0e2621dfb08ceab6de62fa6fb,stress--connectome--visual_noise--190025.npz,e4d6a143ba411995c6474e0dc7c223b3b468c075d836b596d77ac3a81531f1a9
completed,,75,4.81427720800275,1.5,455507968,"[{""baseline_escape_drive"":null,""collision_substeps"":0,""escape_drive_integral"":1.4817633870979747,""final_simulated_energy"":0.3645075152469258,""food"":0.07838608144335081,""inference_mean_ms"":60.923846650014944,""inference_wall_seconds"":4.569288498751121,""motor_energy_demand"":0.02468552547474832,""reaction_seconds"":null,""recovery_seconds"":null,""simulation_seconds"":1.5}]",0.07838608144335081,0,0.02468552547474832,0.6216139185566507,0.0,not_applicable,stress,visual_noise,190026,connectome,"[""connectome""]",75,aa4b3cee902019b16faa0c35609e9e3aa006dbc0e2621dfb08ceab6de62fa6fb,stress--connectome--visual_noise--190026.npz,23652327aa5b5c8ad5d027a3e7f2f9ba2c55be694064d08ebf812ea9c36d3d30
completed,,75,4.836713665979914,1.5,455573504,"[{""baseline_escape_drive"":null,""collision_substeps"":0,""escape_drive_integral"":1.4841756055226754,""final_simulated_energy"":0.355909733629302,""food"":0.060841709078683436,""inference_mean_ms"":61.18767386768013,""inference_wall_seconds"":4.58907554007601,""motor_energy_demand"":0.02451112091003883,""reaction_seconds"":null,""recovery_seconds"":null,""simulation_seconds"":1.5}]",0.060841709078683436,0,0.02451112091003883,0.6391582909213176,0.0,not_applicable,stress,visual_noise,190027,connectome,"[""connectome""]",75,aa4b3cee902019b16faa0c35609e9e3aa006dbc0e2621dfb08ceab6de62fa6fb,stress--connectome--visual_noise--190027.npz,2cf259c13d076611aa26cbe91553d1908083802938136bc3230943078b8b93fc
completed,,75,5.263567374990089,1.5,455589888,"[{""baseline_escape_drive"":null,""collision_substeps"":0,""escape_drive_integral"":1.4841756055226754,""final_simulated_energy"":0.36843928834909034,""food"":0.08593869698779714,""inference_mean_ms"":66.62178383984914,""inference_wall_seconds"":4.996633787988685,""motor_energy_demand"":0.02453006014480698,""reaction_seconds"":null,""recovery_seconds"":null,""simulation_seconds"":1.5}]",0.08593869698779714,0,0.02453006014480698,0.6140613030122046,0.0,not_applicable,stress,visual_noise,190028,connectome,"[""connectome""]",75,aa4b3cee902019b16faa0c35609e9e3aa006dbc0e2621dfb08ceab6de62fa6fb,stress--connectome--visual_noise--190028.npz,8618b907d1757404690e5f2b32c9e03d2b3b245da9fb1e3a681066c5ed32ce55
completed,,75,4.94882704099291,1.5,455720960,"[{""baseline_escape_drive"":null,""collision_substeps"":0,""escape_drive_integral"":1.4841756055226754,""final_simulated_energy"":0.3715662028758946,""food"":0.09211164519360739,""inference_mean_ms"":62.62543215998448,""inference_wall_seconds"":4.696907411998836,""motor_energy_demand"":0.024489619720907598,""reaction_seconds"":null,""recovery_seconds"":null,""simulation_seconds"":1.5}]",0.09211164519360739,0,0.024489619720907598,0.6078883548063942,0.0,not_applicable,stress,visual_noise,190029,connectome,"[""connectome""]",75,aa4b3cee902019b16faa0c35609e9e3aa006dbc0e2621dfb08ceab6de62fa6fb,stress--connectome--visual_noise--190029.npz,301f824626e4b63304e5298af12c93dd70c48109c374892b88066bc6fd4db458
completed,,75,4.942949124990264,1.5,455753728,"[{""baseline_escape_drive"":null,""collision_substeps"":0,""escape_drive_integral"":1.4907334278607982,""final_simulated_energy"":0.36339871962331916,""food"":0.07623707577464693,""inference_mean_ms"":62.535149492711454,""inference_wall_seconds"":4.690136211953359,""motor_energy_demand"":0.024719818264004254,""reaction_seconds"":null,""recovery_seconds"":null,""simulation_seconds"":1.5}]",0.07623707577464693,0,0.024719818264004254,0.6237629242253535,0.0,not_applicable,stress,visual_noise,190030,connectome,"[""connectome""]",75,aa4b3cee902019b16faa0c35609e9e3aa006dbc0e2621dfb08ceab6de62fa6fb,stress--connectome--visual_noise--190030.npz,470c94df722386721c97fd36c543a9f990f3856df1c6b9c2e97798172e4ff6ba
completed,,75,0.2436898750020191,1.5,460374016,"[{""baseline_escape_drive"":null,""collision_substeps"":0,""escape_drive_integral"":0.08705028586089611,""final_simulated_energy"":0.3447975357978791,""food"":0.0,""inference_mean_ms"":0.21036168172334632,""inference_wall_seconds"":0.015777126129250973,""motor_energy_demand"":0.005202464202120899,""reaction_seconds"":null,""recovery_seconds"":null,""simulation_seconds"":1.5}]",0.0,0,0.005202464202120899,0.7,0.0,not_applicable,stress,clean,190001,feedforward-101,"[""feedforward-101""]",75,aa4b3cee902019b16faa0c35609e9e3aa006dbc0e2621dfb08ceab6de62fa6fb,stress--feedforward-101--clean--190001.npz,bf86fbf7101deaebb21ded11db7412258c807eef8a8621c5c8e8b7c9fe08a56c
completed,,75,0.23035679099848494,1.5,460390400,"[{""baseline_escape_drive"":null,""collision_substeps"":0,""escape_drive_integral"":0.08630795866250993,""final_simulated_energy"":0.34480320503890527,""food"":0.0,""inference_mean_ms"":0.18024055869318545,""inference_wall_seconds"":0.013518041901988909,""motor_energy_demand"":0.005196794961094858,""reaction_seconds"":null,""recovery_seconds"":null,""simulation_seconds"":1.5}]",0.0,0,0.005196794961094858,0.7,0.0,not_applicable,stress,clean,190002,feedforward-101,"[""feedforward-101""]",75,aa4b3cee902019b16faa0c35609e9e3aa006dbc0e2621dfb08ceab6de62fa6fb,stress--feedforward-101--clean--190002.npz,7217f322b83c776008024bb528195d76ccbde1908047a2267eefdbf180013184
completed,,75,0.22518504201434553,1.5,460439552,"[{""baseline_escape_drive"":null,""collision_substeps"":0,""escape_drive_integral"":0.08708586014807225,""final_simulated_energy"":0.34477609148181965,""food"":0.0,""inference_mean_ms"":0.17864337268595895,""inference_wall_seconds"":0.01339825295144692,""motor_energy_demand"":0.005223908518180252,""reaction_seconds"":null,""recovery_seconds"":null,""simulation_seconds"":1.5}]",0.0,0,0.005223908518180252,0.7,0.0,not_applicable,stress,clean,190003,feedforward-101,"[""feedforward-101""]",75,aa4b3cee902019b16faa0c35609e9e3aa006dbc0e2621dfb08ceab6de62fa6fb,stress--feedforward-101--clean--190003.npz,b27cf43bf465287394d715d18130450da92fd933c149ee4361587216272c0ad7
completed,,75,0.24923700001090765,1.5,460472320,"[{""baseline_escape_drive"":null,""collision_substeps"":0,""escape_drive_integral"":0.08678354665637017,""final_simulated_energy"":0.34478946531012666,""food"":0.0,""inference_mean_ms"":0.2172238666874667,""inference_wall_seconds"":0.016291790001560003,""motor_energy_demand"":0.005210534689873457,""reaction_seconds"":null,""recovery_seconds"":null,""simulation_seconds"":1.5}]",0.0,0,0.005210534689873457,0.7,0.0,not_applicable,stress,clean,190004,feedforward-101,"[""feedforward-101""]",75,aa4b3cee902019b16faa0c35609e9e3aa006dbc0e2621dfb08ceab6de62fa6fb,stress--feedforward-101--clean--190004.npz,71bb5f933933fda96423821546d23f529ce91673012237d17a947cd5ffd1ccb5
completed,,75,0.23956483299843967,1.5,460472320,"[{""baseline_escape_drive"":null,""collision_substeps"":0,""escape_drive_integral"":0.08724895015358924,""final_simulated_energy"":0.34479274680957217,""food"":0.0,""inference_mean_ms"":0.19674665643833578,""inference_wall_seconds"":0.014755999232875183,""motor_energy_demand"":0.005207253190428019,""reaction_seconds"":null,""recovery_seconds"":null,""simulation_seconds"":1.5}]",0.0,0,0.005207253190428019,0.7,0.0,not_applicable,stress,clean,190005,feedforward-101,"[""feedforward-101""]",75,aa4b3cee902019b16faa0c35609e9e3aa006dbc0e2621dfb08ceab6de62fa6fb,stress--feedforward-101--clean--190005.npz,6e3718a75d5bd9e30092fd9dc2a1ec57feb8e3bf679fe5d3930965f3d737d6ad
completed,,75,0.23036941699683666,1.5,460472320,"[{""baseline_escape_drive"":null,""collision_substeps"":0,""escape_drive_integral"":0.08685924805700779,""final_simulated_energy"":0.3448050963345912,""food"":0.0,""inference_mean_ms"":0.18499614476847154,""inference_wall_seconds"":0.013874710857635364,""motor_energy_demand"":0.005194903665408493,""reaction_seconds"":null,""recovery_seconds"":null,""simulation_seconds"":1.5}]",0.0,0,0.005194903665408493,0.7,0.0,not_applicable,stress,clean,190006,feedforward-101,"[""feedforward-101""]",75,aa4b3cee902019b16faa0c35609e9e3aa006dbc0e2621dfb08ceab6de62fa6fb,stress--feedforward-101--clean--190006.npz,c5b2551ece879f239f10a430301821089429f256ed62f349ff305e10a259088e
completed,,75,0.22409866700763814,1.5,460488704,"[{""baseline_escape_drive"":null,""collision_substeps"":0,""escape_drive_integral"":0.08735511921346188,""final_simulated_energy"":0.34478236832581477,""food"":0.0,""inference_mean_ms"":0.17495449205550054,""inference_wall_seconds"":0.013121586904162541,""motor_energy_demand"":0.005217631674185395,""reaction_seconds"":null,""recovery_seconds"":null,""simulation_seconds"":1.5}]",0.0,0,0.005217631674185395,0.7,0.0,not_applicable,stress,clean,190007,feedforward-101,"[""feedforward-101""]",75,aa4b3cee902019b16faa0c35609e9e3aa006dbc0e2621dfb08ceab6de62fa6fb,stress--feedforward-101--clean--190007.npz,25268040182a46786de16ac1aa9fa880a16441524b70ea73415a05faf1281df4
completed,,75,0.23660070900223218,1.5,460505088,"[{""baseline_escape_drive"":null,""collision_substeps"":0,""escape_drive_integral"":0.08722984872758388,""final_simulated_energy"":0.3447825067319725,""food"":0.0,""inference_mean_ms"":0.191251616148899,""inference_wall_seconds"":0.014343871211167425,""motor_energy_demand"":0.005217493268027902,""reaction_seconds"":null,""recovery_seconds"":null,""simulation_seconds"":1.5}]",0.0,0,0.005217493268027902,0.7,0.0,not_applicable,stress,clean,190008,feedforward-101,"[""feedforward-101""]",75,aa4b3cee902019b16faa0c35609e9e3aa006dbc0e2621dfb08ceab6de62fa6fb,stress--feedforward-101--clean--190008.npz,0a80e5250cfd725a061c66a2f04dbf77984d8d1528a0ac5e1aea8fa67cda47ce
completed,,75,0.24405870799091645,1.5,460505088,"[{""baseline_escape_drive"":null,""collision_substeps"":0,""escape_drive_integral"":0.028432927001267674,""final_simulated_energy"":0.4996455433749587,""food"":0.30660430848598486,""inference_mean_ms"":0.198800479217122,""inference_wall_seconds"":0.01491003594128415,""motor_energy_demand"":0.003656610868033021,""reaction_seconds"":null,""recovery_seconds"":null,""simulation_seconds"":1.5}]",0.30660430848598486,0,0.003656610868033021,0.39339569151401566,0.0,not_applicable,stress,clean,190009,feedforward-101,"[""feedforward-101""]",75,aa4b3cee902019b16faa0c35609e9e3aa006dbc0e2621dfb08ceab6de62fa6fb,stress--feedforward-101--clean--190009.npz,9dbaed92946d014c1532e706f85dd06ed7e88c3a7b4112227d624ce971b0f16b
completed,,75,0.23464120901189744,1.5,449986560,"[{""baseline_escape_drive"":null,""collision_substeps"":0,""escape_drive_integral"":0.08735915876924992,""final_simulated_energy"":0.3447655978433043,""food"":0.0,""inference_mean_ms"":0.1793616424159457,""inference_wall_seconds"":0.01345212318119593,""motor_energy_demand"":0.005234402156695723,""reaction_seconds"":null,""recovery_seconds"":null,""simulation_seconds"":1.5}]",0.0,0,0.005234402156695723,0.7,0.0,not_applicable,stress,clean,190010,feedforward-101,"[""feedforward-101""]",75,aa4b3cee902019b16faa0c35609e9e3aa006dbc0e2621dfb08ceab6de62fa6fb,stress--feedforward-101--clean--190010.npz,b5e604e2faf167ae0e33b131127f83da2aae6885ba81ae87f641828c7bd9dbb6
completed,,75,0.22398812501342036,1.5,449986560,"[{""baseline_escape_drive"":null,""collision_substeps"":0,""escape_drive_integral"":0.08671799346804619,""final_simulated_energy"":0.34480595377698553,""food"":0.0,""inference_mean_ms"":0.17387842565464476,""inference_wall_seconds"":0.013040881924098358,""motor_energy_demand"":0.005194046223014592,""reaction_seconds"":null,""recovery_seconds"":null,""simulation_seconds"":1.5}]",0.0,0,0.005194046223014592,0.7,0.0,not_applicable,stress,clean,190011,feedforward-101,"[""feedforward-101""]",75,aa4b3cee902019b16faa0c35609e9e3aa006dbc0e2621dfb08ceab6de62fa6fb,stress--feedforward-101--clean--190011.npz,6180fd347773a5f455a9a04d95e7dd8a276e3d86595be8131e2a420e9a8d15bd
completed,,75,0.2321585000026971,1.5,449986560,"[{""baseline_escape_drive"":null,""collision_substeps"":0,""escape_drive_integral"":0.08677410170435905,""final_simulated_energy"":0.34479719208881277,""food"":0.0,""inference_mean_ms"":0.1891172134007017,""inference_wall_seconds"":0.014183791005052626,""motor_energy_demand"":0.0052028079111874105,""reaction_seconds"":null,""recovery_seconds"":null,""simulation_seconds"":1.5}]",0.0,0,0.0052028079111874105,0.7,0.0,not_applicable,stress,clean,190012,feedforward-101,"[""feedforward-101""]",75,aa4b3cee902019b16faa0c35609e9e3aa006dbc0e2621dfb08ceab6de62fa6fb,stress--feedforward-101--clean--190012.npz,500d838ccf6395d6303bac87eb9e13379a9a286f4e861dd3448cbe4a328caef7
completed,,75,0.24024616600945592,1.5,450052096,"[{""baseline_escape_drive"":null,""collision_substeps"":0,""escape_drive_integral"":0.08635713651776314,""final_simulated_energy"":0.3448200963614886,""food"":0.0,""inference_mean_ms"":0.1927727476383249,""inference_wall_seconds"":0.014457956072874367,""motor_energy_demand"":0.005179903638511896,""reaction_seconds"":null,""recovery_seconds"":null,""simulation_seconds"":1.5}]",0.0,0,0.005179903638511896,0.7,0.0,not_applicable,stress,clean,190013,feedforward-101,"[""feedforward-101""]",75,aa4b3cee902019b16faa0c35609e9e3aa006dbc0e2621dfb08ceab6de62fa6fb,stress--feedforward-101--clean--190013.npz,410daf3da3ca94fe99259564b3c7cc9bd41defa7105eb8537c719e87e592242c
completed,,75,0.22655991700594313,1.5,450052096,"[{""baseline_escape_drive"":null,""collision_substeps"":0,""escape_drive_integral"":0.08632605314254761,""final_simulated_energy"":0.34480642716318344,""food"":0.0,""inference_mean_ms"":0.1770516267667214,""inference_wall_seconds"":0.013278872007504106,""motor_energy_demand"":0.005193572836816311,""reaction_seconds"":null,""recovery_seconds"":null,""simulation_seconds"":1.5}]",0.0,0,0.005193572836816311,0.7,0.0,not_applicable,stress,clean,190014,feedforward-101,"[""feedforward-101""]",75,aa4b3cee902019b16faa0c35609e9e3aa006dbc0e2621dfb08ceab6de62fa6fb,stress--feedforward-101--clean--190014.npz,09457befa8de13c548ac2141ac2a733ae7fa21b8cb4d624f8bebd846e6b3670d
completed,,75,0.22719900001538917,1.5,450084864,"[{""baseline_escape_drive"":null,""collision_substeps"":0,""escape_drive_integral"":0.032050364501774314,""final_simulated_energy"":0.48961846431072786,""food"":0.28673136353492723,""inference_mean_ms"":0.17558216388958195,""inference_wall_seconds"":0.013168662291718647,""motor_energy_demand"":0.003747217456735671,""reaction_seconds"":null,""recovery_seconds"":null,""simulation_seconds"":1.5}]",0.28673136353492723,0,0.003747217456735671,0.41326863646507317,0.0,not_applicable,stress,clean,190015,feedforward-101,"[""feedforward-101""]",75,aa4b3cee902019b16faa0c35609e9e3aa006dbc0e2621dfb08ceab6de62fa6fb,stress--feedforward-101--clean--190015.npz,73217c4849a9dab23b944f401e0f2c13b5fad95e687bff24f2f2f124c4697a34
completed,,75,0.23004658301942982,1.5,450101248,"[{""baseline_escape_drive"":null,""collision_substeps"":0,""escape_drive_integral"":0.08705073140561581,""final_simulated_energy"":0.3447796271830049,""food"":0.0,""inference_mean_ms"":0.18579389356697598,""inference_wall_seconds"":0.0139345420175232,""motor_energy_demand"":0.005220372816994788,""reaction_seconds"":null,""recovery_seconds"":null,""simulation_seconds"":1.5}]",0.0,0,0.005220372816994788,0.7,0.0,not_applicable,stress,clean,190016,feedforward-101,"[""feedforward-101""]",75,aa4b3cee902019b16faa0c35609e9e3aa006dbc0e2621dfb08ceab6de62fa6fb,stress--feedforward-101--clean--190016.npz,3a7f3f1998d6eb6b886b8eb93353f2d18554b74941604e904a702baecc8cec2d
completed,,75,0.24750470800790936,1.5,450101248,"[{""baseline_escape_drive"":null,""collision_substeps"":0,""escape_drive_integral"":0.08725761525332928,""final_simulated_energy"":0.3447837726380676,""food"":0.0,""inference_mean_ms"":0.1970000530127436,""inference_wall_seconds"":0.01477500397595577,""motor_energy_demand"":0.005216227361932397,""reaction_seconds"":null,""recovery_seconds"":null,""simulation_seconds"":1.5}]",0.0,0,0.005216227361932397,0.7,0.0,not_applicable,stress,clean,190017,feedforward-101,"[""feedforward-101""]",75,aa4b3cee902019b16faa0c35609e9e3aa006dbc0e2621dfb08ceab6de62fa6fb,stress--feedforward-101--clean--190017.npz,52cfa3f8139bc3b6e5ae5dcd8c6614dd4b7b142a1848d16f9c4ecd06645dd861
completed,,75,0.22920033300761133,1.5,450117632,"[{""baseline_escape_drive"":null,""collision_substeps"":0,""escape_drive_integral"":0.08715170279145242,""final_simulated_energy"":0.3447748019279544,""food"":0.0,""inference_mean_ms"":0.18512002774514258,""inference_wall_seconds"":0.013884002080885693,""motor_energy_demand"":0.005225198072046041,""reaction_seconds"":null,""recovery_seconds"":null,""simulation_seconds"":1.5}]",0.0,0,0.005225198072046041,0.7,0.0,not_applicable,stress,clean,190018,feedforward-101,"[""feedforward-101""]",75,aa4b3cee902019b16faa0c35609e9e3aa006dbc0e2621dfb08ceab6de62fa6fb,stress--feedforward-101--clean--190018.npz,f4b0d46f37da68862d873f6b42614c530a412d324030f785699ce85422d23c80
completed,,75,0.22923570798593573,1.5,450134016,"[{""baseline_escape_drive"":null,""collision_substeps"":0,""escape_drive_integral"":0.08736283846199512,""final_simulated_energy"":0.34478321529127676,""food"":0.0,""inference_mean_ms"":0.1804505727098634,""inference_wall_seconds"":0.013533792953239754,""motor_energy_demand"":0.005216784708723427,""reaction_seconds"":null,""recovery_seconds"":null,""simulation_seconds"":1.5}]",0.0,0,0.005216784708723427,0.7,0.0,not_applicable,stress,clean,190019,feedforward-101,"[""feedforward-101""]",75,aa4b3cee902019b16faa0c35609e9e3aa006dbc0e2621dfb08ceab6de62fa6fb,stress--feedforward-101--clean--190019.npz,eb0fe727969976dab2b61a78abc253d82e08833818128f5f970c8b345989ede2
completed,,75,0.23074491700390354,1.5,450134016,"[{""baseline_escape_drive"":null,""collision_substeps"":0,""escape_drive_integral"":0.08696319364011287,""final_simulated_energy"":0.34480644509814684,""food"":0.0,""inference_mean_ms"":0.18418440284828347,""inference_wall_seconds"":0.013813830213621259,""motor_energy_demand"":0.005193554901853204,""reaction_seconds"":null,""recovery_seconds"":null,""simulation_seconds"":1.5}]",0.0,0,0.005193554901853204,0.7,0.0,not_applicable,stress,clean,190020,feedforward-101,"[""feedforward-101""]",75,aa4b3cee902019b16faa0c35609e9e3aa006dbc0e2621dfb08ceab6de62fa6fb,stress--feedforward-101--clean--190020.npz,eb2eed292129048544b20be50db6c5b58362383b18946a21655ce407a47db668
completed,,75,0.2461191250185948,1.5,450134016,"[{""baseline_escape_drive"":null,""collision_substeps"":0,""escape_drive_integral"":0.08667949981987476,""final_simulated_energy"":0.3447896189377462,""food"":0.0,""inference_mean_ms"":0.20031606778502464,""inference_wall_seconds"":0.015023705083876848,""motor_energy_demand"":0.00521038106225431,""reaction_seconds"":null,""recovery_seconds"":null,""simulation_seconds"":1.5}]",0.0,0,0.00521038106225431,0.7,0.0,not_applicable,stress,clean,190021,feedforward-101,"[""feedforward-101""]",75,aa4b3cee902019b16faa0c35609e9e3aa006dbc0e2621dfb08ceab6de62fa6fb,stress--feedforward-101--clean--190021.npz,4305caad17560bd95a5a872cfed3a2f94926b4a9a38f5e8aef2c6875a4024280
completed,,75,0.22638004197506234,1.5,450134016,"[{""baseline_escape_drive"":null,""collision_substeps"":0,""escape_drive_integral"":0.08690306879580022,""final_simulated_energy"":0.3447994834385064,""food"":0.0,""inference_mean_ms"":0.17476722714491189,""inference_wall_seconds"":0.013107542035868391,""motor_energy_demand"":0.005200516561493278,""reaction_seconds"":null,""recovery_seconds"":null,""simulation_seconds"":1.5}]",0.0,0,0.005200516561493278,0.7,0.0,not_applicable,stress,clean,190022,feedforward-101,"[""feedforward-101""]",75,aa4b3cee902019b16faa0c35609e9e3aa006dbc0e2621dfb08ceab6de62fa6fb,stress--feedforward-101--clean--190022.npz,ec95fd79135090fdad65da86237d86f522c66ceb54003613593c968f234557e0
completed,,75,0.22720566697535105,1.5,450134016,"[{""baseline_escape_drive"":null,""collision_substeps"":0,""escape_drive_integral"":0.0867803705483675,""final_simulated_energy"":0.3448134192571789,""food"":0.0,""inference_mean_ms"":0.17496222474922737,""inference_wall_seconds"":0.013122166856192052,""motor_energy_demand"":0.005186580742821098,""reaction_seconds"":null,""recovery_seconds"":null,""simulation_seconds"":1.5}]",0.0,0,0.005186580742821098,0.7,0.0,not_applicable,stress,clean,190023,feedforward-101,"[""feedforward-101""]",75,aa4b3cee902019b16faa0c35609e9e3aa006dbc0e2621dfb08ceab6de62fa6fb,stress--feedforward-101--clean--190023.npz,5967c39e45767b33c6445163bbc769229f894e7755e93ad4db45ce8736bf521e
completed,,75,0.23320487499586307,1.5,450134016,"[{""baseline_escape_drive"":null,""collision_substeps"":0,""escape_drive_integral"":0.08674000047147275,""final_simulated_energy"":0.3447905710899084,""food"":0.0,""inference_mean_ms"":0.18456447985954583,""inference_wall_seconds"":0.013842335989465937,""motor_energy_demand"":0.005209428910091519,""reaction_seconds"":null,""recovery_seconds"":null,""simulation_seconds"":1.5}]",0.0,0,0.005209428910091519,0.7,0.0,not_applicable,stress,clean,190024,feedforward-101,"[""feedforward-101""]",75,aa4b3cee902019b16faa0c35609e9e3aa006dbc0e2621dfb08ceab6de62fa6fb,stress--feedforward-101--clean--190024.npz,08be29ae0c94ff52030f5b7abe9a9e8083883a8ba6111ed9fe6ef35ee4e3d131
completed,,75,0.24402425001608208,1.5,450150400,"[{""baseline_escape_drive"":null,""collision_substeps"":0,""escape_drive_integral"":0.08685471467673779,""final_simulated_energy"":0.3448038985856624,""food"":0.0,""inference_mean_ms"":0.19884614855982363,""inference_wall_seconds"":0.014913461141986772,""motor_energy_demand"":0.005196101414337753,""reaction_seconds"":null,""recovery_seconds"":null,""simulation_seconds"":1.5}]",0.0,0,0.005196101414337753,0.7,0.0,not_applicable,stress,clean,190025,feedforward-101,"[""feedforward-101""]",75,aa4b3cee902019b16faa0c35609e9e3aa006dbc0e2621dfb08ceab6de62fa6fb,stress--feedforward-101--clean--190025.npz,16185a1b9a926884bf8b32592f58551a2765781bd2688910a20e545a2b335ee7
completed,,75,0.23172350000822917,1.5,450166784,"[{""baseline_escape_drive"":null,""collision_substeps"":0,""escape_drive_integral"":0.08700270399451256,""final_simulated_energy"":0.3447955094860493,""food"":0.0,""inference_mean_ms"":0.1810904840628306,""inference_wall_seconds"":0.013581786304712296,""motor_energy_demand"":0.005204490513950588,""reaction_seconds"":null,""recovery_seconds"":null,""simulation_seconds"":1.5}]",0.0,0,0.005204490513950588,0.7,0.0,not_applicable,stress,clean,190026,feedforward-101,"[""feedforward-101""]",75,aa4b3cee902019b16faa0c35609e9e3aa006dbc0e2621dfb08ceab6de62fa6fb,stress--feedforward-101--clean--190026.npz,7c62cb0094728a5fa3a2f304233ef8d88da3f240072b07f0b3f74a3f94b24e8e
completed,,75,0.23091874999227002,1.5,450166784,"[{""baseline_escape_drive"":null,""collision_substeps"":0,""escape_drive_integral"":0.08695466160774232,""final_simulated_energy"":0.34479840886443847,""food"":0.0,""inference_mean_ms"":0.17858496052213013,""inference_wall_seconds"":0.01339387203915976,""motor_energy_demand"":0.005201591135561467,""reaction_seconds"":null,""recovery_seconds"":null,""simulation_seconds"":1.5}]",0.0,0,0.005201591135561467,0.7,0.0,not_applicable,stress,clean,190027,feedforward-101,"[""feedforward-101""]",75,aa4b3cee902019b16faa0c35609e9e3aa006dbc0e2621dfb08ceab6de62fa6fb,stress--feedforward-101--clean--190027.npz,51ce839e329ee2600082b4c58325f3a895ac75de4558e2c3c671338c1d29ae3b
completed,,75,0.23773920800886117,1.5,450199552,"[{""baseline_escape_drive"":null,""collision_substeps"":0,""escape_drive_integral"":0.08681273430585862,""final_simulated_energy"":0.34480409164100867,""food"":0.0,""inference_mean_ms"":0.19340105315980813,""inference_wall_seconds"":0.014505078986985609,""motor_energy_demand"":0.005195908358991146,""reaction_seconds"":null,""recovery_seconds"":null,""simulation_seconds"":1.5}]",0.0,0,0.005195908358991146,0.7,0.0,not_applicable,stress,clean,190028,feedforward-101,"[""feedforward-101""]",75,aa4b3cee902019b16faa0c35609e9e3aa006dbc0e2621dfb08ceab6de62fa6fb,stress--feedforward-101--clean--190028.npz,c6b81a6d583bf788740a18966b39263c8b2de1103e0e83a6cc1b650ef300d146
completed,,75,0.24272787501104176,1.5,450215936,"[{""baseline_escape_drive"":null,""collision_substeps"":0,""escape_drive_integral"":0.0293660244718194,""final_simulated_energy"":0.49630233765155074,""food"":0.2999658720195294,""inference_mean_ms"":0.19123450620099902,""inference_wall_seconds"":0.014342587965074927,""motor_energy_demand"":0.0036805983582139015,""reaction_seconds"":null,""recovery_seconds"":null,""simulation_seconds"":1.5}]",0.2999658720195294,0,0.0036805983582139015,0.40003412798047017,0.0,not_applicable,stress,clean,190029,feedforward-101,"[""feedforward-101""]",75,aa4b3cee902019b16faa0c35609e9e3aa006dbc0e2621dfb08ceab6de62fa6fb,stress--feedforward-101--clean--190029.npz,bf7592d688e4c4e0e3ef4fd48c4a6cd004149375f87b2866e9904b6554bf7284
completed,,75,0.23474262497620657,1.5,450215936,"[{""baseline_escape_drive"":null,""collision_substeps"":0,""escape_drive_integral"":0.08717440240085125,""final_simulated_energy"":0.34478006710343057,""food"":0.0,""inference_mean_ms"":0.18671662857135138,""inference_wall_seconds"":0.014003747142851353,""motor_energy_demand"":0.005219932896569373,""reaction_seconds"":null,""recovery_seconds"":null,""simulation_seconds"":1.5}]",0.0,0,0.005219932896569373,0.7,0.0,not_applicable,stress,clean,190030,feedforward-101,"[""feedforward-101""]",75,aa4b3cee902019b16faa0c35609e9e3aa006dbc0e2621dfb08ceab6de62fa6fb,stress--feedforward-101--clean--190030.npz,7b51f29e69947a3173c29d96db309946c22febaf39499fea80969e95f4fd7caf
completed,,75,0.23162587502156384,1.5,450232320,"[{""baseline_escape_drive"":null,""collision_substeps"":0,""escape_drive_integral"":0.08411822713911533,""final_simulated_energy"":0.34486740586139253,""food"":0.0,""inference_mean_ms"":0.1796333200763911,""inference_wall_seconds"":0.013472499005729333,""motor_energy_demand"":0.005132594138607383,""reaction_seconds"":null,""recovery_seconds"":null,""simulation_seconds"":1.5}]",0.0,0,0.005132594138607383,0.7,0.0,not_applicable,stress,visual_noise,190001,feedforward-101,"[""feedforward-101""]",75,aa4b3cee902019b16faa0c35609e9e3aa006dbc0e2621dfb08ceab6de62fa6fb,stress--feedforward-101--visual_noise--190001.npz,26f41a0889309bf62244fa5f021c68d785df43d40dac484befd39be328846ed6
completed,,75,0.2429579590098001,1.5,450232320,"[{""baseline_escape_drive"":null,""collision_substeps"":0,""escape_drive_integral"":0.08512993082404137,""final_simulated_energy"":0.34480616071030523,""food"":0.0,""inference_mean_ms"":0.20396161164777973,""inference_wall_seconds"":0.01529712087358348,""motor_energy_demand"":0.0051938392896950245,""reaction_seconds"":null,""recovery_seconds"":null,""simulation_seconds"":1.5}]",0.0,0,0.0051938392896950245,0.7,0.0,not_applicable,stress,visual_noise,190002,feedforward-101,"[""feedforward-101""]",75,aa4b3cee902019b16faa0c35609e9e3aa006dbc0e2621dfb08ceab6de62fa6fb,stress--feedforward-101--visual_noise--190002.npz,14a7c5729e4b60fc8f64a42e2b437f7df518f855f8a324d492b5d9f1b592c313
completed,,75,0.24586208301479928,1.5,450232320,"[{""baseline_escape_drive"":null,""collision_substeps"":0,""escape_drive_integral"":0.08371968701481819,""final_simulated_energy"":0.3448389437641205,""food"":0.0,""inference_mean_ms"":0.20141889379980663,""inference_wall_seconds"":0.015106417034985498,""motor_energy_demand"":0.005161056235879659,""reaction_seconds"":null,""recovery_seconds"":null,""simulation_seconds"":1.5}]",0.0,0,0.005161056235879659,0.7,0.0,not_applicable,stress,visual_noise,190003,feedforward-101,"[""feedforward-101""]",75,aa4b3cee902019b16faa0c35609e9e3aa006dbc0e2621dfb08ceab6de62fa6fb,stress--feedforward-101--visual_noise--190003.npz,cfe505cbe4d7734c5528acddda5195df466761989ff2bd513b5d63502f8c447f
completed,,75,0.2297744999814313,1.5,450232320,"[{""baseline_escape_drive"":null,""collision_substeps"":0,""escape_drive_integral"":0.08396753266453744,""final_simulated_energy"":0.3448540433843431,""food"":0.0,""inference_mean_ms"":0.18212946597486734,""inference_wall_seconds"":0.01365970994811505,""motor_energy_demand"":0.005145956615656615,""reaction_seconds"":null,""recovery_seconds"":null,""simulation_seconds"":1.5}]",0.0,0,0.005145956615656615,0.7,0.0,not_applicable,stress,visual_noise,190004,feedforward-101,"[""feedforward-101""]",75,aa4b3cee902019b16faa0c35609e9e3aa006dbc0e2621dfb08ceab6de62fa6fb,stress--feedforward-101--visual_noise--190004.npz,40c1f037b80d1be40cb70e2231369e63b84a1aa837b11b7d6ed781476b7c0a4e
completed,,75,0.22761537501355633,1.5,450248704,"[{""baseline_escape_drive"":null,""collision_substeps"":0,""escape_drive_integral"":0.08357093021273614,""final_simulated_energy"":0.3448779564608634,""food"":0.0,""inference_mean_ms"":0.1769105849477152,""inference_wall_seconds"":0.01326829387107864,""motor_energy_demand"":0.005122043539136648,""reaction_seconds"":null,""recovery_seconds"":null,""simulation_seconds"":1.5}]",0.0,0,0.005122043539136648,0.7,0.0,not_applicable,stress,visual_noise,190005,feedforward-101,"[""feedforward-101""]",75,aa4b3cee902019b16faa0c35609e9e3aa006dbc0e2621dfb08ceab6de62fa6fb,stress--feedforward-101--visual_noise--190005.npz,20ade67902abf75c600aa2e41f0b245b52187e29714d40e7b699174b4f8e3f74
completed,,75,0.2352641670149751,1.5,450248704,"[{""baseline_escape_drive"":null,""collision_substeps"":0,""escape_drive_integral"":0.08541849941015243,""final_simulated_energy"":0.34480846652120334,""food"":0.0,""inference_mean_ms"":0.19655446909988922,""inference_wall_seconds"":0.01474158518249169,""motor_energy_demand"":0.005191533478796482,""reaction_seconds"":null,""recovery_seconds"":null,""simulation_seconds"":1.5}]",0.0,0,0.005191533478796482,0.7,0.0,not_applicable,stress,visual_noise,190006,feedforward-101,"[""feedforward-101""]",75,aa4b3cee902019b16faa0c35609e9e3aa006dbc0e2621dfb08ceab6de62fa6fb,stress--feedforward-101--visual_noise--190006.npz,332b0ce47fe65e94d5a82ea76901740919c2bda1aeccb201b0192d266c5d8dd8
completed,,75,0.23755345901008695,1.5,450281472,"[{""baseline_escape_drive"":null,""collision_substeps"":0,""escape_drive_integral"":0.08436419516801834,""final_simulated_energy"":0.3448414709439873,""food"":0.0,""inference_mean_ms"":0.19594668100277582,""inference_wall_seconds"":0.014696001075208187,""motor_energy_demand"":0.0051585290560126305,""reaction_seconds"":null,""recovery_seconds"":null,""simulation_seconds"":1.5}]",0.0,0,0.0051585290560126305,0.7,0.0,not_applicable,stress,visual_noise,190007,feedforward-101,"[""feedforward-101""]",75,aa4b3cee902019b16faa0c35609e9e3aa006dbc0e2621dfb08ceab6de62fa6fb,stress--feedforward-101--visual_noise--190007.npz,2dc029cf4b581f2e6b9a0adbb83c8340f7bd4ed0706534f55cc2dddf6013c975
completed,,75,0.22746179200476035,1.5,450281472,"[{""baseline_escape_drive"":null,""collision_substeps"":0,""escape_drive_integral"":0.08447270922362804,""final_simulated_energy"":0.3448289056225864,""food"":0.0,""inference_mean_ms"":0.1764133619144559,""inference_wall_seconds"":0.013231002143584192,""motor_energy_demand"":0.005171094377413392,""reaction_seconds"":null,""recovery_seconds"":null,""simulation_seconds"":1.5}]",0.0,0,0.005171094377413392,0.7,0.0,not_applicable,stress,visual_noise,190008,feedforward-101,"[""feedforward-101""]",75,aa4b3cee902019b16faa0c35609e9e3aa006dbc0e2621dfb08ceab6de62fa6fb,stress--feedforward-101--visual_noise--190008.npz,57592fa18f4470ec8546ff23ef5b6e8bc7c99127bf86dc597d7f00db28bb6172
completed,,75,0.22946266701910645,1.5,450314240,"[{""baseline_escape_drive"":null,""collision_substeps"":0,""escape_drive_integral"":0.02742149904370308,""final_simulated_energy"":0.4988376221193374,""food"":0.3049289482831956,""inference_mean_ms"":0.1831628001915912,""inference_wall_seconds"":0.013737210014369339,""motor_energy_demand"":0.0036268520222604277,""reaction_seconds"":null,""recovery_seconds"":null,""simulation_seconds"":1.5}]",0.3049289482831956,0,0.0036268520222604277,0.3950710517168047,0.0,not_applicable,stress,visual_noise,190009,feedforward-101,"[""feedforward-101""]",75,aa4b3cee902019b16faa0c35609e9e3aa006dbc0e2621dfb08ceab6de62fa6fb,stress--feedforward-101--visual_noise--190009.npz,397b8518a580850ce917cc28d6ba8a25a39df0363cd73586c9423d9907557cc7
completed,,75,0.23638433299493045,1.5,450314240,"[{""baseline_escape_drive"":null,""collision_substeps"":0,""escape_drive_integral"":0.08441499702632427,""final_simulated_energy"":0.3448375039511171,""food"":0.0,""inference_mean_ms"":0.1892749856536587,""inference_wall_seconds"":0.014195623924024403,""motor_energy_demand"":0.005162496048882604,""reaction_seconds"":null,""recovery_seconds"":null,""simulation_seconds"":1.5}]",0.0,0,0.005162496048882604,0.7,0.0,not_applicable,stress,visual_noise,190010,feedforward-101,"[""feedforward-101""]",75,aa4b3cee902019b16faa0c35609e9e3aa006dbc0e2621dfb08ceab6de62fa6fb,stress--feedforward-101--visual_noise--190010.npz,dba81b01239d34336de2712b865c3c2a885063c0dcf098a64f3f31a753e40b0c
completed,,75,0.24144274997524917,1.5,450314240,"[{""baseline_escape_drive"":null,""collision_substeps"":0,""escape_drive_integral"":0.0849387826770544,""final_simulated_energy"":0.3448811378764365,""food"":0.0,""inference_mean_ms"":0.19245108046258488,""inference_wall_seconds"":0.014433831034693867,""motor_energy_demand"":0.005118862123563885,""reaction_seconds"":null,""recovery_seconds"":null,""simulation_seconds"":1.5}]",0.0,0,0.005118862123563885,0.7,0.0,not_applicable,stress,visual_noise,190011,feedforward-101,"[""feedforward-101""]",75,aa4b3cee902019b16faa0c35609e9e3aa006dbc0e2621dfb08ceab6de62fa6fb,stress--feedforward-101--visual_noise--190011.npz,4d8e71e9191276745075966afe5cf625b624bd364891eaa6c5fa97bf1c1bb3cb
completed,,75,0.2362947920046281,1.5,450314240,"[{""baseline_escape_drive"":null,""collision_substeps"":0,""escape_drive_integral"":0.08419085435569286,""final_simulated_energy"":0.3448512009667608,""food"":0.0,""inference_mean_ms"":0.18607777388145527,""inference_wall_seconds"":0.013955833041109145,""motor_energy_demand"":0.005148799033239483,""reaction_seconds"":null,""recovery_seconds"":null,""simulation_seconds"":1.5}]",0.0,0,0.005148799033239483,0.7,0.0,not_applicable,stress,visual_noise,190012,feedforward-101,"[""feedforward-101""]",75,aa4b3cee902019b16faa0c35609e9e3aa006dbc0e2621dfb08ceab6de62fa6fb,stress--feedforward-101--visual_noise--190012.npz,c11e8b7acba773c0f4e7b21648796e3224976f78b4abcc1b60c7e8bdfe0b4515
completed,,75,0.22772583397454582,1.5,450314240,"[{""baseline_escape_drive"":null,""collision_substeps"":0,""escape_drive_integral"":0.08234616294503212,""final_simulated_energy"":0.3448979059626166,""food"":0.0,""inference_mean_ms"":0.17799837165512145,""inference_wall_seconds"":0.013349877874134108,""motor_energy_demand"":0.005102094037383794,""reaction_seconds"":null,""recovery_seconds"":null,""simulation_seconds"":1.5}]",0.0,0,0.005102094037383794,0.7,0.0,not_applicable,stress,visual_noise,190013,feedforward-101,"[""feedforward-101""]",75,aa4b3cee902019b16faa0c35609e9e3aa006dbc0e2621dfb08ceab6de62fa6fb,stress--feedforward-101--visual_noise--190013.npz,1d16332633dc76f012df233023ef40a7b12ae28aca92102248cc2fc5c8b2fbb0
completed,,75,0.23850708300597034,1.5,450330624,"[{""baseline_escape_drive"":null,""collision_substeps"":0,""escape_drive_integral"":0.08268063642084598,""final_simulated_energy"":0.34490036746241126,""food"":0.0,""inference_mean_ms"":0.20494893309660256,""inference_wall_seconds"":0.015371169982245192,""motor_energy_demand"":0.005099632537588477,""reaction_seconds"":null,""recovery_seconds"":null,""simulation_seconds"":1.5}]",0.0,0,0.005099632537588477,0.7,0.0,not_applicable,stress,visual_noise,190014,feedforward-101,"[""feedforward-101""]",75,aa4b3cee902019b16faa0c35609e9e3aa006dbc0e2621dfb08ceab6de62fa6fb,stress--feedforward-101--visual_noise--190014.npz,00a43d396b61b0612df627862789102a7a8f177a0f239bd244a764882e0a16ae
completed,,75,0.24327558299410157,1.5,450347008,"[{""baseline_escape_drive"":null,""collision_substeps"":0,""escape_drive_integral"":0.031485055666416885,""final_simulated_energy"":0.48882145216153966,""food"":0.28507900983095164,""inference_mean_ms"":0.19397058679411808,""inference_wall_seconds"":0.014547794009558856,""motor_energy_demand"":0.0037180527539365,""reaction_seconds"":null,""recovery_seconds"":null,""simulation_seconds"":1.5}]",0.28507900983095164,0,0.0037180527539365,0.41492099016904815,0.0,not_applicable,stress,visual_noise,190015,feedforward-101,"[""feedforward-101""]",75,aa4b3cee902019b16faa0c35609e9e3aa006dbc0e2621dfb08ceab6de62fa6fb,stress--feedforward-101--visual_noise--190015.npz,bf92d6ce08246f4126123fd1062466cf792ec86d694ae22b729ef189a92f2f9c
completed,,75,0.24415637500351295,1.5,450347008,"[{""baseline_escape_drive"":null,""collision_substeps"":0,""escape_drive_integral"":0.08501377709209919,""final_simulated_energy"":0.3448329407260563,""food"":0.0,""inference_mean_ms"":0.19533718742119768,""inference_wall_seconds"":0.014650289056589827,""motor_energy_demand"":0.0051670592739433046,""reaction_seconds"":null,""recovery_seconds"":null,""simulation_seconds"":1.5}]",0.0,0,0.0051670592739433046,0.7,0.0,not_applicable,stress,visual_noise,190016,feedforward-101,"[""feedforward-101""]",75,aa4b3cee902019b16faa0c35609e9e3aa006dbc0e2621dfb08ceab6de62fa6fb,stress--feedforward-101--visual_noise--190016.npz,88e2812ff726490da79074b9a0cfe241018fc532b530104c534754c7761f901d
completed,,75,0.24131154199130833,1.5,450347008,"[{""baseline_escape_drive"":null,""collision_substeps"":0,""escape_drive_integral"":0.08508706606924533,""final_simulated_energy"":0.34484285423167016,""food"":0.0,""inference_mean_ms"":0.19002942523608604,""inference_wall_seconds"":0.014252206892706454,""motor_energy_demand"":0.005157145768329502,""reaction_seconds"":null,""recovery_seconds"":null,""simulation_seconds"":1.5}]",0.0,0,0.005157145768329502,0.7,0.0,not_applicable,stress,visual_noise,190017,feedforward-101,"[""feedforward-101""]",75,aa4b3cee902019b16faa0c35609e9e3aa006dbc0e2621dfb08ceab6de62fa6fb,stress--feedforward-101--visual_noise--190017.npz,8a0d634c7159227510bc06ed5f357a08d1f68b3a1bb4b0c411daae7ff28a5e94
completed,,75,0.23768858300172724,1.5,450363392,"[{""baseline_escape_drive"":null,""collision_substeps"":0,""escape_drive_integral"":0.08453531414270402,""final_simulated_energy"":0.34484370939284614,""food"":0.0,""inference_mean_ms"":0.18914221397911507,""inference_wall_seconds"":0.014185666048433632,""motor_energy_demand"":0.0051562906071543685,""reaction_seconds"":null,""recovery_seconds"":null,""simulation_seconds"":1.5}]",0.0,0,0.0051562906071543685,0.7,0.0,not_applicable,stress,visual_noise,190018,feedforward-101,"[""feedforward-101""]",75,aa4b3cee902019b16faa0c35609e9e3aa006dbc0e2621dfb08ceab6de62fa6fb,stress--feedforward-101--visual_noise--190018.npz,a17ab0384e8df755c91f660554830f814759186a883d5fd3bacd108cc7fde63c
completed,,75,0.24395104200812057,1.5,450363392,"[{""baseline_escape_drive"":null,""collision_substeps"":0,""escape_drive_integral"":0.08387650907039643,""final_simulated_energy"":0.3448945806188879,""food"":0.0,""inference_mean_ms"":0.19911889258461696,""inference_wall_seconds"":0.01493391694384627,""motor_energy_demand"":0.005105419381111861,""reaction_seconds"":null,""recovery_seconds"":null,""simulation_seconds"":1.5}]",0.0,0,0.005105419381111861,0.7,0.0,not_applicable,stress,visual_noise,190019,feedforward-101,"[""feedforward-101""]",75,aa4b3cee902019b16faa0c35609e9e3aa006dbc0e2621dfb08ceab6de62fa6fb,stress--feedforward-101--visual_noise--190019.npz,3c4476bb23908cce64be038a8c3a976c3cc582284367984ee89964aec1bba5da
completed,,75,0.22922929198830388,1.5,450363392,"[{""baseline_escape_drive"":null,""collision_substeps"":0,""escape_drive_integral"":0.08459812052547931,""final_simulated_energy"":0.3448611666948347,""food"":0.0,""inference_mean_ms"":0.1788527867756784,""inference_wall_seconds"":0.01341395900817588,""motor_energy_demand"":0.0051388333051651715,""reaction_seconds"":null,""recovery_seconds"":null,""simulation_seconds"":1.5}]",0.0,0,0.0051388333051651715,0.7,0.0,not_applicable,stress,visual_noise,190020,feedforward-101,"[""feedforward-101""]",75,aa4b3cee902019b16faa0c35609e9e3aa006dbc0e2621dfb08ceab6de62fa6fb,stress--feedforward-101--visual_noise--190020.npz,0f671f7271a7898573700dc4e1053221b5f2a1171d6c2e548bf85d17639291d1
completed,,75,0.22939908399712294,1.5,450363392,"[{""baseline_escape_drive"":null,""collision_substeps"":0,""escape_drive_integral"":0.08574010901153088,""final_simulated_energy"":0.3447971494408696,""food"":0.0,""inference_mean_ms"":0.18142938730306923,""inference_wall_seconds"":0.013607204047730193,""motor_energy_demand"":0.005202850559130312,""reaction_seconds"":null,""recovery_seconds"":null,""simulation_seconds"":1.5}]",0.0,0,0.005202850559130312,0.7,0.0,not_applicable,stress,visual_noise,190021,feedforward-101,"[""feedforward-101""]",75,aa4b3cee902019b16faa0c35609e9e3aa006dbc0e2621dfb08ceab6de62fa6fb,stress--feedforward-101--visual_noise--190021.npz,0638883a5d8b3672a688fe75f7a829372d1e999df803a7850e024be4ed719d6f
completed,,75,0.23449025000445545,1.5,450396160,"[{""baseline_escape_drive"":null,""collision_substeps"":0,""escape_drive_integral"":0.0848054188489914,""final_simulated_energy"":0.34482468437284186,""food"":0.0,""inference_mean_ms"":0.1882694533560425,""inference_wall_seconds"":0.014120209001703188,""motor_energy_demand"":0.0051753156271576875,""reaction_seconds"":null,""recovery_seconds"":null,""simulation_seconds"":1.5}]",0.0,0,0.0051753156271576875,0.7,0.0,not_applicable,stress,visual_noise,190022,feedforward-101,"[""feedforward-101""]",75,aa4b3cee902019b16faa0c35609e9e3aa006dbc0e2621dfb08ceab6de62fa6fb,stress--feedforward-101--visual_noise--190022.npz,a3058929fd76727f548598ab99f9e290a31b5a5f0b91cbfe155b9ec25eeea281
completed,,75,0.2432942499872297,1.5,450412544,"[{""baseline_escape_drive"":null,""collision_substeps"":0,""escape_drive_integral"":0.08444212570786476,""final_simulated_energy"":0.3448671564425526,""food"":0.0,""inference_mean_ms"":0.193702228134498,""inference_wall_seconds"":0.01452766711008735,""motor_energy_demand"":0.005132843557447195,""reaction_seconds"":null,""recovery_seconds"":null,""simulation_seconds"":1.5}]",0.0,0,0.005132843557447195,0.7,0.0,not_applicable,stress,visual_noise,190023,feedforward-101,"[""feedforward-101""]",75,aa4b3cee902019b16faa0c35609e9e3aa006dbc0e2621dfb08ceab6de62fa6fb,stress--feedforward-101--visual_noise--190023.npz,1f00fed68e34e18f5208cf29575ed7b5b582702c7c6de0820ac2e435b8eaec6a
completed,,75,0.22878104099072516,1.5,450412544,"[{""baseline_escape_drive"":null,""collision_substeps"":0,""escape_drive_integral"":0.08360725671052933,""final_simulated_energy"":0.3448485227245096,""food"":0.0,""inference_mean_ms"":0.18359229279061157,""inference_wall_seconds"":0.013769421959295869,""motor_energy_demand"":0.005151477275490761,""reaction_seconds"":null,""recovery_seconds"":null,""simulation_seconds"":1.5}]",0.0,0,0.005151477275490761,0.7,0.0,not_applicable,stress,visual_noise,190024,feedforward-101,"[""feedforward-101""]",75,aa4b3cee902019b16faa0c35609e9e3aa006dbc0e2621dfb08ceab6de62fa6fb,stress--feedforward-101--visual_noise--190024.npz,3c52d2373f824fa46abcd57cffd4d92e35a8ed7c5e7709764a9565e5c18a8fba
completed,,75,0.23117704200558364,1.5,450412544,"[{""baseline_escape_drive"":null,""collision_substeps"":0,""escape_drive_integral"":0.08453919999301433,""final_simulated_energy"":0.3448401200155169,""food"":0.0,""inference_mean_ms"":0.1807483200294276,""inference_wall_seconds"":0.01355612400220707,""motor_energy_demand"":0.0051598799844831235,""reaction_seconds"":null,""recovery_seconds"":null,""simulation_seconds"":1.5}]",0.0,0,0.0051598799844831235,0.7,0.0,not_applicable,stress,visual_noise,190025,feedforward-101,"[""feedforward-101""]",75,aa4b3cee902019b16faa0c35609e9e3aa006dbc0e2621dfb08ceab6de62fa6fb,stress--feedforward-101--visual_noise--190025.npz,e194adda7b21ac3c371d58551cad4ef28ea959e72c08767008926b62aea9636b
completed,,75,0.23750762501731515,1.5,450428928,"[{""baseline_escape_drive"":null,""collision_substeps"":0,""escape_drive_integral"":0.0843902462720871,""final_simulated_energy"":0.3448474773308632,""food"":0.0,""inference_mean_ms"":0.19721158392106494,""inference_wall_seconds"":0.01479086879407987,""motor_energy_demand"":0.0051525226691365245,""reaction_seconds"":null,""recovery_seconds"":null,""simulation_seconds"":1.5}]",0.0,0,0.0051525226691365245,0.7,0.0,not_applicable,stress,visual_noise,190026,feedforward-101,"[""feedforward-101""]",75,aa4b3cee902019b16faa0c35609e9e3aa006dbc0e2621dfb08ceab6de62fa6fb,stress--feedforward-101--visual_noise--190026.npz,6a363655f9cc09303460834932a64db091a19b43e8b26482098ee45a21d6c570
completed,,75,0.23934158301563002,1.5,450428928,"[{""baseline_escape_drive"":null,""collision_substeps"":0,""escape_drive_integral"":0.08293275818228722,""final_simulated_energy"":0.3448915221066773,""food"":0.0,""inference_mean_ms"":0.19631834817118943,""inference_wall_seconds"":0.014723876112839207,""motor_energy_demand"":0.005108477893322706,""reaction_seconds"":null,""recovery_seconds"":null,""simulation_seconds"":1.5}]",0.0,0,0.005108477893322706,0.7,0.0,not_applicable,stress,visual_noise,190027,feedforward-101,"[""feedforward-101""]",75,aa4b3cee902019b16faa0c35609e9e3aa006dbc0e2621dfb08ceab6de62fa6fb,stress--feedforward-101--visual_noise--190027.npz,c4ce0cc2944727cf9e8c401bd70f3f33c37b56d289ca4e2c81adc8c4657faf0e
completed,,75,0.22850058297626674,1.5,450428928,"[{""baseline_escape_drive"":null,""collision_substeps"":0,""escape_drive_integral"":0.08487331695854664,""final_simulated_energy"":0.3448412009502203,""food"":0.0,""inference_mean_ms"":0.17624056160760423,""inference_wall_seconds"":0.013218042120570317,""motor_energy_demand"":0.005158799049779773,""reaction_seconds"":null,""recovery_seconds"":null,""simulation_seconds"":1.5}]",0.0,0,0.005158799049779773,0.7,0.0,not_applicable,stress,visual_noise,190028,feedforward-101,"[""feedforward-101""]",75,aa4b3cee902019b16faa0c35609e9e3aa006dbc0e2621dfb08ceab6de62fa6fb,stress--feedforward-101--visual_noise--190028.npz,9a6816ef462a958e4fd258ad0571ed82936f8ba85353a9717f015a4fb758afb4
completed,,75,0.23264724999899045,1.5,450428928,"[{""baseline_escape_drive"":null,""collision_substeps"":0,""escape_drive_integral"":0.029740189854055642,""final_simulated_energy"":0.49470670970568464,""food"":0.29680711179971686,""inference_mean_ms"":0.18083837426578006,""inference_wall_seconds"":0.013562878069933504,""motor_energy_demand"":0.003696846194174141,""reaction_seconds"":null,""recovery_seconds"":null,""simulation_seconds"":1.5}]",0.29680711179971686,0,0.003696846194174141,0.403192888200283,0.0,not_applicable,stress,visual_noise,190029,feedforward-101,"[""feedforward-101""]",75,aa4b3cee902019b16faa0c35609e9e3aa006dbc0e2621dfb08ceab6de62fa6fb,stress--feedforward-101--visual_noise--190029.npz,3e34f23b6c4c8a5a01c63e4d5418f82421bc4aa23d610c74cce5a36c54f31ec3
completed,,75,0.2406557500071358,1.5,450445312,"[{""baseline_escape_drive"":null,""collision_substeps"":0,""escape_drive_integral"":0.08468525864183903,""final_simulated_energy"":0.3448163252798464,""food"":0.0,""inference_mean_ms"":0.20841774879954755,""inference_wall_seconds"":0.015631331159966066,""motor_energy_demand"":0.005183674720153213,""reaction_seconds"":null,""recovery_seconds"":null,""simulation_seconds"":1.5}]",0.0,0,0.005183674720153213,0.7,0.0,not_applicable,stress,visual_noise,190030,feedforward-101,"[""feedforward-101""]",75,aa4b3cee902019b16faa0c35609e9e3aa006dbc0e2621dfb08ceab6de62fa6fb,stress--feedforward-101--visual_noise--190030.npz,c970609a2e180bf6a7f1261a7ad3ceda1b21194604490547e9e6351300ca00ba
completed,,75,0.24510283299605362,1.5,450494464,"[{""baseline_escape_drive"":null,""collision_substeps"":0,""escape_drive_integral"":0.11819526210427285,""final_simulated_energy"":0.34351029495254226,""food"":0.0,""inference_mean_ms"":0.19131333140345913,""inference_wall_seconds"":0.014348499855259433,""motor_energy_demand"":0.006489705047458411,""reaction_seconds"":null,""recovery_seconds"":null,""simulation_seconds"":1.5}]",0.0,0,0.006489705047458411,0.7,0.0,not_applicable,stress,clean,190001,feedforward-202,"[""feedforward-202""]",75,aa4b3cee902019b16faa0c35609e9e3aa006dbc0e2621dfb08ceab6de62fa6fb,stress--feedforward-202--clean--190001.npz,b462404448502a140a2529a4f70aa2ee25e233bf993597d7859697e0810274af
completed,,75,0.24110437501803972,1.5,450494464,"[{""baseline_escape_drive"":null,""collision_substeps"":0,""escape_drive_integral"":0.11819333359599114,""final_simulated_energy"":0.34351045771345545,""food"":0.0,""inference_mean_ms"":0.1892344250033299,""inference_wall_seconds"":0.014192581875249743,""motor_energy_demand"":0.006489542286545039,""reaction_seconds"":null,""recovery_seconds"":null,""simulation_seconds"":1.5}]",0.0,0,0.006489542286545039,0.7,0.0,not_applicable,stress,clean,190002,feedforward-202,"[""feedforward-202""]",75,aa4b3cee902019b16faa0c35609e9e3aa006dbc0e2621dfb08ceab6de62fa6fb,stress--feedforward-202--clean--190002.npz,94aa69f8cde094983aeafb6f780902eb65ceb92d69636b6a20cb0c31aae51acc
completed,,75,0.23370754101779312,1.5,450510848,"[{""baseline_escape_drive"":null,""collision_substeps"":0,""escape_drive_integral"":0.11820163697004318,""final_simulated_energy"":0.3435104232415551,""food"":0.0,""inference_mean_ms"":0.18159885192289948,""inference_wall_seconds"":0.013619913894217461,""motor_energy_demand"":0.0064895767584443095,""reaction_seconds"":null,""recovery_seconds"":null,""simulation_seconds"":1.5}]",0.0,0,0.0064895767584443095,0.7,0.0,not_applicable,stress,clean,190003,feedforward-202,"[""feedforward-202""]",75,aa4b3cee902019b16faa0c35609e9e3aa006dbc0e2621dfb08ceab6de62fa6fb,stress--feedforward-202--clean--190003.npz,7cc5517cffd5f94587c0c028b866a951ff9ff359fd62c29a2d2c44289bcd4c93
completed,,75,0.25709741600439884,1.5,450510848,"[{""baseline_escape_drive"":null,""collision_substeps"":0,""escape_drive_integral"":0.11824798673391343,""final_simulated_energy"":0.3435088852098588,""food"":0.0,""inference_mean_ms"":0.22839166534443694,""inference_wall_seconds"":0.017129374900832772,""motor_energy_demand"":0.0064911147901415825,""reaction_seconds"":null,""recovery_seconds"":null,""simulation_seconds"":1.5}]",0.0,0,0.0064911147901415825,0.7,0.0,not_applicable,stress,clean,190004,feedforward-202,"[""feedforward-202""]",75,aa4b3cee902019b16faa0c35609e9e3aa006dbc0e2621dfb08ceab6de62fa6fb,stress--feedforward-202--clean--190004.npz,b89e19f99ce62f9e42a59cb3f15fdb26bb3adef50fb914d6487f564554081bb1
completed,,75,0.24433145800139755,1.5,450510848,"[{""baseline_escape_drive"":null,""collision_substeps"":0,""escape_drive_integral"":0.11821659833192825,""final_simulated_energy"":0.34350967517107744,""food"":0.0,""inference_mean_ms"":0.19789890696605048,""inference_wall_seconds"":0.014842418022453785,""motor_energy_demand"":0.0064903248289227495,""reaction_seconds"":null,""recovery_seconds"":null,""simulation_seconds"":1.5}]",0.0,0,0.0064903248289227495,0.7,0.0,not_applicable,stress,clean,190005,feedforward-202,"[""feedforward-202""]",75,aa4b3cee902019b16faa0c35609e9e3aa006dbc0e2621dfb08ceab6de62fa6fb,stress--feedforward-202--clean--190005.npz,f14f0ba3fa1278788062c40aa56e288fd599796ee4f0e3b9f431e813d3f60aff
completed,,75,0.24246829099138267,1.5,450543616,"[{""baseline_escape_drive"":null,""collision_substeps"":0,""escape_drive_integral"":0.11823680266737938,""final_simulated_energy"":0.3435088161359725,""food"":0.0,""inference_mean_ms"":0.19131004073036212,""inference_wall_seconds"":0.01434825305477716,""motor_energy_demand"":0.006491183864027261,""reaction_seconds"":null,""recovery_seconds"":null,""simulation_seconds"":1.5}]",0.0,0,0.006491183864027261,0.7,0.0,not_applicable,stress,clean,190006,feedforward-202,"[""feedforward-202""]",75,aa4b3cee902019b16faa0c35609e9e3aa006dbc0e2621dfb08ceab6de62fa6fb,stress--feedforward-202--clean--190006.npz,968ba931f80c4f1761c99e34c4080c5490e8844a538963e263380ea4ccd2be02
completed,,75,0.24109383299946785,1.5,450543616,"[{""baseline_escape_drive"":null,""collision_substeps"":0,""escape_drive_integral"":0.11832643777132035,""final_simulated_energy"":0.34350654008895165,""food"":0.0,""inference_mean_ms"":0.18970614726034304,""inference_wall_seconds"":0.014227961044525728,""motor_energy_demand"":0.006493459911048413,""reaction_seconds"":null,""recovery_seconds"":null,""simulation_seconds"":1.5}]",0.0,0,0.006493459911048413,0.7,0.0,not_applicable,stress,clean,190007,feedforward-202,"[""feedforward-202""]",75,aa4b3cee902019b16faa0c35609e9e3aa006dbc0e2621dfb08ceab6de62fa6fb,stress--feedforward-202--clean--190007.npz,581df5eaa4c2ad07539d02177d8be20e908591a20bd1dc76d44fad319306f6f8
completed,,75,0.24019554199185222,1.5,450543616,"[{""baseline_escape_drive"":null,""collision_substeps"":0,""escape_drive_integral"":0.11830497950315476,""final_simulated_energy"":0.3435071786412598,""food"":0.0,""inference_mean_ms"":0.1969567034393549,""inference_wall_seconds"":0.014771752757951617,""motor_energy_demand"":0.006492821358740331,""reaction_seconds"":null,""recovery_seconds"":null,""simulation_seconds"":1.5}]",0.0,0,0.006492821358740331,0.7,0.0,not_applicable,stress,clean,190008,feedforward-202,"[""feedforward-202""]",75,aa4b3cee902019b16faa0c35609e9e3aa006dbc0e2621dfb08ceab6de62fa6fb,stress--feedforward-202--clean--190008.npz,fa2d445804605191d79450d8970886945782d8502a1966f99480de169d65ede4
completed,,75,0.24365650000981987,1.5,450560000,"[{""baseline_escape_drive"":null,""collision_substeps"":0,""escape_drive_integral"":0.028367967335507276,""final_simulated_energy"":0.5072717720512439,""food"":0.32024123519659026,""inference_mean_ms"":0.19762782806841037,""inference_wall_seconds"":0.014822087105130777,""motor_energy_demand"":0.002848845547051169,""reaction_seconds"":null,""recovery_seconds"":null,""simulation_seconds"":1.5}]",0.32024123519659026,0,0.002848845547051169,0.37975876480340987,0.0,not_applicable,stress,clean,190009,feedforward-202,"[""feedforward-202""]",75,aa4b3cee902019b16faa0c35609e9e3aa006dbc0e2621dfb08ceab6de62fa6fb,stress--feedforward-202--clean--190009.npz,6961aba3d0e04c5419306def557c69b142d80cbf8c7641e62ff52cdd019c4aa9
completed,,75,0.23376350000035018,1.5,450560000,"[{""baseline_escape_drive"":null,""collision_substeps"":0,""escape_drive_integral"":0.11822430118918419,""final_simulated_energy"":0.34350976849541137,""food"":0.0,""inference_mean_ms"":0.18321282657173774,""inference_wall_seconds"":0.01374096199288033,""motor_energy_demand"":0.00649023150458932,""reaction_seconds"":null,""recovery_seconds"":null,""simulation_seconds"":1.5}]",0.0,0,0.00649023150458932,0.7,0.0,not_applicable,stress,clean,190010,feedforward-202,"[""feedforward-202""]",75,aa4b3cee902019b16faa0c35609e9e3aa006dbc0e2621dfb08ceab6de62fa6fb,stress--feedforward-202--clean--190010.npz,0d4d3aa1bcb6729a6dd9e099b20e0cbdfd51fcc0be7b63d57ccab5c0d812e186
completed,,75,0.22961529201711528,1.5,450560000,"[{""baseline_escape_drive"":null,""collision_substeps"":0,""escape_drive_integral"":0.1184895934164524,""final_simulated_energy"":0.34350113124385484,""food"":0.0,""inference_mean_ms"":0.17411721249421436,""inference_wall_seconds"":0.013058790937066078,""motor_energy_demand"":0.006498868756145238,""reaction_seconds"":null,""recovery_seconds"":null,""simulation_seconds"":1.5}]",0.0,0,0.006498868756145238,0.7,0.0,not_applicable,stress,clean,190011,feedforward-202,"[""feedforward-202""]",75,aa4b3cee902019b16faa0c35609e9e3aa006dbc0e2621dfb08ceab6de62fa6fb,stress--feedforward-202--clean--190011.npz,8f46add24eb26bd0469f92e35cae797efe67f821f01421eadc57def4c9dbfa26
completed,,75,0.24680066600558348,1.5,450576384,"[{""baseline_escape_drive"":null,""collision_substeps"":0,""escape_drive_integral"":0.11805389046669007,""final_simulated_energy"":0.34351444679737053,""food"":0.0,""inference_mean_ms"":0.21918942724975446,""inference_wall_seconds"":0.016439207043731585,""motor_energy_demand"":0.00648555320262909,""reaction_seconds"":null,""recovery_seconds"":null,""simulation_seconds"":1.5}]",0.0,0,0.00648555320262909,0.7,0.0,not_applicable,stress,clean,190012,feedforward-202,"[""feedforward-202""]",75,aa4b3cee902019b16faa0c35609e9e3aa006dbc0e2621dfb08ceab6de62fa6fb,stress--feedforward-202--clean--190012.npz,8c5fd754be5f2db5c37a3da508f34917183795c040a001f0148aa18dd139373d
completed,,75,0.24573604098986834,1.5,450592768,"[{""baseline_escape_drive"":null,""collision_substeps"":0,""escape_drive_integral"":0.11846840232610703,""final_simulated_energy"":0.3435017169591781,""food"":0.0,""inference_mean_ms"":0.2014399339289715,""inference_wall_seconds"":0.015107995044672862,""motor_energy_demand"":0.006498283040821552,""reaction_seconds"":null,""recovery_seconds"":null,""simulation_seconds"":1.5}]",0.0,0,0.006498283040821552,0.7,0.0,not_applicable,stress,clean,190013,feedforward-202,"[""feedforward-202""]",75,aa4b3cee902019b16faa0c35609e9e3aa006dbc0e2621dfb08ceab6de62fa6fb,stress--feedforward-202--clean--190013.npz,c288107ea9706a94ea231448ee6f17699f9b369b3186e92f873fc123ccc315c1
completed,,75,0.2452809590031393,1.5,450592768,"[{""baseline_escape_drive"":null,""collision_substeps"":0,""escape_drive_integral"":0.11824369937181473,""final_simulated_energy"":0.3435088581636542,""food"":0.0,""inference_mean_ms"":0.20190893323160708,""inference_wall_seconds"":0.015143169992370531,""motor_energy_demand"":0.006491141836345197,""reaction_seconds"":null,""recovery_seconds"":null,""simulation_seconds"":1.5}]",0.0,0,0.006491141836345197,0.7,0.0,not_applicable,stress,clean,190014,feedforward-202,"[""feedforward-202""]",75,aa4b3cee902019b16faa0c35609e9e3aa006dbc0e2621dfb08ceab6de62fa6fb,stress--feedforward-202--clean--190014.npz,5b93a59ef49cd5d69aa2d4e7d4fde1f8e3919ef87680fcc42da708fd6b2886b7
completed,,75,0.23268962500151247,1.5,450592768,"[{""baseline_escape_drive"":null,""collision_substeps"":0,""escape_drive_integral"":0.03545436782762408,""final_simulated_energy"":0.4946552856153295,""food"":0.2954570746421813,""inference_mean_ms"":0.18084613412308198,""inference_wall_seconds"":0.013563460059231147,""motor_energy_demand"":0.003073251705761068,""reaction_seconds"":null,""recovery_seconds"":null,""simulation_seconds"":1.5}]",0.2954570746421813,0,0.003073251705761068,0.40454292535781883,0.0,not_applicable,stress,clean,190015,feedforward-202,"[""feedforward-202""]",75,aa4b3cee902019b16faa0c35609e9e3aa006dbc0e2621dfb08ceab6de62fa6fb,stress--feedforward-202--clean--190015.npz,c7351cf1566430bf8765e50bbd0b04127398ed1e14c1e03ee5bfe84a0278a60a
completed,,75,0.23794133300543763,1.5,450625536,"[{""baseline_escape_drive"":null,""collision_substeps"":0,""escape_drive_integral"":0.11818009018898011,""final_simulated_energy"":0.34351083730697585,""food"":0.0,""inference_mean_ms"":0.204663904538999,""inference_wall_seconds"":0.015349792840424925,""motor_energy_demand"":0.006489162693023681,""reaction_seconds"":null,""recovery_seconds"":null,""simulation_seconds"":1.5}]",0.0,0,0.006489162693023681,0.7,0.0,not_applicable,stress,clean,190016,feedforward-202,"[""feedforward-202""]",75,aa4b3cee902019b16faa0c35609e9e3aa006dbc0e2621dfb08ceab6de62fa6fb,stress--feedforward-202--clean--190016.npz,928e53caa93523c64b68a6b103bb75f17fe68afaca24cc42868a47ca9b4a828d
completed,,75,0.24391358299180865,1.5,450641920,"[{""baseline_escape_drive"":null,""collision_substeps"":0,""escape_drive_integral"":0.11829642370343209,""final_simulated_energy"":0.3435072844685616,""food"":0.0,""inference_mean_ms"":0.19526502777201435,""inference_wall_seconds"":0.014644877082901075,""motor_energy_demand"":0.006492715531438591,""reaction_seconds"":null,""recovery_seconds"":null,""simulation_seconds"":1.5}]",0.0,0,0.006492715531438591,0.7,0.0,not_applicable,stress,clean,190017,feedforward-202,"[""feedforward-202""]",75,aa4b3cee902019b16faa0c35609e9e3aa006dbc0e2621dfb08ceab6de62fa6fb,stress--feedforward-202--clean--190017.npz,fee292f9b5947c9fccf762ffcf6ac0c7da7ca04230d0b8cd119ca2c229d8d378
completed,,75,0.23818383298930712,1.5,450641920,"[{""baseline_escape_drive"":null,""collision_substeps"":0,""escape_drive_integral"":0.11815926015377044,""final_simulated_energy"":0.34351162069201424,""food"":0.0,""inference_mean_ms"":0.19022226838084558,""inference_wall_seconds"":0.014266670128563419,""motor_energy_demand"":0.0064883793079853055,""reaction_seconds"":null,""recovery_seconds"":null,""simulation_seconds"":1.5}]",0.0,0,0.0064883793079853055,0.7,0.0,not_applicable,stress,clean,190018,feedforward-202,"[""feedforward-202""]",75,aa4b3cee902019b16faa0c35609e9e3aa006dbc0e2621dfb08ceab6de62fa6fb,stress--feedforward-202--clean--190018.npz,ff2c04e69190fd06166ebe5045d2ca3611b8f0b36cc65d69cf69c9eda776e54f
completed,,75,0.23357079198467545,1.5,450658304,"[{""baseline_escape_drive"":null,""collision_substeps"":0,""escape_drive_integral"":0.11833483934402467,""final_simulated_energy"":0.3435061942547558,""food"":0.0,""inference_mean_ms"":0.18446058694583675,""inference_wall_seconds"":0.013834544020937756,""motor_energy_demand"":0.006493805745244025,""reaction_seconds"":null,""recovery_seconds"":null,""simulation_seconds"":1.5}]",0.0,0,0.006493805745244025,0.7,0.0,not_applicable,stress,clean,190019,feedforward-202,"[""feedforward-202""]",75,aa4b3cee902019b16faa0c35609e9e3aa006dbc0e2621dfb08ceab6de62fa6fb,stress--feedforward-202--clean--190019.npz,bd780062ee4c59b37203f621799e0dbea0f55751ff56ca84083f168818af2c68
completed,,75,0.24008216700167395,1.5,450658304,"[{""baseline_escape_drive"":null,""collision_substeps"":0,""escape_drive_integral"":0.11829640701413155,""final_simulated_energy"":0.3435070018728077,""food"":0.0,""inference_mean_ms"":0.19516058654213944,""inference_wall_seconds"":0.014637043990660459,""motor_energy_demand"":0.006492998127192258,""reaction_seconds"":null,""recovery_seconds"":null,""simulation_seconds"":1.5}]",0.0,0,0.006492998127192258,0.7,0.0,not_applicable,stress,clean,190020,feedforward-202,"[""feedforward-202""]",75,aa4b3cee902019b16faa0c35609e9e3aa006dbc0e2621dfb08ceab6de62fa6fb,stress--feedforward-202--clean--190020.npz,1e9a92a364c1e08e14aa03782acf9e83630668ffe04edb65141232b071c47545
completed,,75,0.2416445409762673,1.5,450658304,"[{""baseline_escape_drive"":null,""collision_substeps"":0,""escape_drive_integral"":0.11813842564821243,""final_simulated_energy"":0.3435120098087192,""food"":0.0,""inference_mean_ms"":0.19551114722465474,""inference_wall_seconds"":0.014663336041849107,""motor_energy_demand"":0.006487990191280842,""reaction_seconds"":null,""recovery_seconds"":null,""simulation_seconds"":1.5}]",0.0,0,0.006487990191280842,0.7,0.0,not_applicable,stress,clean,190021,feedforward-202,"[""feedforward-202""]",75,aa4b3cee902019b16faa0c35609e9e3aa006dbc0e2621dfb08ceab6de62fa6fb,stress--feedforward-202--clean--190021.npz,91bfb830025a1e6443e19ffa56c813f9ba70f71f0dad267ef3af776562e4aa09
completed,,75,0.24000945800798945,1.5,450674688,"[{""baseline_escape_drive"":null,""collision_substeps"":0,""escape_drive_integral"":0.11829394310712815,""final_simulated_energy"":0.3435073825690145,""food"":0.0,""inference_mean_ms"":0.18854049306052428,""inference_wall_seconds"":0.01414053697953932,""motor_energy_demand"":0.006492617430984973,""reaction_seconds"":null,""recovery_seconds"":null,""simulation_seconds"":1.5}]",0.0,0,0.006492617430984973,0.7,0.0,not_applicable,stress,clean,190022,feedforward-202,"[""feedforward-202""]",75,aa4b3cee902019b16faa0c35609e9e3aa006dbc0e2621dfb08ceab6de62fa6fb,stress--feedforward-202--clean--190022.npz,6c1969b752a69ba72522228c1ec1f87170aef0780cead4671b1e9308ef3f7d87
completed,,75,0.2405371670029126,1.5,450674688,"[{""baseline_escape_drive"":null,""collision_substeps"":0,""escape_drive_integral"":0.11826320797204971,""final_simulated_energy"":0.34350793305903704,""food"":0.0,""inference_mean_ms"":0.1861388263447831,""inference_wall_seconds"":0.013960411975858733,""motor_energy_demand"":0.0064920669409632694,""reaction_seconds"":null,""recovery_seconds"":null,""simulation_seconds"":1.5}]",0.0,0,0.0064920669409632694,0.7,0.0,not_applicable,stress,clean,190023,feedforward-202,"[""feedforward-202""]",75,aa4b3cee902019b16faa0c35609e9e3aa006dbc0e2621dfb08ceab6de62fa6fb,stress--feedforward-202--clean--190023.npz,3f79d7929c19164a88e07b60350e192ef7524ef030d78ba21e92e8f8f2dca414
completed,,75,0.2439597079937812,1.5,450674688,"[{""baseline_escape_drive"":null,""collision_substeps"":0,""escape_drive_integral"":0.11822295650839806,""final_simulated_energy"":0.34350962679073205,""food"":0.0,""inference_mean_ms"":0.19361670672272643,""inference_wall_seconds"":0.014521253004204482,""motor_energy_demand"":0.0064903732092678555,""reaction_seconds"":null,""recovery_seconds"":null,""simulation_seconds"":1.5}]",0.0,0,0.0064903732092678555,0.7,0.0,not_applicable,stress,clean,190024,feedforward-202,"[""feedforward-202""]",75,aa4b3cee902019b16faa0c35609e9e3aa006dbc0e2621dfb08ceab6de62fa6fb,stress--feedforward-202--clean--190024.npz,1fa5b98401e67df6554afa0b2e646393b3452708425280aecfce024e58ba9e11
completed,,75,0.2436231249885168,1.5,450691072,"[{""baseline_escape_drive"":null,""collision_substeps"":0,""escape_drive_integral"":0.11848948195576668,""final_simulated_energy"":0.3435012185646592,""food"":0.0,""inference_mean_ms"":0.19856436139283082,""inference_wall_seconds"":0.01489232710446231,""motor_energy_demand"":0.006498781435340642,""reaction_seconds"":null,""recovery_seconds"":null,""simulation_seconds"":1.5}]",0.0,0,0.006498781435340642,0.7,0.0,not_applicable,stress,clean,190025,feedforward-202,"[""feedforward-202""]",75,aa4b3cee902019b16faa0c35609e9e3aa006dbc0e2621dfb08ceab6de62fa6fb,stress--feedforward-202--clean--190025.npz,f7222952b6f1ee7150e4b9cde04c47f3d5adb836c5c8437ffbbad73b8d5f914e
completed,,75,0.24084283399861306,1.5,450691072,"[{""baseline_escape_drive"":null,""collision_substeps"":0,""escape_drive_integral"":0.11835181668400764,""final_simulated_energy"":0.3435056947280468,""food"":0.0,""inference_mean_ms"":0.18593613368769485,""inference_wall_seconds"":0.013945210026577115,""motor_energy_demand"":0.006494305271953343,""reaction_seconds"":null,""recovery_seconds"":null,""simulation_seconds"":1.5}]",0.0,0,0.006494305271953343,0.7,0.0,not_applicable,stress,clean,190026,feedforward-202,"[""feedforward-202""]",75,aa4b3cee902019b16faa0c35609e9e3aa006dbc0e2621dfb08ceab6de62fa6fb,stress--feedforward-202--clean--190026.npz,71eac7885268095c8cca0aabb478685c48bacefe85204173e4cc18efaef685cf
completed,,75,0.23538691698922776,1.5,450707456,"[{""baseline_escape_drive"":null,""collision_substeps"":0,""escape_drive_integral"":0.11836711794137955,""final_simulated_energy"":0.34350522159546604,""food"":0.0,""inference_mean_ms"":0.18888784184431037,""inference_wall_seconds"":0.014166588138323277,""motor_energy_demand"":0.006494778404533863,""reaction_seconds"":null,""recovery_seconds"":null,""simulation_seconds"":1.5}]",0.0,0,0.006494778404533863,0.7,0.0,not_applicable,stress,clean,190027,feedforward-202,"[""feedforward-202""]",75,aa4b3cee902019b16faa0c35609e9e3aa006dbc0e2621dfb08ceab6de62fa6fb,stress--feedforward-202--clean--190027.npz,b1d40ce4d888843f560d15a871575597aaf53d7ce6a49f3f04a39a4bd2200a69
completed,,75,0.242494792008074,1.5,450723840,"[{""baseline_escape_drive"":null,""collision_substeps"":0,""escape_drive_integral"":0.11846813887357711,""final_simulated_energy"":0.34350183212906127,""food"":0.0,""inference_mean_ms"":0.2084300147059063,""inference_wall_seconds"":0.015632251102942973,""motor_energy_demand"":0.006498167870938778,""reaction_seconds"":null,""recovery_seconds"":null,""simulation_seconds"":1.5}]",0.0,0,0.006498167870938778,0.7,0.0,not_applicable,stress,clean,190028,feedforward-202,"[""feedforward-202""]",75,aa4b3cee902019b16faa0c35609e9e3aa006dbc0e2621dfb08ceab6de62fa6fb,stress--feedforward-202--clean--190028.npz,ed1f9d3f950b108b8e12d8845a47b5dea08c7dbe4c33bf5bb4421c7cb2128159
completed,,75,0.24807904101908207,1.5,450723840,"[{""baseline_escape_drive"":null,""collision_substeps"":0,""escape_drive_integral"":0.03101379289291799,""final_simulated_energy"":0.5022114176147434,""food"":0.31037505298852913,""inference_mean_ms"":0.20503279908249775,""inference_wall_seconds"":0.015377459931187332,""motor_energy_demand"":0.00297610887952149,""reaction_seconds"":null,""recovery_seconds"":null,""simulation_seconds"":1.5}]",0.31037505298852913,0,0.00297610887952149,0.38962494701147093,0.0,not_applicable,stress,clean,190029,feedforward-202,"[""feedforward-202""]",75,aa4b3cee902019b16faa0c35609e9e3aa006dbc0e2621dfb08ceab6de62fa6fb,stress--feedforward-202--clean--190029.npz,c9600f89c56c2cc59355dac503291de3b78da991d84ef090266a06552445640d
completed,,75,0.2431587080063764,1.5,450740224,"[{""baseline_escape_drive"":null,""collision_substeps"":0,""escape_drive_integral"":0.11825494587421417,""final_simulated_energy"":0.34350863913536067,""food"":0.0,""inference_mean_ms"":0.19335054598438242,""inference_wall_seconds"":0.014501290948828682,""motor_energy_demand"":0.006491360864639283,""reaction_seconds"":null,""recovery_seconds"":null,""simulation_seconds"":1.5}]",0.0,0,0.006491360864639283,0.7,0.0,not_applicable,stress,clean,190030,feedforward-202,"[""feedforward-202""]",75,aa4b3cee902019b16faa0c35609e9e3aa006dbc0e2621dfb08ceab6de62fa6fb,stress--feedforward-202--clean--190030.npz,20520bfc438ec8b09c5cc4fb1ccc03a6d5b0884ec0ce742e50a91270e904418d
completed,,75,0.23491545801516622,1.5,450756608,"[{""baseline_escape_drive"":null,""collision_substeps"":0,""escape_drive_integral"":0.11735340341925621,""final_simulated_energy"":0.343533203716725,""food"":0.0,""inference_mean_ms"":0.18455939871879914,""inference_wall_seconds"":0.013841954903909937,""motor_energy_demand"":0.006466796283274889,""reaction_seconds"":null,""recovery_seconds"":null,""simulation_seconds"":1.5}]",0.0,0,0.006466796283274889,0.7,0.0,not_applicable,stress,visual_noise,190001,feedforward-202,"[""feedforward-202""]",75,aa4b3cee902019b16faa0c35609e9e3aa006dbc0e2621dfb08ceab6de62fa6fb,stress--feedforward-202--visual_noise--190001.npz,75d14183fe8297fcf47e6b12426e29f8e35c22136fcd007d4d24987fd3ebfa1e
completed,,75,0.23972233399399556,1.5,450789376,"[{""baseline_escape_drive"":null,""collision_substeps"":0,""escape_drive_integral"":0.11703717410564422,""final_simulated_energy"":0.34354165578067275,""food"":0.0,""inference_mean_ms"":0.19841781390520433,""inference_wall_seconds"":0.014881336042890325,""motor_energy_demand"":0.006458344219326974,""reaction_seconds"":null,""recovery_seconds"":null,""simulation_seconds"":1.5}]",0.0,0,0.006458344219326974,0.7,0.0,not_applicable,stress,visual_noise,190002,feedforward-202,"[""feedforward-202""]",75,aa4b3cee902019b16faa0c35609e9e3aa006dbc0e2621dfb08ceab6de62fa6fb,stress--feedforward-202--visual_noise--190002.npz,63e38b5f22f32cffa70163b25405469d6955707489727e25fba182da508cba1d
completed,,75,0.2439861659950111,1.5,450805760,"[{""baseline_escape_drive"":null,""collision_substeps"":0,""escape_drive_integral"":0.11644603446125984,""final_simulated_energy"":0.3435585589624942,""food"":0.0,""inference_mean_ms"":0.1955905486829579,""inference_wall_seconds"":0.014669291151221842,""motor_energy_demand"":0.006441441037505865,""reaction_seconds"":null,""recovery_seconds"":null,""simulation_seconds"":1.5}]",0.0,0,0.006441441037505865,0.7,0.0,not_applicable,stress,visual_noise,190003,feedforward-202,"[""feedforward-202""]",75,aa4b3cee902019b16faa0c35609e9e3aa006dbc0e2621dfb08ceab6de62fa6fb,stress--feedforward-202--visual_noise--190003.npz,d8265ffcc8b9fad7131a0f0075f38ac9217f00a9a16d24bbff9cbdc57603d499
completed,,75,0.24085716699482873,1.5,450822144,"[{""baseline_escape_drive"":null,""collision_substeps"":0,""escape_drive_integral"":0.11688008695840836,""final_simulated_energy"":0.34354716067522706,""food"":0.0,""inference_mean_ms"":0.19004497483062247,""inference_wall_seconds"":0.014253373112296686,""motor_energy_demand"":0.006452839324772358,""reaction_seconds"":null,""recovery_seconds"":null,""simulation_seconds"":1.5}]",0.0,0,0.006452839324772358,0.7,0.0,not_applicable,stress,visual_noise,190004,feedforward-202,"[""feedforward-202""]",75,aa4b3cee902019b16faa0c35609e9e3aa006dbc0e2621dfb08ceab6de62fa6fb,stress--feedforward-202--visual_noise--190004.npz,49f70975bf29af3bcbe34ac7c879dc8e0635c387480613cd894ba0aa213cfc81
completed,,75,0.23902679199818522,1.5,450822144,"[{""baseline_escape_drive"":null,""collision_substeps"":0,""escape_drive_integral"":0.11671044662594796,""final_simulated_energy"":0.34355016029909247,""food"":0.0,""inference_mean_ms"":0.19029775906043747,""inference_wall_seconds"":0.014272331929532811,""motor_energy_demand"":0.006449839700907468,""reaction_seconds"":null,""recovery_seconds"":null,""simulation_seconds"":1.5}]",0.0,0,0.006449839700907468,0.7,0.0,not_applicable,stress,visual_noise,190005,feedforward-202,"[""feedforward-202""]",75,aa4b3cee902019b16faa0c35609e9e3aa006dbc0e2621dfb08ceab6de62fa6fb,stress--feedforward-202--visual_noise--190005.npz,07abc8efc797e38d579764a5ab084901c981a045b85395cd69e7cb007051523b
completed,,75,0.24073887499980628,1.5,450838528,"[{""baseline_escape_drive"":null,""collision_substeps"":0,""escape_drive_integral"":0.11736727252602577,""final_simulated_energy"":0.3435316791410745,""food"":0.0,""inference_mean_ms"":0.19159276193628708,""inference_wall_seconds"":0.014369457145221531,""motor_energy_demand"":0.0064683208589255805,""reaction_seconds"":null,""recovery_seconds"":null,""simulation_seconds"":1.5}]",0.0,0,0.0064683208589255805,0.7,0.0,not_applicable,stress,visual_noise,190006,feedforward-202,"[""feedforward-202""]",75,aa4b3cee902019b16faa0c35609e9e3aa006dbc0e2621dfb08ceab6de62fa6fb,stress--feedforward-202--visual_noise--190006.npz,96515dae0aeae74b590293b6e1ca22cf000dd9ce68c0456e0fc00167c1b3f4d1
completed,,75,0.2438398749800399,1.5,450838528,"[{""baseline_escape_drive"":null,""collision_substeps"":0,""escape_drive_integral"":0.1174902468919754,""final_simulated_energy"":0.34352757063090766,""food"":0.0,""inference_mean_ms"":0.19575778705378374,""inference_wall_seconds"":0.01468183402903378,""motor_energy_demand"":0.006472429369091988,""reaction_seconds"":null,""recovery_seconds"":null,""simulation_seconds"":1.5}]",0.0,0,0.006472429369091988,0.7,0.0,not_applicable,stress,visual_noise,190007,feedforward-202,"[""feedforward-202""]",75,aa4b3cee902019b16faa0c35609e9e3aa006dbc0e2621dfb08ceab6de62fa6fb,stress--feedforward-202--visual_noise--190007.npz,82bb9f3199eaf1e0dbe4649007ea7d118f42f536b479f8b916410096f51604dc
completed,,75,0.2414417499967385,1.5,450838528,"[{""baseline_escape_drive"":null,""collision_substeps"":0,""escape_drive_integral"":0.11710806429386139,""final_simulated_energy"":0.3435383756166702,""food"":0.0,""inference_mean_ms"":0.19435885517547527,""inference_wall_seconds"":0.014576914138160646,""motor_energy_demand"":0.006461624383330345,""reaction_seconds"":null,""recovery_seconds"":null,""simulation_seconds"":1.5}]",0.0,0,0.006461624383330345,0.7,0.0,not_applicable,stress,visual_noise,190008,feedforward-202,"[""feedforward-202""]",75,aa4b3cee902019b16faa0c35609e9e3aa006dbc0e2621dfb08ceab6de62fa6fb,stress--feedforward-202--visual_noise--190008.npz,7dae692bffdc69e8cc6582d4241922beb809165b93bb42f7f218a5c3453be71f
completed,,75,0.24151387499296106,1.5,450838528,"[{""baseline_escape_drive"":null,""collision_substeps"":0,""escape_drive_integral"":0.028993110414594413,""final_simulated_energy"":0.5072610640960741,""food"":0.3201257333159446,""inference_mean_ms"":0.18853167964455983,""inference_wall_seconds"":0.014139875973341987,""motor_energy_demand"":0.0028018025618977843,""reaction_seconds"":null,""recovery_seconds"":null,""simulation_seconds"":1.5}]",0.3201257333159446,0,0.0028018025618977843,0.37987426668405555,0.0,not_applicable,stress,visual_noise,190009,feedforward-202,"[""feedforward-202""]",75,aa4b3cee902019b16faa0c35609e9e3aa006dbc0e2621dfb08ceab6de62fa6fb,stress--feedforward-202--visual_noise--190009.npz,b0ee3bb92703e3611bcdb51faa32b32c515a7440bda8bc4ae18e7d80691eb990
completed,,75,0.24160004200530238,1.5,450838528,"[{""baseline_escape_drive"":null,""collision_substeps"":0,""escape_drive_integral"":0.11660734444856644,""final_simulated_energy"":0.34355540276676444,""food"":0.0,""inference_mean_ms"":0.19696326499494413,""inference_wall_seconds"":0.01477224487462081,""motor_energy_demand"":0.006444597233235837,""reaction_seconds"":null,""recovery_seconds"":null,""simulation_seconds"":1.5}]",0.0,0,0.006444597233235837,0.7,0.0,not_applicable,stress,visual_noise,190010,feedforward-202,"[""feedforward-202""]",75,aa4b3cee902019b16faa0c35609e9e3aa006dbc0e2621dfb08ceab6de62fa6fb,stress--feedforward-202--visual_noise--190010.npz,2540aa83d8d4b7bbc08ef4019d29f5fa17b461c2d6cc78851bda158c4ad911d4
completed,,75,0.24594837499898858,1.5,450838528,"[{""baseline_escape_drive"":null,""collision_substeps"":0,""escape_drive_integral"":0.11751487448811532,""final_simulated_energy"":0.343527657784373,""food"":0.0,""inference_mean_ms"":0.20580046771404645,""inference_wall_seconds"":0.015435035078553483,""motor_energy_demand"":0.006472342215627432,""reaction_seconds"":null,""recovery_seconds"":null,""simulation_seconds"":1.5}]",0.0,0,0.006472342215627432,0.7,0.0,not_applicable,stress,visual_noise,190011,feedforward-202,"[""feedforward-202""]",75,aa4b3cee902019b16faa0c35609e9e3aa006dbc0e2621dfb08ceab6de62fa6fb,stress--feedforward-202--visual_noise--190011.npz,cd7be3ba0b22aa536f62b4020798e1688bdbd91408a6510c2d92da1648a92643
completed,,75,0.24513333299546503,1.5,450854912,"[{""baseline_escape_drive"":null,""collision_substeps"":0,""escape_drive_integral"":0.11657561793923378,""final_simulated_energy"":0.34355472618535177,""food"":0.0,""inference_mean_ms"":0.19803612027317286,""inference_wall_seconds"":0.014852709020487964,""motor_energy_demand"":0.00644527381464839,""reaction_seconds"":null,""recovery_seconds"":null,""simulation_seconds"":1.5}]",0.0,0,0.00644527381464839,0.7,0.0,not_applicable,stress,visual_noise,190012,feedforward-202,"[""feedforward-202""]",75,aa4b3cee902019b16faa0c35609e9e3aa006dbc0e2621dfb08ceab6de62fa6fb,stress--feedforward-202--visual_noise--190012.npz,582c82275b13fda5b15a3ead7a334d1ac72e188c038282d2d9c9babcef60178f
completed,,75,0.24240516699501313,1.5,450854912,"[{""baseline_escape_drive"":null,""collision_substeps"":0,""escape_drive_integral"":0.11721281304955483,""final_simulated_energy"":0.34353235817804917,""food"":0.0,""inference_mean_ms"":0.18834440115218362,""inference_wall_seconds"":0.014125830086413771,""motor_energy_demand"":0.006467641821950675,""reaction_seconds"":null,""recovery_seconds"":null,""simulation_seconds"":1.5}]",0.0,0,0.006467641821950675,0.7,0.0,not_applicable,stress,visual_noise,190013,feedforward-202,"[""feedforward-202""]",75,aa4b3cee902019b16faa0c35609e9e3aa006dbc0e2621dfb08ceab6de62fa6fb,stress--feedforward-202--visual_noise--190013.npz,f431368c27ed9a677a9483027fb1b4d3b20e0c2387d04bf0cb3bf065acd05b0a
completed,,75,0.24468291699304245,1.5,450854912,"[{""baseline_escape_drive"":null,""collision_substeps"":0,""escape_drive_integral"":0.11710102289915085,""final_simulated_energy"":0.3435397135171294,""food"":0.0,""inference_mean_ms"":0.1971360567646722,""inference_wall_seconds"":0.014785204257350415,""motor_energy_demand"":0.0064602864828705794,""reaction_seconds"":null,""recovery_seconds"":null,""simulation_seconds"":1.5}]",0.0,0,0.0064602864828705794,0.7,0.0,not_applicable,stress,visual_noise,190014,feedforward-202,"[""feedforward-202""]",75,aa4b3cee902019b16faa0c35609e9e3aa006dbc0e2621dfb08ceab6de62fa6fb,stress--feedforward-202--visual_noise--190014.npz,472017fbcd22634f8a248acf8a8fb49ed356332034168fc8471168495f7682bd
completed,,75,0.2452020829950925,1.5,450854912,"[{""baseline_escape_drive"":null,""collision_substeps"":0,""escape_drive_integral"":0.03754481615498662,""final_simulated_energy"":0.4930163389422365,""food"":0.29246993362903595,""inference_mean_ms"":0.19666775750617185,""inference_wall_seconds"":0.01475008181296289,""motor_energy_demand"":0.0032186278722807766,""reaction_seconds"":null,""recovery_seconds"":null,""simulation_seconds"":1.5}]",0.29246993362903595,0,0.0032186278722807766,0.40753006637096467,0.0,not_applicable,stress,visual_noise,190015,feedforward-202,"[""feedforward-202""]",75,aa4b3cee902019b16faa0c35609e9e3aa006dbc0e2621dfb08ceab6de62fa6fb,stress--feedforward-202--visual_noise--190015.npz,cfabd03ef66c1175eab170dc9484727bcdd06ebbf839531f14a7b864d24207e4
completed,,75,0.24047575000440702,1.5,450871296,"[{""baseline_escape_drive"":null,""collision_substeps"":0,""escape_drive_integral"":0.11678474634885788,""final_simulated_energy"":0.3435478925672172,""food"":0.0,""inference_mean_ms"":0.1874349731951952,""inference_wall_seconds"":0.01405762298963964,""motor_energy_demand"":0.00645210743278265,""reaction_seconds"":null,""recovery_seconds"":null,""simulation_seconds"":1.5}]",0.0,0,0.00645210743278265,0.7,0.0,not_applicable,stress,visual_noise,190016,feedforward-202,"[""feedforward-202""]",75,aa4b3cee902019b16faa0c35609e9e3aa006dbc0e2621dfb08ceab6de62fa6fb,stress--feedforward-202--visual_noise--190016.npz,447dd4d14c16901c40c4e69a9e62aad837527fae1a00cecae6df5ee969dfdbd6
completed,,75,0.23443774998304434,1.5,450904064,"[{""baseline_escape_drive"":null,""collision_substeps"":0,""escape_drive_integral"":0.11708710968494415,""final_simulated_energy"":0.3435391275531049,""food"":0.0,""inference_mean_ms"":0.18171773330929378,""inference_wall_seconds"":0.013628829998197034,""motor_energy_demand"":0.006460872446894646,""reaction_seconds"":null,""recovery_seconds"":null,""simulation_seconds"":1.5}]",0.0,0,0.006460872446894646,0.7,0.0,not_applicable,stress,visual_noise,190017,feedforward-202,"[""feedforward-202""]",75,aa4b3cee902019b16faa0c35609e9e3aa006dbc0e2621dfb08ceab6de62fa6fb,stress--feedforward-202--visual_noise--190017.npz,4f3c332eea653bde7b2bc153366be0588d0fa7fc84726faa7f8f6a57ef3373d8
completed,,75,0.26001770902075805,1.5,450920448,"[{""baseline_escape_drive"":null,""collision_substeps"":0,""escape_drive_integral"":0.11664147511124612,""final_simulated_energy"":0.34355374318495424,""food"":0.0,""inference_mean_ms"":0.2230550538903723,""inference_wall_seconds"":0.016729129041777924,""motor_energy_demand"":0.006446256815046072,""reaction_seconds"":null,""recovery_seconds"":null,""simulation_seconds"":1.5}]",0.0,0,0.006446256815046072,0.7,0.0,not_applicable,stress,visual_noise,190018,feedforward-202,"[""feedforward-202""]",75,aa4b3cee902019b16faa0c35609e9e3aa006dbc0e2621dfb08ceab6de62fa6fb,stress--feedforward-202--visual_noise--190018.npz,a8b393e1ce1fe6997711bf054a9b886665c89c2aba389722c99dac23b26a6bd9
completed,,75,0.24810058300499804,1.5,450920448,"[{""baseline_escape_drive"":null,""collision_substeps"":0,""escape_drive_integral"":0.11753349497914314,""final_simulated_energy"":0.34352506197109844,""food"":0.0,""inference_mean_ms"":0.20560052207050222,""inference_wall_seconds"":0.015420039155287668,""motor_energy_demand"":0.006474938028901815,""reaction_seconds"":null,""recovery_seconds"":null,""simulation_seconds"":1.5}]",0.0,0,0.006474938028901815,0.7,0.0,not_applicable,stress,visual_noise,190019,feedforward-202,"[""feedforward-202""]",75,aa4b3cee902019b16faa0c35609e9e3aa006dbc0e2621dfb08ceab6de62fa6fb,stress--feedforward-202--visual_noise--190019.npz,48612894553790be27adede640fbb692cc85e55d8ad9447f477c27312859697e
completed,,75,0.24077666699304245,1.5,450920448,"[{""baseline_escape_drive"":null,""collision_substeps"":0,""escape_drive_integral"":0.1168821981549263,""final_simulated_energy"":0.343545664196908,""food"":0.0,""inference_mean_ms"":0.18720500015964112,""inference_wall_seconds"":0.014040375011973083,""motor_energy_demand"":0.006454335803091526,""reaction_seconds"":null,""recovery_seconds"":null,""simulation_seconds"":1.5}]",0.0,0,0.006454335803091526,0.7,0.0,not_applicable,stress,visual_noise,190020,feedforward-202,"[""feedforward-202""]",75,aa4b3cee902019b16faa0c35609e9e3aa006dbc0e2621dfb08ceab6de62fa6fb,stress--feedforward-202--visual_noise--190020.npz,3ef95e2cc0d8b9d085573a8d95f5ee6bc9fbf07f2cc82316a80d0c81e0afe59e
completed,,75,0.24145008300547488,1.5,450936832,"[{""baseline_escape_drive"":null,""collision_substeps"":0,""escape_drive_integral"":0.11701552867889405,""final_simulated_energy"":0.3435426124280695,""food"":0.0,""inference_mean_ms"":0.18831939902156591,""inference_wall_seconds"":0.014123954926617444,""motor_energy_demand"":0.006457387571930885,""reaction_seconds"":null,""recovery_seconds"":null,""simulation_seconds"":1.5}]",0.0,0,0.006457387571930885,0.7,0.0,not_applicable,stress,visual_noise,190021,feedforward-202,"[""feedforward-202""]",75,aa4b3cee902019b16faa0c35609e9e3aa006dbc0e2621dfb08ceab6de62fa6fb,stress--feedforward-202--visual_noise--190021.npz,0e50502466ee857852e787d64f4e1bd4bdb609b7cd8ce0b8223d856664c00bec
completed,,75,0.24770029101637192,1.5,450936832,"[{""baseline_escape_drive"":null,""collision_substeps"":0,""escape_drive_integral"":0.11739185616374016,""final_simulated_energy"":0.3435307467637957,""food"":0.0,""inference_mean_ms"":0.2097782554725806,""inference_wall_seconds"":0.015733369160443544,""motor_energy_demand"":0.006469253236204386,""reaction_seconds"":null,""recovery_seconds"":null,""simulation_seconds"":1.5}]",0.0,0,0.006469253236204386,0.7,0.0,not_applicable,stress,visual_noise,190022,feedforward-202,"[""feedforward-202""]",75,aa4b3cee902019b16faa0c35609e9e3aa006dbc0e2621dfb08ceab6de62fa6fb,stress--feedforward-202--visual_noise--190022.npz,72a91a1cce5e6b251bb6101ad53c37b561d833f82ab0beca62f3a62e73d5e623
completed,,75,0.24431645800359547,1.5,450953216,"[{""baseline_escape_drive"":null,""collision_substeps"":0,""escape_drive_integral"":0.11715431079268455,""final_simulated_energy"":0.34353621648594723,""food"":0.0,""inference_mean_ms"":0.19391613430343568,""inference_wall_seconds"":0.014543710072757676,""motor_energy_demand"":0.006463783514052629,""reaction_seconds"":null,""recovery_seconds"":null,""simulation_seconds"":1.5}]",0.0,0,0.006463783514052629,0.7,0.0,not_applicable,stress,visual_noise,190023,feedforward-202,"[""feedforward-202""]",75,aa4b3cee902019b16faa0c35609e9e3aa006dbc0e2621dfb08ceab6de62fa6fb,stress--feedforward-202--visual_noise--190023.npz,0f6c3004f381b59929fe6513eb8b1a3e37d1af5642bc1a33003fa529a1320ef3
completed,,75,0.24311195901827887,1.5,450969600,"[{""baseline_escape_drive"":null,""collision_substeps"":0,""escape_drive_integral"":0.1170242939889431,""final_simulated_energy"":0.3435407990340891,""food"":0.0,""inference_mean_ms"":0.19570392090827227,""inference_wall_seconds"":0.01467779406812042,""motor_energy_demand"":0.0064592009659111506,""reaction_seconds"":null,""recovery_seconds"":null,""simulation_seconds"":1.5}]",0.0,0,0.0064592009659111506,0.7,0.0,not_applicable,stress,visual_noise,190024,feedforward-202,"[""feedforward-202""]",75,aa4b3cee902019b16faa0c35609e9e3aa006dbc0e2621dfb08ceab6de62fa6fb,stress--feedforward-202--visual_noise--190024.npz,22341957b056f7eaf421804af99227bd79491f7626110a749bdb848a6c0c5ce9
completed,,75,0.24417074999655597,1.5,450985984,"[{""baseline_escape_drive"":null,""collision_substeps"":0,""escape_drive_integral"":0.11752376586198807,""final_simulated_energy"":0.34352714773029147,""food"":0.0,""inference_mean_ms"":0.1942899605880181,""inference_wall_seconds"":0.014571747044101357,""motor_energy_demand"":0.006472852269709111,""reaction_seconds"":null,""recovery_seconds"":null,""simulation_seconds"":1.5}]",0.0,0,0.006472852269709111,0.7,0.0,not_applicable,stress,visual_noise,190025,feedforward-202,"[""feedforward-202""]",75,aa4b3cee902019b16faa0c35609e9e3aa006dbc0e2621dfb08ceab6de62fa6fb,stress--feedforward-202--visual_noise--190025.npz,cd66ee6efe625c0589d2a20cb6974cf2d0d9135c086ee29c114e0b4a855b2d58
completed,,75,0.24442770800669678,1.5,451002368,"[{""baseline_escape_drive"":null,""collision_substeps"":0,""escape_drive_integral"":0.11705432608723641,""final_simulated_energy"":0.3435400091971459,""food"":0.0,""inference_mean_ms"":0.19746730724970502,""inference_wall_seconds"":0.014810048043727875,""motor_energy_demand"":0.006459990802854299,""reaction_seconds"":null,""recovery_seconds"":null,""simulation_seconds"":1.5}]",0.0,0,0.006459990802854299,0.7,0.0,not_applicable,stress,visual_noise,190026,feedforward-202,"[""feedforward-202""]",75,aa4b3cee902019b16faa0c35609e9e3aa006dbc0e2621dfb08ceab6de62fa6fb,stress--feedforward-202--visual_noise--190026.npz,01337d6b0a39453c7a36d14f2a1ab228bef4aae1b52466e2296be98230f44320
completed,,75,0.24190487500163727,1.5,451002368,"[{""baseline_escape_drive"":null,""collision_substeps"":0,""escape_drive_integral"":0.11649872973561287,""final_simulated_energy"":0.3435570240826905,""food"":0.0,""inference_mean_ms"":0.19376443815417588,""inference_wall_seconds"":0.01453233286156319,""motor_energy_demand"":0.006442975917309522,""reaction_seconds"":null,""recovery_seconds"":null,""simulation_seconds"":1.5}]",0.0,0,0.006442975917309522,0.7,0.0,not_applicable,stress,visual_noise,190027,feedforward-202,"[""feedforward-202""]",75,aa4b3cee902019b16faa0c35609e9e3aa006dbc0e2621dfb08ceab6de62fa6fb,stress--feedforward-202--visual_noise--190027.npz,f1125930cdfa1074e544595959ed7dab63d34fe64edc6346a1280885124f64be
completed,,75,0.2410013749904465,1.5,451002368,"[{""baseline_escape_drive"":null,""collision_substeps"":0,""escape_drive_integral"":0.11710198476910591,""final_simulated_energy"":0.3435392834497982,""food"":0.0,""inference_mean_ms"":0.18933334426643947,""inference_wall_seconds"":0.01420000081998296,""motor_energy_demand"":0.006460716550201179,""reaction_seconds"":null,""recovery_seconds"":null,""simulation_seconds"":1.5}]",0.0,0,0.006460716550201179,0.7,0.0,not_applicable,stress,visual_noise,190028,feedforward-202,"[""feedforward-202""]",75,aa4b3cee902019b16faa0c35609e9e3aa006dbc0e2621dfb08ceab6de62fa6fb,stress--feedforward-202--visual_noise--190028.npz,25cb99932157898517549f5214b9e5fd725aad7a37340e298e1868b6c8a405a1
completed,,75,0.2423422499850858,1.5,451018752,"[{""baseline_escape_drive"":null,""collision_substeps"":0,""escape_drive_integral"":0.03161496892571449,""final_simulated_energy"":0.5021281877783031,""food"":0.3102571575343609,""inference_mean_ms"":0.18873058763953546,""inference_wall_seconds"":0.01415479407296516,""motor_energy_demand"":0.0030003909888770435,""reaction_seconds"":null,""recovery_seconds"":null,""simulation_seconds"":1.5}]",0.3102571575343609,0,0.0030003909888770435,0.38974284246563956,0.0,not_applicable,stress,visual_noise,190029,feedforward-202,"[""feedforward-202""]",75,aa4b3cee902019b16faa0c35609e9e3aa006dbc0e2621dfb08ceab6de62fa6fb,stress--feedforward-202--visual_noise--190029.npz,5aaecddf71f352ce08d5007c607826345d7d3dd160df19b9edec980bee2bc83b
completed,,75,0.24873383299564011,1.5,451035136,"[{""baseline_escape_drive"":null,""collision_substeps"":0,""escape_drive_integral"":0.11669033825397492,""final_simulated_energy"":0.34355234149277214,""food"":0.0,""inference_mean_ms"":0.20834393566474319,""inference_wall_seconds"":0.01562579517485574,""motor_energy_demand"":0.006447658507227898,""reaction_seconds"":null,""recovery_seconds"":null,""simulation_seconds"":1.5}]",0.0,0,0.006447658507227898,0.7,0.0,not_applicable,stress,visual_noise,190030,feedforward-202,"[""feedforward-202""]",75,aa4b3cee902019b16faa0c35609e9e3aa006dbc0e2621dfb08ceab6de62fa6fb,stress--feedforward-202--visual_noise--190030.npz,9d12c00837d3cd252fc318010e6deba87305c5577aa1c509138d5016a8842c71
completed,,75,0.25092166700051166,1.5,451067904,"[{""baseline_escape_drive"":null,""collision_substeps"":0,""escape_drive_integral"":0.026692828498780727,""final_simulated_energy"":0.34671102688374,""food"":0.0,""inference_mean_ms"":0.2119843716112276,""inference_wall_seconds"":0.01589882787084207,""motor_energy_demand"":0.003288973116260022,""reaction_seconds"":null,""recovery_seconds"":null,""simulation_seconds"":1.5}]",0.0,0,0.003288973116260022,0.7,0.0,not_applicable,stress,clean,190001,feedforward-303,"[""feedforward-303""]",75,aa4b3cee902019b16faa0c35609e9e3aa006dbc0e2621dfb08ceab6de62fa6fb,stress--feedforward-303--clean--190001.npz,4cb95a8d36f66cbc443483712ac527972f4d23e262c40d83cecbb738478ac3ff
completed,,75,0.24113083301926963,1.5,451100672,"[{""baseline_escape_drive"":null,""collision_substeps"":0,""escape_drive_integral"":0.026683397665619852,""final_simulated_energy"":0.34671097854204447,""food"":0.0,""inference_mean_ms"":0.19047280152638754,""inference_wall_seconds"":0.014285460114479065,""motor_energy_demand"":0.0032890214579552415,""reaction_seconds"":null,""recovery_seconds"":null,""simulation_seconds"":1.5}]",0.0,0,0.0032890214579552415,0.7,0.0,not_applicable,stress,clean,190002,feedforward-303,"[""feedforward-303""]",75,aa4b3cee902019b16faa0c35609e9e3aa006dbc0e2621dfb08ceab6de62fa6fb,stress--feedforward-303--clean--190002.npz,87d3360a8a0cc542a5d2b8a151a043b518a8f2aaeb3b133e7fd8deb6d1c1a146
completed,,75,0.2414807919994928,1.5,451117056,"[{""baseline_escape_drive"":null,""collision_substeps"":0,""escape_drive_integral"":0.026682668309658767,""final_simulated_energy"":0.3467104756155611,""food"":0.0,""inference_mean_ms"":0.18844564096070826,""inference_wall_seconds"":0.01413342307205312,""motor_energy_demand"":0.0032895243844389918,""reaction_seconds"":null,""recovery_seconds"":null,""simulation_seconds"":1.5}]",0.0,0,0.0032895243844389918,0.7,0.0,not_applicable,stress,clean,190003,feedforward-303,"[""feedforward-303""]",75,aa4b3cee902019b16faa0c35609e9e3aa006dbc0e2621dfb08ceab6de62fa6fb,stress--feedforward-303--clean--190003.npz,7238a383baadd2ae1aace280f6995592bea3809b0d92934ae65ad5c6bae721dc
completed,,75,0.2485011660028249,1.5,451117056,"[{""baseline_escape_drive"":null,""collision_substeps"":0,""escape_drive_integral"":0.026734012495726347,""final_simulated_energy"":0.3467105756029114,""food"":0.0,""inference_mean_ms"":0.21653042834562558,""inference_wall_seconds"":0.01623978212592192,""motor_energy_demand"":0.0032894243970885877,""reaction_seconds"":null,""recovery_seconds"":null,""simulation_seconds"":1.5}]",0.0,0,0.0032894243970885877,0.7,0.0,not_applicable,stress,clean,190004,feedforward-303,"[""feedforward-303""]",75,aa4b3cee902019b16faa0c35609e9e3aa006dbc0e2621dfb08ceab6de62fa6fb,stress--feedforward-303--clean--190004.npz,d454c6f7bc46f9f066f6ef0719f093f3fec095e50b3b52c2c519fee2803454d9
completed,,75,0.26917024998692796,1.5,451117056,"[{""baseline_escape_drive"":null,""collision_substeps"":0,""escape_drive_integral"":0.0267577781714499,""final_simulated_energy"":0.3467105990136975,""food"":0.0,""inference_mean_ms"":0.21988001225205758,""inference_wall_seconds"":0.01649100091890432,""motor_energy_demand"":0.0032894009863026438,""reaction_seconds"":null,""recovery_seconds"":null,""simulation_seconds"":1.5}]",0.0,0,0.0032894009863026438,0.7,0.0,not_applicable,stress,clean,190005,feedforward-303,"[""feedforward-303""]",75,aa4b3cee902019b16faa0c35609e9e3aa006dbc0e2621dfb08ceab6de62fa6fb,stress--feedforward-303--clean--190005.npz,56dd4d981d7327764995b52428c9b5a7e19a8e0338c092050fedbc96315ac34b
completed,,75,0.273912750009913,1.5,451133440,"[{""baseline_escape_drive"":null,""collision_substeps"":0,""escape_drive_integral"":0.026805158592760562,""final_simulated_energy"":0.3467099490595047,""food"":0.0,""inference_mean_ms"":0.21746718557551503,""inference_wall_seconds"":0.016310038918163627,""motor_energy_demand"":0.0032900509404949845,""reaction_seconds"":null,""recovery_seconds"":null,""simulation_seconds"":1.5}]",0.0,0,0.0032900509404949845,0.7,0.0,not_applicable,stress,clean,190006,feedforward-303,"[""feedforward-303""]",75,aa4b3cee902019b16faa0c35609e9e3aa006dbc0e2621dfb08ceab6de62fa6fb,stress--feedforward-303--clean--190006.npz,79ee1dede0825e62079246eea079158112328b22805cb5927dd3fd5977486d78
completed,,75,0.27427900000475347,1.5,451149824,"[{""baseline_escape_drive"":null,""collision_substeps"":0,""escape_drive_integral"":0.02679527146741748,""final_simulated_energy"":0.34671025644287456,""food"":0.0,""inference_mean_ms"":0.2154472128798564,""inference_wall_seconds"":0.016158540965989232,""motor_energy_demand"":0.0032897435571253297,""reaction_seconds"":null,""recovery_seconds"":null,""simulation_seconds"":1.5}]",0.0,0,0.0032897435571253297,0.7,0.0,not_applicable,stress,clean,190007,feedforward-303,"[""feedforward-303""]",75,aa4b3cee902019b16faa0c35609e9e3aa006dbc0e2621dfb08ceab6de62fa6fb,stress--feedforward-303--clean--190007.npz,9dd8522149ba712c3196759e9c4e445b88af41abfd177dc6a0ba04a0783aaa1e
completed,,75,0.312508083996363,1.5,451149824,"[{""baseline_escape_drive"":null,""collision_substeps"":0,""escape_drive_integral"":0.026794205978512765,""final_simulated_energy"":0.34671018494820205,""food"":0.0,""inference_mean_ms"":0.3060756526732196,""inference_wall_seconds"":0.022955673950491473,""motor_energy_demand"":0.0032898150517977768,""reaction_seconds"":null,""recovery_seconds"":null,""simulation_seconds"":1.5}]",0.0,0,0.0032898150517977768,0.7,0.0,not_applicable,stress,clean,190008,feedforward-303,"[""feedforward-303""]",75,aa4b3cee902019b16faa0c35609e9e3aa006dbc0e2621dfb08ceab6de62fa6fb,stress--feedforward-303--clean--190008.npz,8ebb470c50f74d87e4dabfba71eb6358def0336206bfe89aeff6e0476534dc42
completed,,75,0.27744129198254086,1.5,451149824,"[{""baseline_escape_drive"":null,""collision_substeps"":0,""escape_drive_integral"":0.026862331684678793,""final_simulated_energy"":0.3467100202875586,""food"":0.0,""inference_mean_ms"":0.22737833322025836,""inference_wall_seconds"":0.017053374991519377,""motor_energy_demand"":0.0032899797124415634,""reaction_seconds"":null,""recovery_seconds"":null,""simulation_seconds"":1.5}]",0.0,0,0.0032899797124415634,0.7,0.0,not_applicable,stress,clean,190009,feedforward-303,"[""feedforward-303""]",75,aa4b3cee902019b16faa0c35609e9e3aa006dbc0e2621dfb08ceab6de62fa6fb,stress--feedforward-303--clean--190009.npz,30c44f8db3a7ef7086554e27b4eafe48ebc51256d287c8e74ccebaeb43cbb1d1
completed,,75,0.24258133399416693,1.5,451166208,"[{""baseline_escape_drive"":null,""collision_substeps"":0,""escape_drive_integral"":0.026722752936184407,""final_simulated_energy"":0.3467099919899366,""food"":0.0,""inference_mean_ms"":0.19101166709636647,""inference_wall_seconds"":0.014325875032227486,""motor_energy_demand"":0.003290008010063321,""reaction_seconds"":null,""recovery_seconds"":null,""simulation_seconds"":1.5}]",0.0,0,0.003290008010063321,0.7,0.0,not_applicable,stress,clean,190010,feedforward-303,"[""feedforward-303""]",75,aa4b3cee902019b16faa0c35609e9e3aa006dbc0e2621dfb08ceab6de62fa6fb,stress--feedforward-303--clean--190010.npz,ba857bee860cbc490135f25c67e584ab88688c9f06f1b043af06a6bc622bb1fb
completed,,75,0.24290262500289828,1.5,451166208,"[{""baseline_escape_drive"":null,""collision_substeps"":0,""escape_drive_integral"":0.026873414516448976,""final_simulated_energy"":0.34670960541181217,""food"":0.0,""inference_mean_ms"":0.1947244132558505,""inference_wall_seconds"":0.014604330994188786,""motor_energy_demand"":0.0032903945881873372,""reaction_seconds"":null,""recovery_seconds"":null,""simulation_seconds"":1.5}]",0.0,0,0.0032903945881873372,0.7,0.0,not_applicable,stress,clean,190011,feedforward-303,"[""feedforward-303""]",75,aa4b3cee902019b16faa0c35609e9e3aa006dbc0e2621dfb08ceab6de62fa6fb,stress--feedforward-303--clean--190011.npz,e522604e3bb6e568c1f084533ad0a89bf255f2f4e275f39af09efe901f1a8338
completed,,75,0.24608370798523538,1.5,451166208,"[{""baseline_escape_drive"":null,""collision_substeps"":0,""escape_drive_integral"":0.026694993823766708,""final_simulated_energy"":0.34671024738293166,""food"":0.0,""inference_mean_ms"":0.20315115883325538,""inference_wall_seconds"":0.015236336912494153,""motor_energy_demand"":0.003289752617068589,""reaction_seconds"":null,""recovery_seconds"":null,""simulation_seconds"":1.5}]",0.0,0,0.003289752617068589,0.7,0.0,not_applicable,stress,clean,190012,feedforward-303,"[""feedforward-303""]",75,aa4b3cee902019b16faa0c35609e9e3aa006dbc0e2621dfb08ceab6de62fa6fb,stress--feedforward-303--clean--190012.npz,b98b458f5843e60f3e4f3c071b93f962cf7a8e921cfe821ccb4ccf43393e5b24
completed,,75,0.2470341250009369,1.5,451182592,"[{""baseline_escape_drive"":null,""collision_substeps"":0,""escape_drive_integral"":0.02688711106777191,""final_simulated_energy"":0.34670954227570416,""food"":0.0,""inference_mean_ms"":0.1944489179489513,""inference_wall_seconds"":0.01458366884617135,""motor_energy_demand"":0.003290457724295557,""reaction_seconds"":null,""recovery_seconds"":null,""simulation_seconds"":1.5}]",0.0,0,0.003290457724295557,0.7,0.0,not_applicable,stress,clean,190013,feedforward-303,"[""feedforward-303""]",75,aa4b3cee902019b16faa0c35609e9e3aa006dbc0e2621dfb08ceab6de62fa6fb,stress--feedforward-303--clean--190013.npz,a8f17f7debadf67a959b2e5f2ee665819884a8425f9b2b07214bf4837a9d5fb1
completed,,75,0.24018429199350066,1.5,451182592,"[{""baseline_escape_drive"":null,""collision_substeps"":0,""escape_drive_integral"":0.026803088188171387,""final_simulated_energy"":0.34671005423827117,""food"":0.0,""inference_mean_ms"":0.1883833607037862,""inference_wall_seconds"":0.014128752052783966,""motor_energy_demand"":0.003289945761729032,""reaction_seconds"":null,""recovery_seconds"":null,""simulation_seconds"":1.5}]",0.0,0,0.003289945761729032,0.7,0.0,not_applicable,stress,clean,190014,feedforward-303,"[""feedforward-303""]",75,aa4b3cee902019b16faa0c35609e9e3aa006dbc0e2621dfb08ceab6de62fa6fb,stress--feedforward-303--clean--190014.npz,27ce729ea6b75a699d556a56f5184789d0a878c12ce687bd10b9b43d8eae130c
completed,,75,0.24483270800556056,1.5,451182592,"[{""baseline_escape_drive"":null,""collision_substeps"":0,""escape_drive_integral"":0.026836531665176154,""final_simulated_energy"":0.34671035975523246,""food"":0.0,""inference_mean_ms"":0.1944122529433419,""inference_wall_seconds"":0.014580918970750645,""motor_energy_demand"":0.00328964024476707,""reaction_seconds"":null,""recovery_seconds"":null,""simulation_seconds"":1.5}]",0.0,0,0.00328964024476707,0.7,0.0,not_applicable,stress,clean,190015,feedforward-303,"[""feedforward-303""]",75,aa4b3cee902019b16faa0c35609e9e3aa006dbc0e2621dfb08ceab6de62fa6fb,stress--feedforward-303--clean--190015.npz,287722f89b346fcf563a916adef4c81eda71ef24297fc89710dffd65993e6c6b
completed,,75,0.2518422080029268,1.5,451198976,"[{""baseline_escape_drive"":null,""collision_substeps"":0,""escape_drive_integral"":0.026664635967463254,""final_simulated_energy"":0.34671097246598426,""food"":0.0,""inference_mean_ms"":0.20171828063515326,""inference_wall_seconds"":0.015128871047636494,""motor_energy_demand"":0.0032890275340154767,""reaction_seconds"":null,""recovery_seconds"":null,""simulation_seconds"":1.5}]",0.0,0,0.0032890275340154767,0.7,0.0,not_applicable,stress,clean,190016,feedforward-303,"[""feedforward-303""]",75,aa4b3cee902019b16faa0c35609e9e3aa006dbc0e2621dfb08ceab6de62fa6fb,stress--feedforward-303--clean--190016.npz,e52fceed0cbfd32a8ab6f28bbd30ff8c3c7e473faef2b965a53164c82e575425
completed,,75,0.24275895897881128,1.5,451215360,"[{""baseline_escape_drive"":null,""collision_substeps"":0,""escape_drive_integral"":0.02680642368271947,""final_simulated_energy"":0.3467102557292393,""food"":0.0,""inference_mean_ms"":0.19120225488829115,""inference_wall_seconds"":0.014340169116621837,""motor_energy_demand"":0.0032897442707605666,""reaction_seconds"":null,""recovery_seconds"":null,""simulation_seconds"":1.5}]",0.0,0,0.0032897442707605666,0.7,0.0,not_applicable,stress,clean,190017,feedforward-303,"[""feedforward-303""]",75,aa4b3cee902019b16faa0c35609e9e3aa006dbc0e2621dfb08ceab6de62fa6fb,stress--feedforward-303--clean--190017.npz,c10ed4b3ca93f9c4413430959bbdbe16c5925fb72f05d511bdbfef4abc8603c6
completed,,75,0.24511412502033636,1.5,451231744,"[{""baseline_escape_drive"":null,""collision_substeps"":0,""escape_drive_integral"":0.02669073197990656,""final_simulated_energy"":0.34671014543391676,""food"":0.0,""inference_mean_ms"":0.19755322524967295,""inference_wall_seconds"":0.01481649189372547,""motor_energy_demand"":0.0032898545660823585,""reaction_seconds"":null,""recovery_seconds"":null,""simulation_seconds"":1.5}]",0.0,0,0.0032898545660823585,0.7,0.0,not_applicable,stress,clean,190018,feedforward-303,"[""feedforward-303""]",75,aa4b3cee902019b16faa0c35609e9e3aa006dbc0e2621dfb08ceab6de62fa6fb,stress--feedforward-303--clean--190018.npz,b236f513e8184737803a04e2f30e7c26911dd8a07ad81630a505b34dd87bbf15
completed,,75,0.2434983330022078,1.5,451248128,"[{""baseline_escape_drive"":null,""collision_substeps"":0,""escape_drive_integral"":0.026803904566913842,""final_simulated_energy"":0.34671035108404247,""food"":0.0,""inference_mean_ms"":0.19260282822263738,""inference_wall_seconds"":0.014445212116697803,""motor_energy_demand"":0.003289648915957659,""reaction_seconds"":null,""recovery_seconds"":null,""simulation_seconds"":1.5}]",0.0,0,0.003289648915957659,0.7,0.0,not_applicable,stress,clean,190019,feedforward-303,"[""feedforward-303""]",75,aa4b3cee902019b16faa0c35609e9e3aa006dbc0e2621dfb08ceab6de62fa6fb,stress--feedforward-303--clean--190019.npz,5400c43d022e348e07cfaabff24ddd4470f00c5c78140e3065bf2366d84f376f
completed,,75,0.24752050000824966,1.5,451264512,"[{""baseline_escape_drive"":null,""collision_substeps"":0,""escape_drive_integral"":0.026817663442343473,""final_simulated_energy"":0.34671019345948473,""food"":0.0,""inference_mean_ms"":0.20502334538226327,""inference_wall_seconds"":0.015376750903669745,""motor_energy_demand"":0.003289806540515274,""reaction_seconds"":null,""recovery_seconds"":null,""simulation_seconds"":1.5}]",0.0,0,0.003289806540515274,0.7,0.0,not_applicable,stress,clean,190020,feedforward-303,"[""feedforward-303""]",75,aa4b3cee902019b16faa0c35609e9e3aa006dbc0e2621dfb08ceab6de62fa6fb,stress--feedforward-303--clean--190020.npz,6a47d8e802bea83dee59410d68c835a54338059549664535ef4ebe0796003a7b
completed,,75,0.24601716702454723,1.5,451264512,"[{""baseline_escape_drive"":null,""collision_substeps"":0,""escape_drive_integral"":0.02671057289466262,""final_simulated_energy"":0.3467101137180997,""food"":0.0,""inference_mean_ms"":0.20262780133634806,""inference_wall_seconds"":0.015197085100226104,""motor_energy_demand"":0.0032898862819001084,""reaction_seconds"":null,""recovery_seconds"":null,""simulation_seconds"":1.5}]",0.0,0,0.0032898862819001084,0.7,0.0,not_applicable,stress,clean,190021,feedforward-303,"[""feedforward-303""]",75,aa4b3cee902019b16faa0c35609e9e3aa006dbc0e2621dfb08ceab6de62fa6fb,stress--feedforward-303--clean--190021.npz,3e014e498de5a567d167048708e24022a5a3be70808b91a1d6feaee118b73cb9
completed,,75,0.24472012498881668,1.5,451264512,"[{""baseline_escape_drive"":null,""collision_substeps"":0,""escape_drive_integral"":0.02680419821292162,""final_simulated_energy"":0.3467102302347499,""food"":0.0,""inference_mean_ms"":0.19539662636816502,""inference_wall_seconds"":0.014654746977612376,""motor_energy_demand"":0.003289769765250385,""reaction_seconds"":null,""recovery_seconds"":null,""simulation_seconds"":1.5}]",0.0,0,0.003289769765250385,0.7,0.0,not_applicable,stress,clean,190022,feedforward-303,"[""feedforward-303""]",75,aa4b3cee902019b16faa0c35609e9e3aa006dbc0e2621dfb08ceab6de62fa6fb,stress--feedforward-303--clean--190022.npz,1fe54c6aa374b0e186ce2106c68c0021ef27adfffa71213b22b76a9af992c95d
completed,,75,0.2491329580079764,1.5,451264512,"[{""baseline_escape_drive"":null,""collision_substeps"":0,""escape_drive_integral"":0.02681734461337328,""final_simulated_energy"":0.3467103791441203,""food"":0.0,""inference_mean_ms"":0.19953386896910766,""inference_wall_seconds"":0.014965040172683075,""motor_energy_demand"":0.0032896208558790387,""reaction_seconds"":null,""recovery_seconds"":null,""simulation_seconds"":1.5}]",0.0,0,0.0032896208558790387,0.7,0.0,not_applicable,stress,clean,190023,feedforward-303,"[""feedforward-303""]",75,aa4b3cee902019b16faa0c35609e9e3aa006dbc0e2621dfb08ceab6de62fa6fb,stress--feedforward-303--clean--190023.npz,3a3c9635cc706e71834a814fc5b424d8bdcea9fb34b4edcddced361a5e2772b2
completed,,75,0.24860758398426697,1.5,451264512,"[{""baseline_escape_drive"":null,""collision_substeps"":0,""escape_drive_integral"":0.02666653908789158,""final_simulated_energy"":0.3467110570812779,""food"":0.0,""inference_mean_ms"":0.20418443949893117,""inference_wall_seconds"":0.015313832962419838,""motor_energy_demand"":0.003288942918721586,""reaction_seconds"":null,""recovery_seconds"":null,""simulation_seconds"":1.5}]",0.0,0,0.003288942918721586,0.7,0.0,not_applicable,stress,clean,190024,feedforward-303,"[""feedforward-303""]",75,aa4b3cee902019b16faa0c35609e9e3aa006dbc0e2621dfb08ceab6de62fa6fb,stress--feedforward-303--clean--190024.npz,a713f0d028399a8603e266c9d7ffbf3ee238bc844e234b654a33ae93bb081f49
completed,,75,0.24792866699863225,1.5,451264512,"[{""baseline_escape_drive"":null,""collision_substeps"":0,""escape_drive_integral"":0.02686980865895748,""final_simulated_energy"":0.34670967316402157,""food"":0.0,""inference_mean_ms"":0.2006416826043278,""inference_wall_seconds"":0.015048126195324585,""motor_energy_demand"":0.0032903268359787763,""reaction_seconds"":null,""recovery_seconds"":null,""simulation_seconds"":1.5}]",0.0,0,0.0032903268359787763,0.7,0.0,not_applicable,stress,clean,190025,feedforward-303,"[""feedforward-303""]",75,aa4b3cee902019b16faa0c35609e9e3aa006dbc0e2621dfb08ceab6de62fa6fb,stress--feedforward-303--clean--190025.npz,39957d67ef3c6d52fc669b11b2d3fa0a26ff347b153b5714fba84ee97e1dc9aa
completed,,75,0.24155204198905267,1.5,451280896,"[{""baseline_escape_drive"":null,""collision_substeps"":0,""escape_drive_integral"":0.026880993600934745,""final_simulated_energy"":0.3467090755280665,""food"":0.0,""inference_mean_ms"":0.1899110913897554,""inference_wall_seconds"":0.014243331854231656,""motor_energy_demand"":0.003290924471933395,""reaction_seconds"":null,""recovery_seconds"":null,""simulation_seconds"":1.5}]",0.0,0,0.003290924471933395,0.7,0.0,not_applicable,stress,clean,190026,feedforward-303,"[""feedforward-303""]",75,aa4b3cee902019b16faa0c35609e9e3aa006dbc0e2621dfb08ceab6de62fa6fb,stress--feedforward-303--clean--190026.npz,f2bb213d52bfa375b670c82abaa543c36cf96ad5805b287666d832593509b12d
completed,,75,0.24294345898670144,1.5,451297280,"[{""baseline_escape_drive"":null,""collision_substeps"":0,""escape_drive_integral"":0.02687008958309889,""final_simulated_energy"":0.34670945302618705,""food"":0.0,""inference_mean_ms"":0.19275005402353904,""inference_wall_seconds"":0.014456254051765427,""motor_energy_demand"":0.003290546973813326,""reaction_seconds"":null,""recovery_seconds"":null,""simulation_seconds"":1.5}]",0.0,0,0.003290546973813326,0.7,0.0,not_applicable,stress,clean,190027,feedforward-303,"[""feedforward-303""]",75,aa4b3cee902019b16faa0c35609e9e3aa006dbc0e2621dfb08ceab6de62fa6fb,stress--feedforward-303--clean--190027.npz,570719c44e5e71ddaf585169c8403d1ee055a5d273c9a48ecdaa889ca68e2b5b
completed,,75,0.2578390410053544,1.5,451297280,"[{""baseline_escape_drive"":null,""collision_substeps"":0,""escape_drive_integral"":0.026870617475360632,""final_simulated_energy"":0.3467096214333738,""food"":0.0,""inference_mean_ms"":0.2271078247576952,""inference_wall_seconds"":0.01703308685682714,""motor_energy_demand"":0.0032903785666264598,""reaction_seconds"":null,""recovery_seconds"":null,""simulation_seconds"":1.5}]",0.0,0,0.0032903785666264598,0.7,0.0,not_applicable,stress,clean,190028,feedforward-303,"[""feedforward-303""]",75,aa4b3cee902019b16faa0c35609e9e3aa006dbc0e2621dfb08ceab6de62fa6fb,stress--feedforward-303--clean--190028.npz,e296eff8dd18ba0b27f4b22d2678984a3adab871dc91681d4fe2101978add6c2
completed,,75,0.2504396669974085,1.5,451297280,"[{""baseline_escape_drive"":null,""collision_substeps"":0,""escape_drive_integral"":0.02686312010511756,""final_simulated_energy"":0.34671006148036565,""food"":0.0,""inference_mean_ms"":0.19828334605942172,""inference_wall_seconds"":0.014871250954456627,""motor_energy_demand"":0.0032899385196343066,""reaction_seconds"":null,""recovery_seconds"":null,""simulation_seconds"":1.5}]",0.0,0,0.0032899385196343066,0.7,0.0,not_applicable,stress,clean,190029,feedforward-303,"[""feedforward-303""]",75,aa4b3cee902019b16faa0c35609e9e3aa006dbc0e2621dfb08ceab6de62fa6fb,stress--feedforward-303--clean--190029.npz,f704644d81a4a33376d2674cd04f49e06a84df97b8d21947bd4aef41fc327c8a
completed,,75,0.251492417010013,1.5,451313664,"[{""baseline_escape_drive"":null,""collision_substeps"":0,""escape_drive_integral"":0.02674533797428012,""final_simulated_energy"":0.3467105957803872,""food"":0.0,""inference_mean_ms"":0.20224606889920932,""inference_wall_seconds"":0.015168455167440698,""motor_energy_demand"":0.0032894042196124802,""reaction_seconds"":null,""recovery_seconds"":null,""simulation_seconds"":1.5}]",0.0,0,0.0032894042196124802,0.7,0.0,not_applicable,stress,clean,190030,feedforward-303,"[""feedforward-303""]",75,aa4b3cee902019b16faa0c35609e9e3aa006dbc0e2621dfb08ceab6de62fa6fb,stress--feedforward-303--clean--190030.npz,62a180be8f390aae16bd59d9bdc70f26c3e73d7ec5f750f5f624fae1f42fac07
completed,,75,0.2413566670147702,1.5,451313664,"[{""baseline_escape_drive"":null,""collision_substeps"":0,""escape_drive_integral"":0.02592910960316658,""final_simulated_energy"":0.3467233827560021,""food"":0.0,""inference_mean_ms"":0.18565437252012393,""inference_wall_seconds"":0.013924077939009294,""motor_energy_demand"":0.0032766172439977525,""reaction_seconds"":null,""recovery_seconds"":null,""simulation_seconds"":1.5}]",0.0,0,0.0032766172439977525,0.7,0.0,not_applicable,stress,visual_noise,190001,feedforward-303,"[""feedforward-303""]",75,aa4b3cee902019b16faa0c35609e9e3aa006dbc0e2621dfb08ceab6de62fa6fb,stress--feedforward-303--visual_noise--190001.npz,1c62ffd84b57388ef4e7c088e27165333e7afdf91e23651213687548e3380c92
completed,,75,0.2678228750010021,1.5,451313664,"[{""baseline_escape_drive"":null,""collision_substeps"":0,""escape_drive_integral"":0.025875782240182162,""final_simulated_energy"":0.34672495856726515,""food"":0.0,""inference_mean_ms"":0.21992610534653068,""inference_wall_seconds"":0.0164944579009898,""motor_energy_demand"":0.003275041432734579,""reaction_seconds"":null,""recovery_seconds"":null,""simulation_seconds"":1.5}]",0.0,0,0.003275041432734579,0.7,0.0,not_applicable,stress,visual_noise,190002,feedforward-303,"[""feedforward-303""]",75,aa4b3cee902019b16faa0c35609e9e3aa006dbc0e2621dfb08ceab6de62fa6fb,stress--feedforward-303--visual_noise--190002.npz,acd589a8c412370b3991a70287cf35db0064627aef559207f3e16a94f58ddd36
completed,,75,0.2517072909977287,1.5,451313664,"[{""baseline_escape_drive"":null,""collision_substeps"":0,""escape_drive_integral"":0.026045284029096366,""final_simulated_energy"":0.346720683678686,""food"":0.0,""inference_mean_ms"":0.2005016675684601,""inference_wall_seconds"":0.015037625067634508,""motor_energy_demand"":0.0032793163213133817,""reaction_seconds"":null,""recovery_seconds"":null,""simulation_seconds"":1.5}]",0.0,0,0.0032793163213133817,0.7,0.0,not_applicable,stress,visual_noise,190003,feedforward-303,"[""feedforward-303""]",75,aa4b3cee902019b16faa0c35609e9e3aa006dbc0e2621dfb08ceab6de62fa6fb,stress--feedforward-303--visual_noise--190003.npz,b0afd0b9ffbef070b0b232ec7cb7e84e2820b4c5c653cd5126d905ca64f996cf
completed,,75,0.24422479199711233,1.5,451330048,"[{""baseline_escape_drive"":null,""collision_substeps"":0,""escape_drive_integral"":0.026034478023648264,""final_simulated_energy"":0.34671981033110977,""food"":0.0,""inference_mean_ms"":0.19098949308196705,""inference_wall_seconds"":0.014324211981147528,""motor_energy_demand"":0.0032801896688900885,""reaction_seconds"":null,""recovery_seconds"":null,""simulation_seconds"":1.5}]",0.0,0,0.0032801896688900885,0.7,0.0,not_applicable,stress,visual_noise,190004,feedforward-303,"[""feedforward-303""]",75,aa4b3cee902019b16faa0c35609e9e3aa006dbc0e2621dfb08ceab6de62fa6fb,stress--feedforward-303--visual_noise--190004.npz,d8541e585d8a3683394ed85974ec88533857033bdd0fa8d14937439c90a9a94c
completed,,75,0.2610177499882411,1.5,451330048,"[{""baseline_escape_drive"":null,""collision_substeps"":0,""escape_drive_integral"":0.02577828221023083,""final_simulated_energy"":0.34672462795069425,""food"":0.0,""inference_mean_ms"":0.21918170619755983,""inference_wall_seconds"":0.016438627964816988,""motor_energy_demand"":0.003275372049305588,""reaction_seconds"":null,""recovery_seconds"":null,""simulation_seconds"":1.5}]",0.0,0,0.003275372049305588,0.7,0.0,not_applicable,stress,visual_noise,190005,feedforward-303,"[""feedforward-303""]",75,aa4b3cee902019b16faa0c35609e9e3aa006dbc0e2621dfb08ceab6de62fa6fb,stress--feedforward-303--visual_noise--190005.npz,e12a3951141133bda2580e96259b79de35806c95c0db9d5afcbe07b9610f2960
completed,,75,0.26260508300038055,1.5,451330048,"[{""baseline_escape_drive"":null,""collision_substeps"":0,""escape_drive_integral"":0.02598878663033247,""final_simulated_energy"":0.34672228741828315,""food"":0.0,""inference_mean_ms"":0.2203194296453148,""inference_wall_seconds"":0.01652395722339861,""motor_energy_demand"":0.003277712581716478,""reaction_seconds"":null,""recovery_seconds"":null,""simulation_seconds"":1.5}]",0.0,0,0.003277712581716478,0.7,0.0,not_applicable,stress,visual_noise,190006,feedforward-303,"[""feedforward-303""]",75,aa4b3cee902019b16faa0c35609e9e3aa006dbc0e2621dfb08ceab6de62fa6fb,stress--feedforward-303--visual_noise--190006.npz,d0ebbfad1384e1b3bcd974631282d1742c724387732c05f8fff13f0fb67cc5e3
completed,,75,0.2705258330097422,1.5,451362816,"[{""baseline_escape_drive"":null,""collision_substeps"":0,""escape_drive_integral"":0.026032422799617053,""final_simulated_energy"":0.3467192984190586,""food"":0.0,""inference_mean_ms"":0.22883381151283783,""inference_wall_seconds"":0.017162535863462836,""motor_energy_demand"":0.003280701580941677,""reaction_seconds"":null,""recovery_seconds"":null,""simulation_seconds"":1.5}]",0.0,0,0.003280701580941677,0.7,0.0,not_applicable,stress,visual_noise,190007,feedforward-303,"[""feedforward-303""]",75,aa4b3cee902019b16faa0c35609e9e3aa006dbc0e2621dfb08ceab6de62fa6fb,stress--feedforward-303--visual_noise--190007.npz,dc42dfd45d2e2e5a9d69bfe9fc73264ada0c277d3e44fe436bb8e4351ca17012
completed,,75,0.2437143340066541,1.5,451362816,"[{""baseline_escape_drive"":null,""collision_substeps"":0,""escape_drive_integral"":0.025836329497396948,""final_simulated_energy"":0.3467242425315078,""food"":0.0,""inference_mean_ms"":0.19459551782347262,""inference_wall_seconds"":0.014594663836760446,""motor_energy_demand"":0.003275757468491792,""reaction_seconds"":null,""recovery_seconds"":null,""simulation_seconds"":1.5}]",0.0,0,0.003275757468491792,0.7,0.0,not_applicable,stress,visual_noise,190008,feedforward-303,"[""feedforward-303""]",75,aa4b3cee902019b16faa0c35609e9e3aa006dbc0e2621dfb08ceab6de62fa6fb,stress--feedforward-303--visual_noise--190008.npz,da69414a4287327cd51d5f915ccbc88905a2bb5954de57a551e370fac6721ac5
completed,,75,0.24196287500672042,1.5,451379200,"[{""baseline_escape_drive"":null,""collision_substeps"":0,""escape_drive_integral"":0.025881535708904266,""final_simulated_energy"":0.3467239270136133,""food"":0.0,""inference_mean_ms"":0.18919001605051258,""inference_wall_seconds"":0.014189251203788444,""motor_energy_demand"":0.0032760729863867168,""reaction_seconds"":null,""recovery_seconds"":null,""simulation_seconds"":1.5}]",0.0,0,0.0032760729863867168,0.7,0.0,not_applicable,stress,visual_noise,190009,feedforward-303,"[""feedforward-303""]",75,aa4b3cee902019b16faa0c35609e9e3aa006dbc0e2621dfb08ceab6de62fa6fb,stress--feedforward-303--visual_noise--190009.npz,4eb3649ad30ec68f569b179f0f29d19ed826560be3a39435f01b3323ba97b5e2
completed,,75,0.2562119999784045,1.5,451379200,"[{""baseline_escape_drive"":null,""collision_substeps"":0,""escape_drive_integral"":0.025664834436029196,""final_simulated_energy"":0.3467261150325649,""food"":0.0,""inference_mean_ms"":0.21030394826084375,""inference_wall_seconds"":0.01577279611956328,""motor_energy_demand"":0.0032738849674351514,""reaction_seconds"":null,""recovery_seconds"":null,""simulation_seconds"":1.5}]",0.0,0,0.0032738849674351514,0.7,0.0,not_applicable,stress,visual_noise,190010,feedforward-303,"[""feedforward-303""]",75,aa4b3cee902019b16faa0c35609e9e3aa006dbc0e2621dfb08ceab6de62fa6fb,stress--feedforward-303--visual_noise--190010.npz,5d1598e69b133c9e2033a29687e7b0477cafc3871d03d1f25746ca7ee307e0e5
completed,,75,0.2447976249968633,1.5,451395584,"[{""baseline_escape_drive"":null,""collision_substeps"":0,""escape_drive_integral"":0.026044447291642427,""final_simulated_energy"":0.34672050162490475,""food"":0.0,""inference_mean_ms"":0.19544166629202664,""inference_wall_seconds"":0.014658124971901998,""motor_energy_demand"":0.003279498375095427,""reaction_seconds"":null,""recovery_seconds"":null,""simulation_seconds"":1.5}]",0.0,0,0.003279498375095427,0.7,0.0,not_applicable,stress,visual_noise,190011,feedforward-303,"[""feedforward-303""]",75,aa4b3cee902019b16faa0c35609e9e3aa006dbc0e2621dfb08ceab6de62fa6fb,stress--feedforward-303--visual_noise--190011.npz,695af9a3027705b6bcc57beb64678a338c89c4afc90a0eaeb7715a73a0c286fc
completed,,75,0.2423525000049267,1.5,451395584,"[{""baseline_escape_drive"":null,""collision_substeps"":0,""escape_drive_integral"":0.025769979506731034,""final_simulated_energy"":0.3467257956511154,""food"":0.0,""inference_mean_ms"":0.189876586276417,""inference_wall_seconds"":0.014240743970731273,""motor_energy_demand"":0.0032742043488845234,""reaction_seconds"":null,""recovery_seconds"":null,""simulation_seconds"":1.5}]",0.0,0,0.0032742043488845234,0.7,0.0,not_applicable,stress,visual_noise,190012,feedforward-303,"[""feedforward-303""]",75,aa4b3cee902019b16faa0c35609e9e3aa006dbc0e2621dfb08ceab6de62fa6fb,stress--feedforward-303--visual_noise--190012.npz,0dfebd788f513c230b8fb16bc1097a074441dbad1672bcdb89c7ed03a250e900
completed,,75,0.24253250000765547,1.5,451411968,"[{""baseline_escape_drive"":null,""collision_substeps"":0,""escape_drive_integral"":0.02591180443763733,""final_simulated_energy"":0.346724003538173,""food"":0.0,""inference_mean_ms"":0.18571617314592004,""inference_wall_seconds"":0.013928712985944003,""motor_energy_demand"":0.0032759964618273084,""reaction_seconds"":null,""recovery_seconds"":null,""simulation_seconds"":1.5}]",0.0,0,0.0032759964618273084,0.7,0.0,not_applicable,stress,visual_noise,190013,feedforward-303,"[""feedforward-303""]",75,aa4b3cee902019b16faa0c35609e9e3aa006dbc0e2621dfb08ceab6de62fa6fb,stress--feedforward-303--visual_noise--190013.npz,f3c3517661535057a63cc8d96408acee8e5499d681e2787a787efef50f4f1223
completed,,75,0.2482405829941854,1.5,451411968,"[{""baseline_escape_drive"":null,""collision_substeps"":0,""escape_drive_integral"":0.025905039049685,""final_simulated_energy"":0.3467220670214669,""food"":0.0,""inference_mean_ms"":0.2036038526178648,""inference_wall_seconds"":0.01527028894633986,""motor_energy_demand"":0.0032779329785332083,""reaction_seconds"":null,""recovery_seconds"":null,""simulation_seconds"":1.5}]",0.0,0,0.0032779329785332083,0.7,0.0,not_applicable,stress,visual_noise,190014,feedforward-303,"[""feedforward-303""]",75,aa4b3cee902019b16faa0c35609e9e3aa006dbc0e2621dfb08ceab6de62fa6fb,stress--feedforward-303--visual_noise--190014.npz,a887dfd1d4b2fab3331691acc542d0c07861561f33ed82580d85629cef35b21a
completed,,75,0.24796383301145397,1.5,451411968,"[{""baseline_escape_drive"":null,""collision_substeps"":0,""escape_drive_integral"":0.025736040454357862,""final_simulated_energy"":0.34672604693062614,""food"":0.0,""inference_mean_ms"":0.1933415998549511,""inference_wall_seconds"":0.014500619989121333,""motor_energy_demand"":0.003273953069373966,""reaction_seconds"":null,""recovery_seconds"":null,""simulation_seconds"":1.5}]",0.0,0,0.003273953069373966,0.7,0.0,not_applicable,stress,visual_noise,190015,feedforward-303,"[""feedforward-303""]",75,aa4b3cee902019b16faa0c35609e9e3aa006dbc0e2621dfb08ceab6de62fa6fb,stress--feedforward-303--visual_noise--190015.npz,46ffa67e4437e8ee3e02ddee0128a31b88244a2a85a3656622ad82c1e250f984
completed,,75,0.24046324999653734,1.5,451411968,"[{""baseline_escape_drive"":null,""collision_substeps"":0,""escape_drive_integral"":0.02576313404366374,""final_simulated_energy"":0.3467258613204024,""food"":0.0,""inference_mean_ms"":0.18742169253528118,""inference_wall_seconds"":0.014056626940146089,""motor_energy_demand"":0.003274138679597527,""reaction_seconds"":null,""recovery_seconds"":null,""simulation_seconds"":1.5}]",0.0,0,0.003274138679597527,0.7,0.0,not_applicable,stress,visual_noise,190016,feedforward-303,"[""feedforward-303""]",75,aa4b3cee902019b16faa0c35609e9e3aa006dbc0e2621dfb08ceab6de62fa6fb,stress--feedforward-303--visual_noise--190016.npz,c9f1f3ed6cbdcd898c9364f3964f0dda04f3ec58a778929cc33b8b491de8f25e
completed,,75,0.24261054099770263,1.5,451444736,"[{""baseline_escape_drive"":null,""collision_substeps"":0,""escape_drive_integral"":0.02584587648510933,""final_simulated_energy"":0.3467243876781876,""food"":0.0,""inference_mean_ms"":0.19179112006289264,""inference_wall_seconds"":0.014384334004716948,""motor_energy_demand"":0.0032756123218126596,""reaction_seconds"":null,""recovery_seconds"":null,""simulation_seconds"":1.5}]",0.0,0,0.0032756123218126596,0.7,0.0,not_applicable,stress,visual_noise,190017,feedforward-303,"[""feedforward-303""]",75,aa4b3cee902019b16faa0c35609e9e3aa006dbc0e2621dfb08ceab6de62fa6fb,stress--feedforward-303--visual_noise--190017.npz,1095002eddf196cc352e895fa14d89da97a8215bc3e9eb20048d257f7e824833
completed,,75,0.26334183299331926,1.5,451461120,"[{""baseline_escape_drive"":null,""collision_substeps"":0,""escape_drive_integral"":0.026014394313097,""final_simulated_energy"":0.34672006246263143,""food"":0.0,""inference_mean_ms"":0.2188333469287803,""inference_wall_seconds"":0.01641250101965852,""motor_energy_demand"":0.0032799375373683873,""reaction_seconds"":null,""recovery_seconds"":null,""simulation_seconds"":1.5}]",0.0,0,0.0032799375373683873,0.7,0.0,not_applicable,stress,visual_noise,190018,feedforward-303,"[""feedforward-303""]",75,aa4b3cee902019b16faa0c35609e9e3aa006dbc0e2621dfb08ceab6de62fa6fb,stress--feedforward-303--visual_noise--190018.npz,a30f35a626501e2cf30e4bed13cbd0c9b4228eb22e779a12da4618d6e05a1068
completed,,75,0.2566641670127865,1.5,451477504,"[{""baseline_escape_drive"":null,""collision_substeps"":0,""escape_drive_integral"":0.025725372787564992,""final_simulated_energy"":0.3467255167387989,""food"":0.0,""inference_mean_ms"":0.20968049454192322,""inference_wall_seconds"":0.01572603709064424,""motor_energy_demand"":0.0032744832612015312,""reaction_seconds"":null,""recovery_seconds"":null,""simulation_seconds"":1.5}]",0.0,0,0.0032744832612015312,0.7,0.0,not_applicable,stress,visual_noise,190019,feedforward-303,"[""feedforward-303""]",75,aa4b3cee902019b16faa0c35609e9e3aa006dbc0e2621dfb08ceab6de62fa6fb,stress--feedforward-303--visual_noise--190019.npz,b952472463631a297871f9b36d3ebdba127fa3fd1dab4164399d60e1e1099518
completed,,75,0.2439756249950733,1.5,451477504,"[{""baseline_escape_drive"":null,""collision_substeps"":0,""escape_drive_integral"":0.02588937511667609,""final_simulated_energy"":0.34672463665790887,""food"":0.0,""inference_mean_ms"":0.1981888924880574,""inference_wall_seconds"":0.014864166936604306,""motor_energy_demand"":0.0032753633420914414,""reaction_seconds"":null,""recovery_seconds"":null,""simulation_seconds"":1.5}]",0.0,0,0.0032753633420914414,0.7,0.0,not_applicable,stress,visual_noise,190020,feedforward-303,"[""feedforward-303""]",75,aa4b3cee902019b16faa0c35609e9e3aa006dbc0e2621dfb08ceab6de62fa6fb,stress--feedforward-303--visual_noise--190020.npz,eef5775276a59940cab84b92b74cf7d94a061e6cf52d76242bc2ee0f6076e536
completed,,75,0.24225783298606984,1.5,451477504,"[{""baseline_escape_drive"":null,""collision_substeps"":0,""escape_drive_integral"":0.026014038920402528,""final_simulated_energy"":0.34672194878408635,""food"":0.0,""inference_mean_ms"":0.19080002908594906,""inference_wall_seconds"":0.01431000218144618,""motor_energy_demand"":0.003278051215913147,""reaction_seconds"":null,""recovery_seconds"":null,""simulation_seconds"":1.5}]",0.0,0,0.003278051215913147,0.7,0.0,not_applicable,stress,visual_noise,190021,feedforward-303,"[""feedforward-303""]",75,aa4b3cee902019b16faa0c35609e9e3aa006dbc0e2621dfb08ceab6de62fa6fb,stress--feedforward-303--visual_noise--190021.npz,84411c45f0e4b68840d34aefef8acd2bcda2b94c08c0db3990a31dfde649ae7c
completed,,75,0.2536165830097161,1.5,451477504,"[{""baseline_escape_drive"":null,""collision_substeps"":0,""escape_drive_integral"":0.02587639693170786,""final_simulated_energy"":0.34672394435456,""food"":0.0,""inference_mean_ms"":0.21452554579203328,""inference_wall_seconds"":0.016089415934402496,""motor_energy_demand"":0.0032760556454397736,""reaction_seconds"":null,""recovery_seconds"":null,""simulation_seconds"":1.5}]",0.0,0,0.0032760556454397736,0.7,0.0,not_applicable,stress,visual_noise,190022,feedforward-303,"[""feedforward-303""]",75,aa4b3cee902019b16faa0c35609e9e3aa006dbc0e2621dfb08ceab6de62fa6fb,stress--feedforward-303--visual_noise--190022.npz,d9d1cc151abcf306ffc77bcc58513b4c452777c4eaa037b7cd8dbfb95c03e30b
completed,,75,0.24684904198511504,1.5,451493888,"[{""baseline_escape_drive"":null,""collision_substeps"":0,""escape_drive_integral"":0.025800942461937666,""final_simulated_energy"":0.34672584327189215,""food"":0.0,""inference_mean_ms"":0.198021693698441,""inference_wall_seconds"":0.014851627027383074,""motor_energy_demand"":0.0032741567281074826,""reaction_seconds"":null,""recovery_seconds"":null,""simulation_seconds"":1.5}]",0.0,0,0.0032741567281074826,0.7,0.0,not_applicable,stress,visual_noise,190023,feedforward-303,"[""feedforward-303""]",75,aa4b3cee902019b16faa0c35609e9e3aa006dbc0e2621dfb08ceab6de62fa6fb,stress--feedforward-303--visual_noise--190023.npz,35e665b61daff337bc3d1597d65f128295970e2e93ce8b01f33bcbc44ac8554c
completed,,75,0.2418944160162937,1.5,451526656,"[{""baseline_escape_drive"":null,""collision_substeps"":0,""escape_drive_integral"":0.025707506593316793,""final_simulated_energy"":0.34672423553675435,""food"":0.0,""inference_mean_ms"":0.18804547842592,""inference_wall_seconds"":0.014103410881944,""motor_energy_demand"":0.0032757644632458688,""reaction_seconds"":null,""recovery_seconds"":null,""simulation_seconds"":1.5}]",0.0,0,0.0032757644632458688,0.7,0.0,not_applicable,stress,visual_noise,190024,feedforward-303,"[""feedforward-303""]",75,aa4b3cee902019b16faa0c35609e9e3aa006dbc0e2621dfb08ceab6de62fa6fb,stress--feedforward-303--visual_noise--190024.npz,42d47f3a2f4f48a077329336f0008ce270576c1ad1e4692a347a7d879985347b
completed,,75,0.24296425000648014,1.5,451526656,"[{""baseline_escape_drive"":null,""collision_substeps"":0,""escape_drive_integral"":0.025995971858501436,""final_simulated_energy"":0.34672416529212136,""food"":0.0,""inference_mean_ms"":0.18772098585031927,""inference_wall_seconds"":0.014079073938773945,""motor_energy_demand"":0.00327583470787853,""reaction_seconds"":null,""recovery_seconds"":null,""simulation_seconds"":1.5}]",0.0,0,0.00327583470787853,0.7,0.0,not_applicable,stress,visual_noise,190025,feedforward-303,"[""feedforward-303""]",75,aa4b3cee902019b16faa0c35609e9e3aa006dbc0e2621dfb08ceab6de62fa6fb,stress--feedforward-303--visual_noise--190025.npz,a1aafbfef30019d2dd8c79501452f4f5528a19e399849f8df333a16fbe51a865
completed,,75,0.2542227080266457,1.5,451526656,"[{""baseline_escape_drive"":null,""collision_substeps"":0,""escape_drive_integral"":0.02606005920097232,""final_simulated_energy"":0.3467217867387091,""food"":0.0,""inference_mean_ms"":0.21120894545068342,""inference_wall_seconds"":0.015840670908801258,""motor_energy_demand"":0.0032782132612913842,""reaction_seconds"":null,""recovery_seconds"":null,""simulation_seconds"":1.5}]",0.0,0,0.0032782132612913842,0.7,0.0,not_applicable,stress,visual_noise,190026,feedforward-303,"[""feedforward-303""]",75,aa4b3cee902019b16faa0c35609e9e3aa006dbc0e2621dfb08ceab6de62fa6fb,stress--feedforward-303--visual_noise--190026.npz,49e1ee9512592660f025de0f51b9c7063d9836b965d411b6f46d9ea23ab05c6d
completed,,75,0.25727537501370534,1.5,451526656,"[{""baseline_escape_drive"":null,""collision_substeps"":0,""escape_drive_integral"":0.026091152112931015,""final_simulated_energy"":0.34672009933482817,""food"":0.0,""inference_mean_ms"":0.21384668187238276,""inference_wall_seconds"":0.016038501140428707,""motor_energy_demand"":0.0032799006651714445,""reaction_seconds"":null,""recovery_seconds"":null,""simulation_seconds"":1.5}]",0.0,0,0.0032799006651714445,0.7,0.0,not_applicable,stress,visual_noise,190027,feedforward-303,"[""feedforward-303""]",75,aa4b3cee902019b16faa0c35609e9e3aa006dbc0e2621dfb08ceab6de62fa6fb,stress--feedforward-303--visual_noise--190027.npz,cdb5e268c755208e6c041314d999de3a90aea2f047833e3de3a5f0012a766fe7
completed,,75,0.27502908298629336,1.5,451543040,"[{""baseline_escape_drive"":null,""collision_substeps"":0,""escape_drive_integral"":0.026373335923999548,""final_simulated_energy"":0.34671847740109973,""food"":0.0,""inference_mean_ms"":0.2271133168445279,""inference_wall_seconds"":0.017033498763339594,""motor_energy_demand"":0.003281522598899901,""reaction_seconds"":null,""recovery_seconds"":null,""simulation_seconds"":1.5}]",0.0,0,0.003281522598899901,0.7,0.0,not_applicable,stress,visual_noise,190028,feedforward-303,"[""feedforward-303""]",75,aa4b3cee902019b16faa0c35609e9e3aa006dbc0e2621dfb08ceab6de62fa6fb,stress--feedforward-303--visual_noise--190028.npz,c19e23d5a0c153491d2a12c0be6c6d62e5de3baf004cab97284fdd5c8d747c9d
completed,,75,0.2816098330076784,1.5,451559424,"[{""baseline_escape_drive"":null,""collision_substeps"":0,""escape_drive_integral"":0.026101009268313647,""final_simulated_energy"":0.34672309823034353,""food"":0.0,""inference_mean_ms"":0.22485773389538127,""inference_wall_seconds"":0.016864330042153597,""motor_energy_demand"":0.0032769017696566882,""reaction_seconds"":null,""recovery_seconds"":null,""simulation_seconds"":1.5}]",0.0,0,0.0032769017696566882,0.7,0.0,not_applicable,stress,visual_noise,190029,feedforward-303,"[""feedforward-303""]",75,aa4b3cee902019b16faa0c35609e9e3aa006dbc0e2621dfb08ceab6de62fa6fb,stress--feedforward-303--visual_noise--190029.npz,401a2e3707f2ce082df76c2eeaaa474a4cd0f4d029d0655293c08b4319bdaee1
completed,,75,0.28800845801015384,1.5,451559424,"[{""baseline_escape_drive"":null,""collision_substeps"":0,""escape_drive_integral"":0.02550589619204402,""final_simulated_energy"":0.346732043149229,""food"":0.0,""inference_mean_ms"":0.24894665577448907,""inference_wall_seconds"":0.01867099918308668,""motor_energy_demand"":0.003267956850770861,""reaction_seconds"":null,""recovery_seconds"":null,""simulation_seconds"":1.5}]",0.0,0,0.003267956850770861,0.7,0.0,not_applicable,stress,visual_noise,190030,feedforward-303,"[""feedforward-303""]",75,aa4b3cee902019b16faa0c35609e9e3aa006dbc0e2621dfb08ceab6de62fa6fb,stress--feedforward-303--visual_noise--190030.npz,cf022474bb2dd165eb72637b32b5d0372f0d822bb741ab2b5c984bf61e64494e
completed,,75,0.2946234999981243,1.5,452952064,"[{""baseline_escape_drive"":null,""collision_substeps"":0,""escape_drive_integral"":0.7681137877702713,""final_simulated_energy"":0.3336849513369796,""food"":0.0,""inference_mean_ms"":0.3590571480647971,""inference_wall_seconds"":0.026929286104859784,""motor_energy_demand"":0.01631504866302013,""reaction_seconds"":null,""recovery_seconds"":null,""simulation_seconds"":1.5}]",0.0,0,0.01631504866302013,0.7,0.0,not_applicable,stress,clean,190001,hybrid-101,"[""hybrid-101""]",75,aa4b3cee902019b16faa0c35609e9e3aa006dbc0e2621dfb08ceab6de62fa6fb,stress--hybrid-101--clean--190001.npz,768260103510466b7de316699f0db882f46c758dfb2dc1dabe5b5255a3cb4229
completed,,75,0.2884281250007916,1.5,452952064,"[{""baseline_escape_drive"":null,""collision_substeps"":0,""escape_drive_integral"":0.7681369942426681,""final_simulated_energy"":0.33368259342193596,""food"":0.0,""inference_mean_ms"":0.3312643710523844,""inference_wall_seconds"":0.024844827828928828,""motor_energy_demand"":0.01631740657806396,""reaction_seconds"":null,""recovery_seconds"":null,""simulation_seconds"":1.5}]",0.0,0,0.01631740657806396,0.7,0.0,not_applicable,stress,clean,190002,hybrid-101,"[""hybrid-101""]",75,aa4b3cee902019b16faa0c35609e9e3aa006dbc0e2621dfb08ceab6de62fa6fb,stress--hybrid-101--clean--190002.npz,cf57fd70ffe604eb924601748e9020697d66bdde639f007fadaa84f8976a53fc
completed,,75,0.3126572080072947,1.5,452952064,"[{""baseline_escape_drive"":null,""collision_substeps"":0,""escape_drive_integral"":0.7683843502402306,""final_simulated_energy"":0.33366995475739225,""food"":0.0,""inference_mean_ms"":0.3772272146306932,""inference_wall_seconds"":0.02829204109730199,""motor_energy_demand"":0.016330045242607595,""reaction_seconds"":null,""recovery_seconds"":null,""simulation_seconds"":1.5}]",0.0,0,0.016330045242607595,0.7,0.0,not_applicable,stress,clean,190003,hybrid-101,"[""hybrid-101""]",75,aa4b3cee902019b16faa0c35609e9e3aa006dbc0e2621dfb08ceab6de62fa6fb,stress--hybrid-101--clean--190003.npz,dbc5933fe68802f98909c6ccbdc54e01ba964660083a27199a25a650038ae220
completed,,75,0.30468000000109896,1.5,452968448,"[{""baseline_escape_drive"":null,""collision_substeps"":0,""escape_drive_integral"":0.7683532536029816,""final_simulated_energy"":0.3336733738100527,""food"":0.0,""inference_mean_ms"":0.3612161745938162,""inference_wall_seconds"":0.027091213094536215,""motor_energy_demand"":0.016326626189947128,""reaction_seconds"":null,""recovery_seconds"":null,""simulation_seconds"":1.5}]",0.0,0,0.016326626189947128,0.7,0.0,not_applicable,stress,clean,190004,hybrid-101,"[""hybrid-101""]",75,aa4b3cee902019b16faa0c35609e9e3aa006dbc0e2621dfb08ceab6de62fa6fb,stress--hybrid-101--clean--190004.npz,711992eb43ba8e622affa0ee77d8a5cc9d107a97528611a9a16d3e403122ab8e
completed,,75,0.2897059580136556,1.5,452984832,"[{""baseline_escape_drive"":null,""collision_substeps"":0,""escape_drive_integral"":0.7681074276566505,""final_simulated_energy"":0.33368479903012516,""food"":0.0,""inference_mean_ms"":0.3297726670280099,""inference_wall_seconds"":0.024732950027100742,""motor_energy_demand"":0.016315200969874863,""reaction_seconds"":null,""recovery_seconds"":null,""simulation_seconds"":1.5}]",0.0,0,0.016315200969874863,0.7,0.0,not_applicable,stress,clean,190005,hybrid-101,"[""hybrid-101""]",75,aa4b3cee902019b16faa0c35609e9e3aa006dbc0e2621dfb08ceab6de62fa6fb,stress--hybrid-101--clean--190005.npz,9d5c2ade04b845cc6cf0f5b7c31bf5d3d525e93bee8a430899d6bd5206b1ef28
completed,,75,0.28572241601068527,1.5,453001216,"[{""baseline_escape_drive"":null,""collision_substeps"":0,""escape_drive_integral"":0.7680955159664155,""final_simulated_energy"":0.333687491984367,""food"":0.0,""inference_mean_ms"":0.3237472129209588,""inference_wall_seconds"":0.02428104096907191,""motor_energy_demand"":0.016312508015632634,""reaction_seconds"":null,""recovery_seconds"":null,""simulation_seconds"":1.5}]",0.0,0,0.016312508015632634,0.7,0.0,not_applicable,stress,clean,190006,hybrid-101,"[""hybrid-101""]",75,aa4b3cee902019b16faa0c35609e9e3aa006dbc0e2621dfb08ceab6de62fa6fb,stress--hybrid-101--clean--190006.npz,3911ae2a2b7421b4eab634a81cfdbaf8eee4207d03945816a693511841fcb8c6
completed,,75,0.30717387501499616,1.5,453001216,"[{""baseline_escape_drive"":null,""collision_substeps"":0,""escape_drive_integral"":0.7681074285507202,""final_simulated_energy"":0.33368222556650573,""food"":0.0,""inference_mean_ms"":0.37165554783617455,""inference_wall_seconds"":0.027874166087713093,""motor_energy_demand"":0.016317774433493616,""reaction_seconds"":null,""recovery_seconds"":null,""simulation_seconds"":1.5}]",0.0,0,0.016317774433493616,0.7,0.0,not_applicable,stress,clean,190007,hybrid-101,"[""hybrid-101""]",75,aa4b3cee902019b16faa0c35609e9e3aa006dbc0e2621dfb08ceab6de62fa6fb,stress--hybrid-101--clean--190007.npz,3c8eb3b618817e24d63c705d12101b2eb4e64399edfb07dbbfdb5b48716cf93a
completed,,75,0.28407658298965544,1.5,453001216,"[{""baseline_escape_drive"":null,""collision_substeps"":0,""escape_drive_integral"":0.7681141862273216,""final_simulated_energy"":0.3336821439394356,""food"":0.0,""inference_mean_ms"":0.33457609242759645,""inference_wall_seconds"":0.025093206932069734,""motor_energy_demand"":0.01631785606056452,""reaction_seconds"":null,""recovery_seconds"":null,""simulation_seconds"":1.5}]",0.0,0,0.01631785606056452,0.7,0.0,not_applicable,stress,clean,190008,hybrid-101,"[""hybrid-101""]",75,aa4b3cee902019b16faa0c35609e9e3aa006dbc0e2621dfb08ceab6de62fa6fb,stress--hybrid-101--clean--190008.npz,1f668008217be2661f80f013a26569f5b6f121d967e692bc74dfd21108ba2c68
completed,,75,0.28514491600799374,1.5,453017600,"[{""baseline_escape_drive"":null,""collision_substeps"":0,""escape_drive_integral"":0.7608447352051735,""final_simulated_energy"":0.3541883234249062,""food"":0.03986755240708589,""inference_mean_ms"":0.33803932019509375,""inference_wall_seconds"":0.02535294901463203,""motor_energy_demand"":0.01574545277863741,""reaction_seconds"":null,""recovery_seconds"":null,""simulation_seconds"":1.5}]",0.03986755240708589,0,0.01574545277863741,0.6601324475929137,0.0,not_applicable,stress,clean,190009,hybrid-101,"[""hybrid-101""]",75,aa4b3cee902019b16faa0c35609e9e3aa006dbc0e2621dfb08ceab6de62fa6fb,stress--hybrid-101--clean--190009.npz,e599b2e51b15da2d875f162cdf7d18a838c53bf434a04d333a9baa8372920d0f
completed,,75,0.33204491599462926,1.5,453033984,"[{""baseline_escape_drive"":null,""collision_substeps"":0,""escape_drive_integral"":0.768391585946083,""final_simulated_energy"":0.33366942771315555,""food"":0.0,""inference_mean_ms"":0.3940194542519748,""inference_wall_seconds"":0.02955145906889811,""motor_energy_demand"":0.01633057228684425,""reaction_seconds"":null,""recovery_seconds"":null,""simulation_seconds"":1.5}]",0.0,0,0.01633057228684425,0.7,0.0,not_applicable,stress,clean,190010,hybrid-101,"[""hybrid-101""]",75,aa4b3cee902019b16faa0c35609e9e3aa006dbc0e2621dfb08ceab6de62fa6fb,stress--hybrid-101--clean--190010.npz,2a09c26a1a5bdd02bb761139fc87b6e687d6a6abc871660e508daf2e2ce04d34
completed,,75,0.28659641699050553,1.5,453033984,"[{""baseline_escape_drive"":null,""collision_substeps"":0,""escape_drive_integral"":0.767986476123333,""final_simulated_energy"":0.33369138354688943,""food"":0.0,""inference_mean_ms"":0.3476276539731771,""inference_wall_seconds"":0.02607207404798828,""motor_energy_demand"":0.016308616453111175,""reaction_seconds"":null,""recovery_seconds"":null,""simulation_seconds"":1.5}]",0.0,0,0.016308616453111175,0.7,0.0,not_applicable,stress,clean,190011,hybrid-101,"[""hybrid-101""]",75,aa4b3cee902019b16faa0c35609e9e3aa006dbc0e2621dfb08ceab6de62fa6fb,stress--hybrid-101--clean--190011.npz,03dcf315a875f9320244f63cf6f33684c5778fe663c7aa6bef125f5f86ee99dc
completed,,75,0.2816850829985924,1.5,453033984,"[{""baseline_escape_drive"":null,""collision_substeps"":0,""escape_drive_integral"":0.7682786735892296,""final_simulated_energy"":0.33367840502351476,""food"":0.0,""inference_mean_ms"":0.3227143206944068,""inference_wall_seconds"":0.024203574052080512,""motor_energy_demand"":0.016321594976484777,""reaction_seconds"":null,""recovery_seconds"":null,""simulation_seconds"":1.5}]",0.0,0,0.016321594976484777,0.7,0.0,not_applicable,stress,clean,190012,hybrid-101,"[""hybrid-101""]",75,aa4b3cee902019b16faa0c35609e9e3aa006dbc0e2621dfb08ceab6de62fa6fb,stress--hybrid-101--clean--190012.npz,242cca39ef964b3139f22c8bf20124340e3785e0bbc2758f5a909f7c9a1e34a4
completed,,75,0.28261262498563156,1.5,453033984,"[{""baseline_escape_drive"":null,""collision_substeps"":0,""escape_drive_integral"":0.764799851179123,""final_simulated_energy"":0.3360546090587976,""food"":0.0043329399079084395,""inference_mean_ms"":0.3347028011921793,""inference_wall_seconds"":0.02510271008941345,""motor_energy_demand"":0.01611186089515686,""reaction_seconds"":null,""recovery_seconds"":null,""simulation_seconds"":1.5}]",0.0043329399079084395,0,0.01611186089515686,0.6956670600920916,0.0,not_applicable,stress,clean,190013,hybrid-101,"[""hybrid-101""]",75,aa4b3cee902019b16faa0c35609e9e3aa006dbc0e2621dfb08ceab6de62fa6fb,stress--hybrid-101--clean--190013.npz,eb87ac0aea22533942727a703bde1f75f547d256d45495402204787c5cfb9d3b
completed,,75,0.25703062501270324,1.5,453050368,"[{""baseline_escape_drive"":null,""collision_substeps"":0,""escape_drive_integral"":0.7680944505333901,""final_simulated_energy"":0.33368523564606856,""food"":0.0,""inference_mean_ms"":0.29196953400969505,""inference_wall_seconds"":0.02189771505072713,""motor_energy_demand"":0.016314764353930946,""reaction_seconds"":null,""recovery_seconds"":null,""simulation_seconds"":1.5}]",0.0,0,0.016314764353930946,0.7,0.0,not_applicable,stress,clean,190014,hybrid-101,"[""hybrid-101""]",75,aa4b3cee902019b16faa0c35609e9e3aa006dbc0e2621dfb08ceab6de62fa6fb,stress--hybrid-101--clean--190014.npz,16eb06eddc33fc774b4611e9ea720aa297e2925f0d86e5bcd28bf880eb8f1dcf
completed,,75,0.25062195901409723,1.5,453050368,"[{""baseline_escape_drive"":null,""collision_substeps"":0,""escape_drive_integral"":0.7597470986843109,""final_simulated_energy"":0.351680186377614,""food"":0.03485771697014571,""inference_mean_ms"":0.28325553168542683,""inference_wall_seconds"":0.021244164876407012,""motor_energy_demand"":0.015748672107458114,""reaction_seconds"":null,""recovery_seconds"":null,""simulation_seconds"":1.5}]",0.03485771697014571,0,0.015748672107458114,0.6651422830298548,0.0,not_applicable,stress,clean,190015,hybrid-101,"[""hybrid-101""]",75,aa4b3cee902019b16faa0c35609e9e3aa006dbc0e2621dfb08ceab6de62fa6fb,stress--hybrid-101--clean--190015.npz,c162f5ce7c3f302f76530def0bfa2160c703a6ca4ed3be7d36c88418ad3ec3c0
completed,,75,0.24951920899911784,1.5,453050368,"[{""baseline_escape_drive"":null,""collision_substeps"":0,""escape_drive_integral"":0.7683292734622955,""final_simulated_energy"":0.33367509744346113,""food"":0.0,""inference_mean_ms"":0.2793316643995543,""inference_wall_seconds"":0.020949874829966575,""motor_energy_demand"":0.016324902556538585,""reaction_seconds"":null,""recovery_seconds"":null,""simulation_seconds"":1.5}]",0.0,0,0.016324902556538585,0.7,0.0,not_applicable,stress,clean,190016,hybrid-101,"[""hybrid-101""]",75,aa4b3cee902019b16faa0c35609e9e3aa006dbc0e2621dfb08ceab6de62fa6fb,stress--hybrid-101--clean--190016.npz,203a3d5aef588f7d056eceaf034cfdb1024fb434f2699879fbd96307ed7c38e3
completed,,75,0.27199799998197705,1.5,453050368,"[{""baseline_escape_drive"":null,""collision_substeps"":0,""escape_drive_integral"":0.7680712920427323,""final_simulated_energy"":0.3336857130479812,""food"":0.0,""inference_mean_ms"":0.32014943698110676,""inference_wall_seconds"":0.02401120777358301,""motor_energy_demand"":0.016314286952018735,""reaction_seconds"":null,""recovery_seconds"":null,""simulation_seconds"":1.5}]",0.0,0,0.016314286952018735,0.7,0.0,not_applicable,stress,clean,190017,hybrid-101,"[""hybrid-101""]",75,aa4b3cee902019b16faa0c35609e9e3aa006dbc0e2621dfb08ceab6de62fa6fb,stress--hybrid-101--clean--190017.npz,e4ff99a7d87f8759bba83a23e7e8334c91815f4b37c6d2ad2170bdbf1042baff
completed,,75,0.25326233298983425,1.5,453050368,"[{""baseline_escape_drive"":null,""collision_substeps"":0,""escape_drive_integral"":0.7683649450540543,""final_simulated_energy"":0.3336714971864222,""food"":0.0,""inference_mean_ms"":0.2898628233621518,""inference_wall_seconds"":0.021739711752161384,""motor_energy_demand"":0.01632850281357765,""reaction_seconds"":null,""recovery_seconds"":null,""simulation_seconds"":1.5}]",0.0,0,0.01632850281357765,0.7,0.0,not_applicable,stress,clean,190018,hybrid-101,"[""hybrid-101""]",75,aa4b3cee902019b16faa0c35609e9e3aa006dbc0e2621dfb08ceab6de62fa6fb,stress--hybrid-101--clean--190018.npz,1bda5625dc51cf878d1725d870d6b38cd533f77a3ff04e3b41f974f286d64f35
completed,,75,0.2564452909864485,1.5,453099520,"[{""baseline_escape_drive"":null,""collision_substeps"":0,""escape_drive_integral"":0.7680635988712311,""final_simulated_energy"":0.33368477090656756,""food"":0.0,""inference_mean_ms"":0.2941716384763519,""inference_wall_seconds"":0.022062872885726392,""motor_energy_demand"":0.016315229093432426,""reaction_seconds"":null,""recovery_seconds"":null,""simulation_seconds"":1.5}]",0.0,0,0.016315229093432426,0.7,0.0,not_applicable,stress,clean,190019,hybrid-101,"[""hybrid-101""]",75,aa4b3cee902019b16faa0c35609e9e3aa006dbc0e2621dfb08ceab6de62fa6fb,stress--hybrid-101--clean--190019.npz,8ed26462bbb28fb50e6836d1e51761ab3f07a7dafefae4d55259ab257a292a0c
completed,,75,0.25947237500804476,1.5,453099520,"[{""baseline_escape_drive"":null,""collision_substeps"":0,""escape_drive_integral"":0.768062339425087,""final_simulated_energy"":0.33368892430245856,""food"":0.0,""inference_mean_ms"":0.292264986395215,""inference_wall_seconds"":0.021919873979641125,""motor_energy_demand"":0.016311075697541234,""reaction_seconds"":null,""recovery_seconds"":null,""simulation_seconds"":1.5}]",0.0,0,0.016311075697541234,0.7,0.0,not_applicable,stress,clean,190020,hybrid-101,"[""hybrid-101""]",75,aa4b3cee902019b16faa0c35609e9e3aa006dbc0e2621dfb08ceab6de62fa6fb,stress--hybrid-101--clean--190020.npz,282a85a274a9f08c9d5d99b32f4b82c928d4912dc8400f160357a206ac6cc453
completed,,75,0.27632216599886306,1.5,453115904,"[{""baseline_escape_drive"":null,""collision_substeps"":0,""escape_drive_integral"":0.7682962483167648,""final_simulated_energy"":0.3336768483620879,""food"":0.0,""inference_mean_ms"":0.3204067097976804,""inference_wall_seconds"":0.02403050323482603,""motor_energy_demand"":0.016323151637911797,""reaction_seconds"":null,""recovery_seconds"":null,""simulation_seconds"":1.5}]",0.0,0,0.016323151637911797,0.7,0.0,not_applicable,stress,clean,190021,hybrid-101,"[""hybrid-101""]",75,aa4b3cee902019b16faa0c35609e9e3aa006dbc0e2621dfb08ceab6de62fa6fb,stress--hybrid-101--clean--190021.npz,ba3a8eabed6851bb6b78576f3ba0bf3e57c0ff9cfeb6e82caf6deee721749bdc
completed,,75,0.2539399169909302,1.5,453115904,"[{""baseline_escape_drive"":null,""collision_substeps"":0,""escape_drive_integral"":0.7680763301253319,""final_simulated_energy"":0.33368515946358446,""food"":0.0,""inference_mean_ms"":0.28959613332214457,""inference_wall_seconds"":0.02171970999916084,""motor_energy_demand"":0.016314840536415576,""reaction_seconds"":null,""recovery_seconds"":null,""simulation_seconds"":1.5}]",0.0,0,0.016314840536415576,0.7,0.0,not_applicable,stress,clean,190022,hybrid-101,"[""hybrid-101""]",75,aa4b3cee902019b16faa0c35609e9e3aa006dbc0e2621dfb08ceab6de62fa6fb,stress--hybrid-101--clean--190022.npz,fc1cdefc3a7dadd3ff79150bb2587e25355733c88bdc77e7ea5ddb210f0ed24a
completed,,75,0.24977729099919088,1.5,453115904,"[{""baseline_escape_drive"":null,""collision_substeps"":0,""escape_drive_integral"":0.7680307057499886,""final_simulated_energy"":0.33369215936750196,""food"":0.0,""inference_mean_ms"":0.2785866245782624,""inference_wall_seconds"":0.020893996843369678,""motor_energy_demand"":0.016307840632498266,""reaction_seconds"":null,""recovery_seconds"":null,""simulation_seconds"":1.5}]",0.0,0,0.016307840632498266,0.7,0.0,not_applicable,stress,clean,190023,hybrid-101,"[""hybrid-101""]",75,aa4b3cee902019b16faa0c35609e9e3aa006dbc0e2621dfb08ceab6de62fa6fb,stress--hybrid-101--clean--190023.npz,822bd83a03368dbf6e21e31f89e6708d3273297aed683304b580a488a699c391
completed,,75,0.25333083400619216,1.5,453132288,"[{""baseline_escape_drive"":null,""collision_substeps"":0,""escape_drive_integral"":0.7683495289087295,""final_simulated_energy"":0.333673526797295,""food"":0.0,""inference_mean_ms"":0.2903327070331822,""inference_wall_seconds"":0.021774953027488664,""motor_energy_demand"":0.016326473202705385,""reaction_seconds"":null,""recovery_seconds"":null,""simulation_seconds"":1.5}]",0.0,0,0.016326473202705385,0.7,0.0,not_applicable,stress,clean,190024,hybrid-101,"[""hybrid-101""]",75,aa4b3cee902019b16faa0c35609e9e3aa006dbc0e2621dfb08ceab6de62fa6fb,stress--hybrid-101--clean--190024.npz,97417e1953164095defa595cf98264699f1271a27b058b2362ed6e5073b8d36d
completed,,75,0.2767436250287574,1.5,453132288,"[{""baseline_escape_drive"":null,""collision_substeps"":0,""escape_drive_integral"":0.7679754376411438,""final_simulated_energy"":0.33369135778546355,""food"":0.0,""inference_mean_ms"":0.32755938669045764,""inference_wall_seconds"":0.024566954001784325,""motor_energy_demand"":0.016308642214536668,""reaction_seconds"":null,""recovery_seconds"":null,""simulation_seconds"":1.5}]",0.0,0,0.016308642214536668,0.7,0.0,not_applicable,stress,clean,190025,hybrid-101,"[""hybrid-101""]",75,aa4b3cee902019b16faa0c35609e9e3aa006dbc0e2621dfb08ceab6de62fa6fb,stress--hybrid-101--clean--190025.npz,60d6775332274daa9c4fdc834decb5b6f389e3a4e3691b7ce7d60dc8fa99fbf6
completed,,75,0.2729663329955656,1.5,453132288,"[{""baseline_escape_drive"":null,""collision_substeps"":0,""escape_drive_integral"":0.7680268883705139,""final_simulated_energy"":0.3336868125969169,""food"":0.0,""inference_mean_ms"":0.3180177738734831,""inference_wall_seconds"":0.023851333040511236,""motor_energy_demand"":0.01631318740308285,""reaction_seconds"":null,""recovery_seconds"":null,""simulation_seconds"":1.5}]",0.0,0,0.01631318740308285,0.7,0.0,not_applicable,stress,clean,190026,hybrid-101,"[""hybrid-101""]",75,aa4b3cee902019b16faa0c35609e9e3aa006dbc0e2621dfb08ceab6de62fa6fb,stress--hybrid-101--clean--190026.npz,5f951fb3840444bb3366cdbc680e798a8796e290281162dd1b7687af6e0cf5e9
completed,,75,0.2553692920191679,1.5,453132288,"[{""baseline_escape_drive"":null,""collision_substeps"":0,""escape_drive_integral"":0.7680172520875931,""final_simulated_energy"":0.33368728620648347,""food"":0.0,""inference_mean_ms"":0.30027114398156607,""inference_wall_seconds"":0.022520335798617452,""motor_energy_demand"":0.016312713793516162,""reaction_seconds"":null,""recovery_seconds"":null,""simulation_seconds"":1.5}]",0.0,0,0.016312713793516162,0.7,0.0,not_applicable,stress,clean,190027,hybrid-101,"[""hybrid-101""]",75,aa4b3cee902019b16faa0c35609e9e3aa006dbc0e2621dfb08ceab6de62fa6fb,stress--hybrid-101--clean--190027.npz,88b637abb2f81bd7151ed42b55bff1087dbc53ff5d1b5b327065ca328e17bb74
completed,,75,0.2557585410249885,1.5,453132288,"[{""baseline_escape_drive"":null,""collision_substeps"":0,""escape_drive_integral"":0.7679795897006989,""final_simulated_energy"":0.33369175256431083,""food"":0.0,""inference_mean_ms"":0.2901333605404943,""inference_wall_seconds"":0.021760002040537074,""motor_energy_demand"":0.01630824743568897,""reaction_seconds"":null,""recovery_seconds"":null,""simulation_seconds"":1.5}]",0.0,0,0.01630824743568897,0.7,0.0,not_applicable,stress,clean,190028,hybrid-101,"[""hybrid-101""]",75,aa4b3cee902019b16faa0c35609e9e3aa006dbc0e2621dfb08ceab6de62fa6fb,stress--hybrid-101--clean--190028.npz,82018c6c788cdeb981836399c5642f432a7ba87dfda8d900e70f02ffb8a8f616
completed,,75,0.2816701660049148,1.5,453132288,"[{""baseline_escape_drive"":null,""collision_substeps"":0,""escape_drive_integral"":0.7598359814286232,""final_simulated_energy"":0.3523244779852034,""food"":0.036152989715337744,""inference_mean_ms"":0.33688839990645647,""inference_wall_seconds"":0.025266629992984235,""motor_energy_demand"":0.015752016872465614,""reaction_seconds"":null,""recovery_seconds"":null,""simulation_seconds"":1.5}]",0.036152989715337744,0,0.015752016872465614,0.6638470102846623,0.0,not_applicable,stress,clean,190029,hybrid-101,"[""hybrid-101""]",75,aa4b3cee902019b16faa0c35609e9e3aa006dbc0e2621dfb08ceab6de62fa6fb,stress--hybrid-101--clean--190029.npz,182d34c2d7bb6c168acd4a0aeb4fd929f268c51717f528b6792bbb4f5cf3891d
completed,,75,0.25557883401052095,1.5,453148672,"[{""baseline_escape_drive"":null,""collision_substeps"":0,""escape_drive_integral"":0.7682397934794426,""final_simulated_energy"":0.3336781116738916,""food"":0.0,""inference_mean_ms"":0.28976777258018654,""inference_wall_seconds"":0.02173258294351399,""motor_energy_demand"":0.016321888326108452,""reaction_seconds"":null,""recovery_seconds"":null,""simulation_seconds"":1.5}]",0.0,0,0.016321888326108452,0.7,0.0,not_applicable,stress,clean,190030,hybrid-101,"[""hybrid-101""]",75,aa4b3cee902019b16faa0c35609e9e3aa006dbc0e2621dfb08ceab6de62fa6fb,stress--hybrid-101--clean--190030.npz,a9475234a4c9026feda7cda553abac4fc86c66c7a6f6b703bb8d969fbcf972a4
completed,,75,0.2560136250103824,1.5,453148672,"[{""baseline_escape_drive"":null,""collision_substeps"":0,""escape_drive_integral"":0.8862141588330269,""final_simulated_energy"":0.33189717153519416,""food"":0.0,""inference_mean_ms"":0.28993338540506863,""inference_wall_seconds"":0.021745003905380145,""motor_energy_demand"":0.018102828464806077,""reaction_seconds"":null,""recovery_seconds"":null,""simulation_seconds"":1.5}]",0.0,0,0.018102828464806077,0.7,0.0,not_applicable,stress,visual_noise,190001,hybrid-101,"[""hybrid-101""]",75,aa4b3cee902019b16faa0c35609e9e3aa006dbc0e2621dfb08ceab6de62fa6fb,stress--hybrid-101--visual_noise--190001.npz,5f7e43ba4a8c5a4608d759a549240a03cf103717d998a35bb85c8270cb300f69
completed,,75,0.2546724999847356,1.5,453148672,"[{""baseline_escape_drive"":null,""collision_substeps"":0,""escape_drive_integral"":0.926683341562748,""final_simulated_energy"":0.3313118472757932,""food"":0.0,""inference_mean_ms"":0.29415273456834257,""inference_wall_seconds"":0.022061455092625692,""motor_energy_demand"":0.018688152724206448,""reaction_seconds"":null,""recovery_seconds"":null,""simulation_seconds"":1.5}]",0.0,0,0.018688152724206448,0.7,0.0,not_applicable,stress,visual_noise,190002,hybrid-101,"[""hybrid-101""]",75,aa4b3cee902019b16faa0c35609e9e3aa006dbc0e2621dfb08ceab6de62fa6fb,stress--hybrid-101--visual_noise--190002.npz,7a663a21a6ee78bc0301b24833484b21518169ac35626fb07aacb4aaf7127c6c
completed,,75,0.27726249999250285,1.5,453165056,"[{""baseline_escape_drive"":null,""collision_substeps"":0,""escape_drive_integral"":0.8678287190198899,""final_simulated_energy"":0.33216748519301464,""food"":0.0,""inference_mean_ms"":0.32373057367901004,""inference_wall_seconds"":0.024279793025925756,""motor_energy_demand"":0.017832514806985857,""reaction_seconds"":null,""recovery_seconds"":null,""simulation_seconds"":1.5}]",0.0,0,0.017832514806985857,0.7,0.0,not_applicable,stress,visual_noise,190003,hybrid-101,"[""hybrid-101""]",75,aa4b3cee902019b16faa0c35609e9e3aa006dbc0e2621dfb08ceab6de62fa6fb,stress--hybrid-101--visual_noise--190003.npz,bfe815c7ba9788c4161d40cacbbb1976384d059f0ce1c312ee0f314ed5777c7a
completed,,75,0.2572985000151675,1.5,453181440,"[{""baseline_escape_drive"":null,""collision_substeps"":0,""escape_drive_integral"":0.9014512893557549,""final_simulated_energy"":0.3316667498078941,""food"":0.0,""inference_mean_ms"":0.2854700250706325,""inference_wall_seconds"":0.021410251880297437,""motor_energy_demand"":0.018333250192105768,""reaction_seconds"":null,""recovery_seconds"":null,""simulation_seconds"":1.5}]",0.0,0,0.018333250192105768,0.7,0.0,not_applicable,stress,visual_noise,190004,hybrid-101,"[""hybrid-101""]",75,aa4b3cee902019b16faa0c35609e9e3aa006dbc0e2621dfb08ceab6de62fa6fb,stress--hybrid-101--visual_noise--190004.npz,f2e170b2bff1b95bfd9db138bd3b4fb20215f0bfe05c8324bacf6dc02fc6f1ff
completed,,75,0.26297958299983293,1.5,453197824,"[{""baseline_escape_drive"":null,""collision_substeps"":0,""escape_drive_integral"":0.9161093017458916,""final_simulated_energy"":0.33146435520678763,""food"":0.0,""inference_mean_ms"":0.30085279994333786,""inference_wall_seconds"":0.022563959995750338,""motor_energy_demand"":0.018535644793212413,""reaction_seconds"":null,""recovery_seconds"":null,""simulation_seconds"":1.5}]",0.0,0,0.018535644793212413,0.7,0.0,not_applicable,stress,visual_noise,190005,hybrid-101,"[""hybrid-101""]",75,aa4b3cee902019b16faa0c35609e9e3aa006dbc0e2621dfb08ceab6de62fa6fb,stress--hybrid-101--visual_noise--190005.npz,ce74a1a5c5552172c38e0dd0b1bb41a3b8bd614ce1c6dc5543e0f815193505d2
completed,,75,0.2602851669944357,1.5,453214208,"[{""baseline_escape_drive"":null,""collision_substeps"":0,""escape_drive_integral"":0.9143662112951279,""final_simulated_energy"":0.3314891110068561,""food"":0.0,""inference_mean_ms"":0.29505665220009786,""inference_wall_seconds"":0.022129248915007338,""motor_energy_demand"":0.018510888993144035,""reaction_seconds"":null,""recovery_seconds"":null,""simulation_seconds"":1.5}]",0.0,0,0.018510888993144035,0.7,0.0,not_applicable,stress,visual_noise,190006,hybrid-101,"[""hybrid-101""]",75,aa4b3cee902019b16faa0c35609e9e3aa006dbc0e2621dfb08ceab6de62fa6fb,stress--hybrid-101--visual_noise--190006.npz,1e4b498e5c642a89a3d8995831f4ff060447b964bc5bf85abfecc49eb704bde8
completed,,75,0.2779911250108853,1.5,453214208,"[{""baseline_escape_drive"":null,""collision_substeps"":0,""escape_drive_integral"":0.8953420296311378,""final_simulated_energy"":0.33177616353064776,""food"":0.0,""inference_mean_ms"":0.3248355720036974,""inference_wall_seconds"":0.0243626679002773,""motor_energy_demand"":0.018223836469352245,""reaction_seconds"":null,""recovery_seconds"":null,""simulation_seconds"":1.5}]",0.0,0,0.018223836469352245,0.7,0.0,not_applicable,stress,visual_noise,190007,hybrid-101,"[""hybrid-101""]",75,aa4b3cee902019b16faa0c35609e9e3aa006dbc0e2621dfb08ceab6de62fa6fb,stress--hybrid-101--visual_noise--190007.npz,6e204fe86c64afc5c3ef268daf027c62961db53db0f39b2fb1de90e58e02d6b2
completed,,75,0.2742550410039257,1.5,453214208,"[{""baseline_escape_drive"":null,""collision_substeps"":0,""escape_drive_integral"":0.8826625341176987,""final_simulated_energy"":0.331954460532069,""food"":0.0,""inference_mean_ms"":0.3185394674073905,""inference_wall_seconds"":0.023890460055554286,""motor_energy_demand"":0.018045539467930794,""reaction_seconds"":null,""recovery_seconds"":null,""simulation_seconds"":1.5}]",0.0,0,0.018045539467930794,0.7,0.0,not_applicable,stress,visual_noise,190008,hybrid-101,"[""hybrid-101""]",75,aa4b3cee902019b16faa0c35609e9e3aa006dbc0e2621dfb08ceab6de62fa6fb,stress--hybrid-101--visual_noise--190008.npz,8f65a640d6f52832058bb3c900c8d98ed6d3a1ef95776a7c8f9953bac5babd29
completed,,75,0.2650463329919148,1.5,453230592,"[{""baseline_escape_drive"":null,""collision_substeps"":0,""escape_drive_integral"":0.8753766825795174,""final_simulated_energy"":0.34976350658595556,""food"":0.034556165114045134,""inference_mean_ms"":0.3117277449928224,""inference_wall_seconds"":0.02337958087446168,""motor_energy_demand"":0.017514575971066954,""reaction_seconds"":null,""recovery_seconds"":null,""simulation_seconds"":1.5}]",0.034556165114045134,0,0.017514575971066954,0.6654438348859548,0.0,not_applicable,stress,visual_noise,190009,hybrid-101,"[""hybrid-101""]",75,aa4b3cee902019b16faa0c35609e9e3aa006dbc0e2621dfb08ceab6de62fa6fb,stress--hybrid-101--visual_noise--190009.npz,cabbab351090084855f380979cfbbe8ba63c3ba1065bebe50d0e9062693e8ae9
completed,,75,0.25830733397742733,1.5,453263360,"[{""baseline_escape_drive"":null,""collision_substeps"":0,""escape_drive_integral"":0.8652192896604538,""final_simulated_energy"":0.33221176070988145,""food"":0.0,""inference_mean_ms"":0.29311173168631893,""inference_wall_seconds"":0.02198337987647392,""motor_energy_demand"":0.017788239290118215,""reaction_seconds"":null,""recovery_seconds"":null,""simulation_seconds"":1.5}]",0.0,0,0.017788239290118215,0.7,0.0,not_applicable,stress,visual_noise,190010,hybrid-101,"[""hybrid-101""]",75,aa4b3cee902019b16faa0c35609e9e3aa006dbc0e2621dfb08ceab6de62fa6fb,stress--hybrid-101--visual_noise--190010.npz,952559e7b7e62d9d8ed7fb72aba71ce5db0b8737b9a02b6674f67dc54aab9420
completed,,75,0.2792478750052396,1.5,453263360,"[{""baseline_escape_drive"":null,""collision_substeps"":0,""escape_drive_integral"":0.9149565875530243,""final_simulated_energy"":0.33147547088742313,""food"":0.0,""inference_mean_ms"":0.335281720229735,""inference_wall_seconds"":0.025146129017230123,""motor_energy_demand"":0.01852452911257744,""reaction_seconds"":null,""recovery_seconds"":null,""simulation_seconds"":1.5}]",0.0,0,0.01852452911257744,0.7,0.0,not_applicable,stress,visual_noise,190011,hybrid-101,"[""hybrid-101""]",75,aa4b3cee902019b16faa0c35609e9e3aa006dbc0e2621dfb08ceab6de62fa6fb,stress--hybrid-101--visual_noise--190011.npz,6e40a2a7a0ce063f3aa9cfc6e432004d74ac0ae327458ad126182e0d9c096a5a
completed,,75,0.2545751659781672,1.5,453263360,"[{""baseline_escape_drive"":null,""collision_substeps"":0,""escape_drive_integral"":0.9079887288808823,""final_simulated_energy"":0.331581085495949,""food"":0.0,""inference_mean_ms"":0.29170392158751685,""inference_wall_seconds"":0.021877794119063765,""motor_energy_demand"":0.01841891450405121,""reaction_seconds"":null,""recovery_seconds"":null,""simulation_seconds"":1.5}]",0.0,0,0.01841891450405121,0.7,0.0,not_applicable,stress,visual_noise,190012,hybrid-101,"[""hybrid-101""]",75,aa4b3cee902019b16faa0c35609e9e3aa006dbc0e2621dfb08ceab6de62fa6fb,stress--hybrid-101--visual_noise--190012.npz,deeb61b75d4b05687486b2636a7320b4bda2a0689ae7aa58714f6d3b959571ae
completed,,75,0.2924732500105165,1.5,453263360,"[{""baseline_escape_drive"":null,""collision_substeps"":0,""escape_drive_integral"":0.9326378756761551,""final_simulated_energy"":0.33752081680089235,""food"":0.012146533653140067,""inference_mean_ms"":0.3674144127095739,""inference_wall_seconds"":0.027556080953218043,""motor_energy_demand"":0.01855245002567768,""reaction_seconds"":null,""recovery_seconds"":null,""simulation_seconds"":1.5}]",0.012146533653140067,0,0.01855245002567768,0.6878534663468595,0.0,not_applicable,stress,visual_noise,190013,hybrid-101,"[""hybrid-101""]",75,aa4b3cee902019b16faa0c35609e9e3aa006dbc0e2621dfb08ceab6de62fa6fb,stress--hybrid-101--visual_noise--190013.npz,6497ddef76c61e7116594d60c9ee769b262817730695d28d55af85181121ff0e
completed,,75,0.27571537499898113,1.5,453263360,"[{""baseline_escape_drive"":null,""collision_substeps"":0,""escape_drive_integral"":0.8685965043306351,""final_simulated_energy"":0.33218217523992055,""food"":0.0,""inference_mean_ms"":0.3141393869494398,""inference_wall_seconds"":0.023560454021207988,""motor_energy_demand"":0.017817824760079384,""reaction_seconds"":null,""recovery_seconds"":null,""simulation_seconds"":1.5}]",0.0,0,0.017817824760079384,0.7,0.0,not_applicable,stress,visual_noise,190014,hybrid-101,"[""hybrid-101""]",75,aa4b3cee902019b16faa0c35609e9e3aa006dbc0e2621dfb08ceab6de62fa6fb,stress--hybrid-101--visual_noise--190014.npz,b78e6cfd082ebf12c1a71aefe93fc4e321b548f2ef8207780fa57543fd9f3437
completed,,75,0.2836374169855844,1.5,453279744,"[{""baseline_escape_drive"":null,""collision_substeps"":0,""escape_drive_integral"":0.8555891099572182,""final_simulated_energy"":0.3473939960187672,""food"":0.02923680014908314,""inference_mean_ms"":0.3278844403879096,""inference_wall_seconds"":0.02459133302909322,""motor_energy_demand"":0.01722440405577421,""reaction_seconds"":null,""recovery_seconds"":null,""simulation_seconds"":1.5}]",0.02923680014908314,0,0.01722440405577421,0.6707631998509169,0.0,not_applicable,stress,visual_noise,190015,hybrid-101,"[""hybrid-101""]",75,aa4b3cee902019b16faa0c35609e9e3aa006dbc0e2621dfb08ceab6de62fa6fb,stress--hybrid-101--visual_noise--190015.npz,fa5f0f5756d2225d1cbdbd9a24cc120b09ebc7af01b53d06313a20bd57f28b8c
completed,,75,0.2948106660041958,1.5,453296128,"[{""baseline_escape_drive"":null,""collision_substeps"":0,""escape_drive_integral"":0.9010329055786133,""final_simulated_energy"":0.3316835222011807,""food"":0.0,""inference_mean_ms"":0.3457282669842243,""inference_wall_seconds"":0.025929620023816824,""motor_energy_demand"":0.018316477798819543,""reaction_seconds"":null,""recovery_seconds"":null,""simulation_seconds"":1.5}]",0.0,0,0.018316477798819543,0.7,0.0,not_applicable,stress,visual_noise,190016,hybrid-101,"[""hybrid-101""]",75,aa4b3cee902019b16faa0c35609e9e3aa006dbc0e2621dfb08ceab6de62fa6fb,stress--hybrid-101--visual_noise--190016.npz,1b5973c7dbbc2c6506d508046c6a3e3fe068e6599db48600fdf0ebc6b6f2c23f
completed,,75,0.3143464160093572,1.5,453296128,"[{""baseline_escape_drive"":null,""collision_substeps"":0,""escape_drive_integral"":0.8877213674783707,""final_simulated_energy"":0.33189565545618527,""food"":0.0,""inference_mean_ms"":0.3680089589518805,""inference_wall_seconds"":0.02760067192139104,""motor_energy_demand"":0.018104344543814658,""reaction_seconds"":null,""recovery_seconds"":null,""simulation_seconds"":1.5}]",0.0,0,0.018104344543814658,0.7,0.0,not_applicable,stress,visual_noise,190017,hybrid-101,"[""hybrid-101""]",75,aa4b3cee902019b16faa0c35609e9e3aa006dbc0e2621dfb08ceab6de62fa6fb,stress--hybrid-101--visual_noise--190017.npz,041eeae1f3ffe5e46bd816f95ef99cddd83a58615ba742c2e2ad4678d718f4ba
completed,,75,0.3517166670062579,1.5,453296128,"[{""baseline_escape_drive"":null,""collision_substeps"":0,""escape_drive_integral"":0.9361528262495995,""final_simulated_energy"":0.33116512992531033,""food"":0.0,""inference_mean_ms"":0.46530061052180827,""inference_wall_seconds"":0.03489754578913562,""motor_energy_demand"":0.018834870074689387,""reaction_seconds"":null,""recovery_seconds"":null,""simulation_seconds"":1.5}]",0.0,0,0.018834870074689387,0.7,0.0,not_applicable,stress,visual_noise,190018,hybrid-101,"[""hybrid-101""]",75,aa4b3cee902019b16faa0c35609e9e3aa006dbc0e2621dfb08ceab6de62fa6fb,stress--hybrid-101--visual_noise--190018.npz,3d383440a06d6997dca4223b4fac545d535f05b271e874de392f25c160afc043
completed,,75,0.309944832988549,1.5,453296128,"[{""baseline_escape_drive"":null,""collision_substeps"":0,""escape_drive_integral"":0.9289151611924171,""final_simulated_energy"":0.3312733896639948,""food"":0.0,""inference_mean_ms"":0.357868973709022,""inference_wall_seconds"":0.02684017302817665,""motor_energy_demand"":0.018726610336005693,""reaction_seconds"":null,""recovery_seconds"":null,""simulation_seconds"":1.5}]",0.0,0,0.018726610336005693,0.7,0.0,not_applicable,stress,visual_noise,190019,hybrid-101,"[""hybrid-101""]",75,aa4b3cee902019b16faa0c35609e9e3aa006dbc0e2621dfb08ceab6de62fa6fb,stress--hybrid-101--visual_noise--190019.npz,50bec237aa448fd89501a3457cf967f65df6580ef4239d06a0e2b940ef85ae21
completed,,75,0.2799585410102736,1.5,453312512,"[{""baseline_escape_drive"":null,""collision_substeps"":0,""escape_drive_integral"":0.9208683216571808,""final_simulated_energy"":0.33138656462490557,""food"":0.0,""inference_mean_ms"":0.3234355877308796,""inference_wall_seconds"":0.02425766907981597,""motor_energy_demand"":0.018613435375094415,""reaction_seconds"":null,""recovery_seconds"":null,""simulation_seconds"":1.5}]",0.0,0,0.018613435375094415,0.7,0.0,not_applicable,stress,visual_noise,190020,hybrid-101,"[""hybrid-101""]",75,aa4b3cee902019b16faa0c35609e9e3aa006dbc0e2621dfb08ceab6de62fa6fb,stress--hybrid-101--visual_noise--190020.npz,5d975c8a915750f8579cd230bb2528d6b233a3a3e02e8a1d6d91f1627cf0a92d
completed,,75,0.272027083003195,1.5,453312512,"[{""baseline_escape_drive"":null,""collision_substeps"":0,""escape_drive_integral"":0.9041203084588051,""final_simulated_energy"":0.33164670271664876,""food"":0.0,""inference_mean_ms"":0.3080483479425311,""inference_wall_seconds"":0.023103626095689833,""motor_energy_demand"":0.01835329728335142,""reaction_seconds"":null,""recovery_seconds"":null,""simulation_seconds"":1.5}]",0.0,0,0.01835329728335142,0.7,0.0,not_applicable,stress,visual_noise,190021,hybrid-101,"[""hybrid-101""]",75,aa4b3cee902019b16faa0c35609e9e3aa006dbc0e2621dfb08ceab6de62fa6fb,stress--hybrid-101--visual_noise--190021.npz,4f05be9b2d45f37dcc6f582855e4e0704eb365de78dceefa4f7420d5de5ed7e9
completed,,75,0.2884103750111535,1.5,453328896,"[{""baseline_escape_drive"":null,""collision_substeps"":0,""escape_drive_integral"":0.9297144207358361,""final_simulated_energy"":0.3312653609451649,""food"":0.0,""inference_mean_ms"":0.36272725206799805,""inference_wall_seconds"":0.027204543905099854,""motor_energy_demand"":0.018734639054834842,""reaction_seconds"":null,""recovery_seconds"":null,""simulation_seconds"":1.5}]",0.0,0,0.018734639054834842,0.7,0.0,not_applicable,stress,visual_noise,190022,hybrid-101,"[""hybrid-101""]",75,aa4b3cee902019b16faa0c35609e9e3aa006dbc0e2621dfb08ceab6de62fa6fb,stress--hybrid-101--visual_noise--190022.npz,4d25f0f558c23e8c2c15f25667742f5a324dbde8fb0d580208129f2f545b9871
completed,,75,0.27943349999259226,1.5,453328896,"[{""baseline_escape_drive"":null,""collision_substeps"":0,""escape_drive_integral"":0.9031938764452935,""final_simulated_energy"":0.3331181316149233,""food"":0.002672714814543724,""inference_mean_ms"":0.32729444094002247,""inference_wall_seconds"":0.024547083070501685,""motor_energy_demand"":0.018218225792348382,""reaction_seconds"":null,""recovery_seconds"":null,""simulation_seconds"":1.5}]",0.002672714814543724,0,0.018218225792348382,0.6973272851854562,0.0,not_applicable,stress,visual_noise,190023,hybrid-101,"[""hybrid-101""]",75,aa4b3cee902019b16faa0c35609e9e3aa006dbc0e2621dfb08ceab6de62fa6fb,stress--hybrid-101--visual_noise--190023.npz,50a756f006078931bad42df2b063657609ade037c96934e7eea129f1b15ae3e6
completed,,75,0.2657662080018781,1.5,453328896,"[{""baseline_escape_drive"":null,""collision_substeps"":0,""escape_drive_integral"":0.9337407493591309,""final_simulated_energy"":0.3312089027327293,""food"":0.0,""inference_mean_ms"":0.3069945075549185,""inference_wall_seconds"":0.02302458806661889,""motor_energy_demand"":0.01879109726727009,""reaction_seconds"":null,""recovery_seconds"":null,""simulation_seconds"":1.5}]",0.0,0,0.01879109726727009,0.7,0.0,not_applicable,stress,visual_noise,190024,hybrid-101,"[""hybrid-101""]",75,aa4b3cee902019b16faa0c35609e9e3aa006dbc0e2621dfb08ceab6de62fa6fb,stress--hybrid-101--visual_noise--190024.npz,300a043195c4e326b782b62dc670e1221bdb754aae6183427aa99c485cd7b399
completed,,75,0.2799488750169985,1.5,453361664,"[{""baseline_escape_drive"":null,""collision_substeps"":0,""escape_drive_integral"":0.8933284172415733,""final_simulated_energy"":0.33181049724072265,""food"":0.0,""inference_mean_ms"":0.3258310933597386,""inference_wall_seconds"":0.024437332001980394,""motor_energy_demand"":0.01818950275927782,""reaction_seconds"":null,""recovery_seconds"":null,""simulation_seconds"":1.5}]",0.0,0,0.01818950275927782,0.7,0.0,not_applicable,stress,visual_noise,190025,hybrid-101,"[""hybrid-101""]",75,aa4b3cee902019b16faa0c35609e9e3aa006dbc0e2621dfb08ceab6de62fa6fb,stress--hybrid-101--visual_noise--190025.npz,0766cd92d4f7b4909ed533ed240fafbd4390863d63481e3e434c029bd952ae3e
completed,,75,0.2709386660135351,1.5,453361664,"[{""baseline_escape_drive"":null,""collision_substeps"":0,""escape_drive_integral"":0.9083939665555955,""final_simulated_energy"":0.3315860835003853,""food"":0.0,""inference_mean_ms"":0.31371336119870347,""inference_wall_seconds"":0.02352850208990276,""motor_energy_demand"":0.018413916499614717,""reaction_seconds"":null,""recovery_seconds"":null,""simulation_seconds"":1.5}]",0.0,0,0.018413916499614717,0.7,0.0,not_applicable,stress,visual_noise,190026,hybrid-101,"[""hybrid-101""]",75,aa4b3cee902019b16faa0c35609e9e3aa006dbc0e2621dfb08ceab6de62fa6fb,stress--hybrid-101--visual_noise--190026.npz,7754bec6742a8436e843dafe9ddaf540b13d64f03292cad8611bc9b7c107b7f8
completed,,75,0.2631896660022903,1.5,453361664,"[{""baseline_escape_drive"":null,""collision_substeps"":0,""escape_drive_integral"":0.9115087857842445,""final_simulated_energy"":0.33153101016610864,""food"":0.0,""inference_mean_ms"":0.3026733601776262,""inference_wall_seconds"":0.022700502013321966,""motor_energy_demand"":0.01846898983389139,""reaction_seconds"":null,""recovery_seconds"":null,""simulation_seconds"":1.5}]",0.0,0,0.01846898983389139,0.7,0.0,not_applicable,stress,visual_noise,190027,hybrid-101,"[""hybrid-101""]",75,aa4b3cee902019b16faa0c35609e9e3aa006dbc0e2621dfb08ceab6de62fa6fb,stress--hybrid-101--visual_noise--190027.npz,c5ff046546b1970e4b0ae70e22a68760fe183e8c0c8bbdf627b8373b27bbd28b
completed,,75,0.25729704098193906,1.5,453378048,"[{""baseline_escape_drive"":null,""collision_substeps"":0,""escape_drive_integral"":0.9033899894356727,""final_simulated_energy"":0.3316604981526736,""food"":0.0,""inference_mean_ms"":0.28997444043246406,""inference_wall_seconds"":0.021748083032434806,""motor_energy_demand"":0.01833950184732675,""reaction_seconds"":null,""recovery_seconds"":null,""simulation_seconds"":1.5}]",0.0,0,0.01833950184732675,0.7,0.0,not_applicable,stress,visual_noise,190028,hybrid-101,"[""hybrid-101""]",75,aa4b3cee902019b16faa0c35609e9e3aa006dbc0e2621dfb08ceab6de62fa6fb,stress--hybrid-101--visual_noise--190028.npz,84f24d5c4a9d21b232f19f735a26b4c4c44f484a611c2571aced17bad06e510b
completed,,75,0.28582945800735615,1.5,453394432,"[{""baseline_escape_drive"":null,""collision_substeps"":0,""escape_drive_integral"":0.8969500321149826,""final_simulated_energy"":0.3487270699539779,""food"":0.033120384141802794,""inference_mean_ms"":0.33709550703254837,""inference_wall_seconds"":0.02528216302744113,""motor_energy_demand"":0.01783312211692333,""reaction_seconds"":null,""recovery_seconds"":null,""simulation_seconds"":1.5}]",0.033120384141802794,0,0.01783312211692333,0.6668796158581974,0.0,not_applicable,stress,visual_noise,190029,hybrid-101,"[""hybrid-101""]",75,aa4b3cee902019b16faa0c35609e9e3aa006dbc0e2621dfb08ceab6de62fa6fb,stress--hybrid-101--visual_noise--190029.npz,54ceba31e29529a5bcc059008736a058cceecfb9f327f613fbebaa525cccdcdc
completed,,75,0.2750346249958966,1.5,453410816,"[{""baseline_escape_drive"":null,""collision_substeps"":0,""escape_drive_integral"":0.8889222916960716,""final_simulated_energy"":0.33188011283665897,""food"":0.0,""inference_mean_ms"":0.3158011349538962,""inference_wall_seconds"":0.023685085121542215,""motor_energy_demand"":0.018119887163341047,""reaction_seconds"":null,""recovery_seconds"":null,""simulation_seconds"":1.5}]",0.0,0,0.018119887163341047,0.7,0.0,not_applicable,stress,visual_noise,190030,hybrid-101,"[""hybrid-101""]",75,aa4b3cee902019b16faa0c35609e9e3aa006dbc0e2621dfb08ceab6de62fa6fb,stress--hybrid-101--visual_noise--190030.npz,bb75924bf0609f3715106549115e641bd8338f3d0b82c15c5fd3d6fa9d0189b4
completed,,75,0.25842716699116863,1.5,453541888,"[{""baseline_escape_drive"":null,""collision_substeps"":0,""escape_drive_integral"":0.8814054429531097,""final_simulated_energy"":0.33037431973218945,""food"":0.0,""inference_mean_ms"":0.2953688024232785,""inference_wall_seconds"":0.022152660181745887,""motor_energy_demand"":0.019625680267810818,""reaction_seconds"":null,""recovery_seconds"":null,""simulation_seconds"":1.5}]",0.0,0,0.019625680267810818,0.7,0.0,not_applicable,stress,clean,190001,hybrid-202,"[""hybrid-202""]",75,aa4b3cee902019b16faa0c35609e9e3aa006dbc0e2621dfb08ceab6de62fa6fb,stress--hybrid-202--clean--190001.npz,51c27930602bda851cfe94a851e1d6cdf892b6c5a39cc6552efceecf4abc7196
completed,,75,0.2601322090195026,1.5,453541888,"[{""baseline_escape_drive"":null,""collision_substeps"":0,""escape_drive_integral"":0.8813725852966309,""final_simulated_energy"":0.3303750450837615,""food"":0.0,""inference_mean_ms"":0.2960610797163099,""inference_wall_seconds"":0.022204580978723243,""motor_energy_demand"":0.01962495491623879,""reaction_seconds"":null,""recovery_seconds"":null,""simulation_seconds"":1.5}]",0.0,0,0.01962495491623879,0.7,0.0,not_applicable,stress,clean,190002,hybrid-202,"[""hybrid-202""]",75,aa4b3cee902019b16faa0c35609e9e3aa006dbc0e2621dfb08ceab6de62fa6fb,stress--hybrid-202--clean--190002.npz,3723818941687f9e9f048bb2d36885bb2ec3d16177221a5a300b48f0e2a13ac9
completed,,75,0.2776322080171667,1.5,453541888,"[{""baseline_escape_drive"":null,""collision_substeps"":0,""escape_drive_integral"":0.8814279952645302,""final_simulated_energy"":0.33037474061638084,""food"":0.0,""inference_mean_ms"":0.32782111782580614,""inference_wall_seconds"":0.02458658383693546,""motor_energy_demand"":0.019625259383618834,""reaction_seconds"":null,""recovery_seconds"":null,""simulation_seconds"":1.5}]",0.0,0,0.019625259383618834,0.7,0.0,not_applicable,stress,clean,190003,hybrid-202,"[""hybrid-202""]",75,aa4b3cee902019b16faa0c35609e9e3aa006dbc0e2621dfb08ceab6de62fa6fb,stress--hybrid-202--clean--190003.npz,1feb6554c9a80790d207699d1c82277cc6fbb163dec0cbd5b179f898fab6ec32
completed,,75,0.27118241699645296,1.5,453558272,"[{""baseline_escape_drive"":null,""collision_substeps"":0,""escape_drive_integral"":0.8816134288907052,""final_simulated_energy"":0.3303713020792599,""food"":0.0,""inference_mean_ms"":0.3106316404106716,""inference_wall_seconds"":0.023297373030800372,""motor_energy_demand"":0.019628697920739648,""reaction_seconds"":null,""recovery_seconds"":null,""simulation_seconds"":1.5}]",0.0,0,0.019628697920739648,0.7,0.0,not_applicable,stress,clean,190004,hybrid-202,"[""hybrid-202""]",75,aa4b3cee902019b16faa0c35609e9e3aa006dbc0e2621dfb08ceab6de62fa6fb,stress--hybrid-202--clean--190004.npz,f9833ac4091d09677ca06886831f1270a4677f97175645c55756865c75dd7c89
completed,,75,0.2584335839783307,1.5,453558272,"[{""baseline_escape_drive"":null,""collision_substeps"":0,""escape_drive_integral"":0.8813969418406487,""final_simulated_energy"":0.33037440811127394,""food"":0.0,""inference_mean_ms"":0.2903465589042753,""inference_wall_seconds"":0.021775991917820647,""motor_energy_demand"":0.019625591888725757,""reaction_seconds"":null,""recovery_seconds"":null,""simulation_seconds"":1.5}]",0.0,0,0.019625591888725757,0.7,0.0,not_applicable,stress,clean,190005,hybrid-202,"[""hybrid-202""]",75,aa4b3cee902019b16faa0c35609e9e3aa006dbc0e2621dfb08ceab6de62fa6fb,stress--hybrid-202--clean--190005.npz,202488e39342c8920c265d55d20b6801af601080fef37026a9010b976e239ce3
completed,,75,0.2604562919877935,1.5,453558272,"[{""baseline_escape_drive"":null,""collision_substeps"":0,""escape_drive_integral"":0.8813575422763824,""final_simulated_energy"":0.3303749371635918,""food"":0.0,""inference_mean_ms"":0.2929616149049252,""inference_wall_seconds"":0.021972121117869392,""motor_energy_demand"":0.019625062836408615,""reaction_seconds"":null,""recovery_seconds"":null,""simulation_seconds"":1.5}]",0.0,0,0.019625062836408615,0.7,0.0,not_applicable,stress,clean,190006,hybrid-202,"[""hybrid-202""]",75,aa4b3cee902019b16faa0c35609e9e3aa006dbc0e2621dfb08ceab6de62fa6fb,stress--hybrid-202--clean--190006.npz,83961a690dc79b6d8becee46240c912b88694aaafc2226052083ca78cf04ca2f
completed,,75,0.2836898750101682,1.5,453574656,"[{""baseline_escape_drive"":null,""collision_substeps"":0,""escape_drive_integral"":0.8817142561078072,""final_simulated_energy"":0.33036906038314107,""food"":0.0,""inference_mean_ms"":0.33791161452730495,""inference_wall_seconds"":0.025343371089547873,""motor_energy_demand"":0.019630939616858956,""reaction_seconds"":null,""recovery_seconds"":null,""simulation_seconds"":1.5}]",0.0,0,0.019630939616858956,0.7,0.0,not_applicable,stress,clean,190007,hybrid-202,"[""hybrid-202""]",75,aa4b3cee902019b16faa0c35609e9e3aa006dbc0e2621dfb08ceab6de62fa6fb,stress--hybrid-202--clean--190007.npz,1b4c701f7ade099eb9678e3058cc76dfed8985f38bf75856c062076e8f7b4590
completed,,75,0.28091283299727365,1.5,453574656,"[{""baseline_escape_drive"":null,""collision_substeps"":0,""escape_drive_integral"":0.8816458863019944,""final_simulated_energy"":0.3303702440601586,""food"":0.0,""inference_mean_ms"":0.3224777868793656,""inference_wall_seconds"":0.024185834015952423,""motor_energy_demand"":0.019629755939841276,""reaction_seconds"":null,""recovery_seconds"":null,""simulation_seconds"":1.5}]",0.0,0,0.019629755939841276,0.7,0.0,not_applicable,stress,clean,190008,hybrid-202,"[""hybrid-202""]",75,aa4b3cee902019b16faa0c35609e9e3aa006dbc0e2621dfb08ceab6de62fa6fb,stress--hybrid-202--clean--190008.npz,3f3f70efde0d737d41ca1806d8561cae4b3a9fecb711867849da1b050d157246
completed,,75,0.2680866669979878,1.5,453591040,"[{""baseline_escape_drive"":null,""collision_substeps"":0,""escape_drive_integral"":0.8817330271005631,""final_simulated_energy"":0.3303675896126034,""food"":0.0,""inference_mean_ms"":0.3102238553886612,""inference_wall_seconds"":0.023266789154149592,""motor_energy_demand"":0.019632410387396815,""reaction_seconds"":null,""recovery_seconds"":null,""simulation_seconds"":1.5}]",0.0,0,0.019632410387396815,0.7,0.0,not_applicable,stress,clean,190009,hybrid-202,"[""hybrid-202""]",75,aa4b3cee902019b16faa0c35609e9e3aa006dbc0e2621dfb08ceab6de62fa6fb,stress--hybrid-202--clean--190009.npz,22fd6b98321ceb7940ecc252e06642f48b2fc2c198e7a056f9d861806678c660
completed,,75,0.2598825409950223,1.5,453591040,"[{""baseline_escape_drive"":null,""collision_substeps"":0,""escape_drive_integral"":0.8815129694342614,""final_simulated_energy"":0.3303733269223569,""food"":0.0,""inference_mean_ms"":0.2923927487184604,""inference_wall_seconds"":0.02192945615388453,""motor_energy_demand"":0.01962667307764292,""reaction_seconds"":null,""recovery_seconds"":null,""simulation_seconds"":1.5}]",0.0,0,0.01962667307764292,0.7,0.0,not_applicable,stress,clean,190010,hybrid-202,"[""hybrid-202""]",75,aa4b3cee902019b16faa0c35609e9e3aa006dbc0e2621dfb08ceab6de62fa6fb,stress--hybrid-202--clean--190010.npz,8ea1fa6a4a7205c9255d40beda95637585c9bdccb66dda8d6517efc27d664ded
completed,,75,0.2836561249860097,1.5,453591040,"[{""baseline_escape_drive"":null,""collision_substeps"":0,""escape_drive_integral"":0.5402591021684929,""final_simulated_energy"":0.37187971769373407,""food"":0.06764632862061265,""inference_mean_ms"":0.33546726490991813,""inference_wall_seconds"":0.025160044868243858,""motor_energy_demand"":0.011943446616572328,""reaction_seconds"":null,""recovery_seconds"":null,""simulation_seconds"":1.5}]",0.06764632862061265,0,0.011943446616572328,0.6323536713793871,0.0,not_applicable,stress,clean,190011,hybrid-202,"[""hybrid-202""]",75,aa4b3cee902019b16faa0c35609e9e3aa006dbc0e2621dfb08ceab6de62fa6fb,stress--hybrid-202--clean--190011.npz,0feaaaf9d96e54248b5c88cc0835cf10ca3b8cda337a1b2981930c6aa503ea33
completed,,75,0.26266358300927095,1.5,453607424,"[{""baseline_escape_drive"":null,""collision_substeps"":0,""escape_drive_integral"":0.8809377861022949,""final_simulated_energy"":0.3303827457070351,""food"":0.0,""inference_mean_ms"":0.3023727866820991,""inference_wall_seconds"":0.022677959001157433,""motor_energy_demand"":0.019617254292964938,""reaction_seconds"":null,""recovery_seconds"":null,""simulation_seconds"":1.5}]",0.0,0,0.019617254292964938,0.7,0.0,not_applicable,stress,clean,190012,hybrid-202,"[""hybrid-202""]",75,aa4b3cee902019b16faa0c35609e9e3aa006dbc0e2621dfb08ceab6de62fa6fb,stress--hybrid-202--clean--190012.npz,47136507e2e109b8fd33090ccd8b2a1842c9e45b61102d5d4ecc3f29eadb1fc9
completed,,75,0.28346929102553986,1.5,453623808,"[{""baseline_escape_drive"":null,""collision_substeps"":0,""escape_drive_integral"":0.5108259665500373,""final_simulated_energy"":0.36351803807045363,""food"":0.0504384860396385,""inference_mean_ms"":0.33479001179027057,""inference_wall_seconds"":0.025109250884270296,""motor_energy_demand"":0.01170120494936593,""reaction_seconds"":null,""recovery_seconds"":null,""simulation_seconds"":1.5}]",0.0504384860396385,0,0.01170120494936593,0.6495615139603615,0.0,not_applicable,stress,clean,190013,hybrid-202,"[""hybrid-202""]",75,aa4b3cee902019b16faa0c35609e9e3aa006dbc0e2621dfb08ceab6de62fa6fb,stress--hybrid-202--clean--190013.npz,ccd8f0177de0844f7a18a90b816cf207ae0f7ccc489b89b96b5422ccf08c7d9d
completed,,75,0.2732891670020763,1.5,453640192,"[{""baseline_escape_drive"":null,""collision_substeps"":0,""escape_drive_integral"":0.8814846348762513,""final_simulated_energy"":0.33037284114480014,""food"":0.0,""inference_mean_ms"":0.321833345030124,""inference_wall_seconds"":0.0241375008772593,""motor_energy_demand"":0.019627158855199812,""reaction_seconds"":null,""recovery_seconds"":null,""simulation_seconds"":1.5}]",0.0,0,0.019627158855199812,0.7,0.0,not_applicable,stress,clean,190014,hybrid-202,"[""hybrid-202""]",75,aa4b3cee902019b16faa0c35609e9e3aa006dbc0e2621dfb08ceab6de62fa6fb,stress--hybrid-202--clean--190014.npz,e112f49c2c8a9fead6ccecd81b5063bf1bc05f74313e62ac8917cfde4470189e
completed,,75,0.2959920839930419,1.5,453640192,"[{""baseline_escape_drive"":null,""collision_substeps"":0,""escape_drive_integral"":0.8816949120163917,""final_simulated_energy"":0.3303683468034865,""food"":0.0,""inference_mean_ms"":0.3620744263753295,""inference_wall_seconds"":0.027155581978149712,""motor_energy_demand"":0.01963165319651365,""reaction_seconds"":null,""recovery_seconds"":null,""simulation_seconds"":1.5}]",0.0,0,0.01963165319651365,0.7,0.0,not_applicable,stress,clean,190015,hybrid-202,"[""hybrid-202""]",75,aa4b3cee902019b16faa0c35609e9e3aa006dbc0e2621dfb08ceab6de62fa6fb,stress--hybrid-202--clean--190015.npz,54ba42cfcfa457afab22930bb4bc7cbbb115e21aa5c2c1e27fd4867cb2b43197
completed,,75,0.27452908299164847,1.5,453640192,"[{""baseline_escape_drive"":null,""collision_substeps"":0,""escape_drive_integral"":0.8813966384530068,""final_simulated_energy"":0.3303749625852703,""food"":0.0,""inference_mean_ms"":0.3119666257407516,""inference_wall_seconds"":0.023397496930556372,""motor_energy_demand"":0.019625037414729596,""reaction_seconds"":null,""recovery_seconds"":null,""simulation_seconds"":1.5}]",0.0,0,0.019625037414729596,0.7,0.0,not_applicable,stress,clean,190016,hybrid-202,"[""hybrid-202""]",75,aa4b3cee902019b16faa0c35609e9e3aa006dbc0e2621dfb08ceab6de62fa6fb,stress--hybrid-202--clean--190016.npz,498505e6b4cde6c90391a616a2674ecdf3f7ceed070f89dd80c78446d268f98d
completed,,75,0.25709662499139085,1.5,453640192,"[{""baseline_escape_drive"":null,""collision_substeps"":0,""escape_drive_integral"":0.8816497069597244,""final_simulated_energy"":0.33036993550240956,""food"":0.0,""inference_mean_ms"":0.28451553313061595,""inference_wall_seconds"":0.021338664984796196,""motor_energy_demand"":0.019630064497590066,""reaction_seconds"":null,""recovery_seconds"":null,""simulation_seconds"":1.5}]",0.0,0,0.019630064497590066,0.7,0.0,not_applicable,stress,clean,190017,hybrid-202,"[""hybrid-202""]",75,aa4b3cee902019b16faa0c35609e9e3aa006dbc0e2621dfb08ceab6de62fa6fb,stress--hybrid-202--clean--190017.npz,ff35bbdbb4a1b41500c2f2cbb9060c7a1932aad0984cb24516d81a66d36b7b3b
completed,,75,0.2867824579880107,1.5,453640192,"[{""baseline_escape_drive"":null,""collision_substeps"":0,""escape_drive_integral"":0.8812768799066544,""final_simulated_energy"":0.33037723416388043,""food"":0.0,""inference_mean_ms"":0.3404722292907536,""inference_wall_seconds"":0.02553541719680652,""motor_energy_demand"":0.019622765836119653,""reaction_seconds"":null,""recovery_seconds"":null,""simulation_seconds"":1.5}]",0.0,0,0.019622765836119653,0.7,0.0,not_applicable,stress,clean,190018,hybrid-202,"[""hybrid-202""]",75,aa4b3cee902019b16faa0c35609e9e3aa006dbc0e2621dfb08ceab6de62fa6fb,stress--hybrid-202--clean--190018.npz,a5de34d75df107b003450cc7045129bd055b9503c444c02bd37827a9713cd6d3
completed,,75,0.26492145902011544,1.5,453656576,"[{""baseline_escape_drive"":null,""collision_substeps"":0,""escape_drive_integral"":0.8817575174570084,""final_simulated_energy"":0.3303681479448075,""food"":0.0,""inference_mean_ms"":0.30936443751367426,""inference_wall_seconds"":0.023202332813525572,""motor_energy_demand"":0.019631852055191995,""reaction_seconds"":null,""recovery_seconds"":null,""simulation_seconds"":1.5}]",0.0,0,0.019631852055191995,0.7,0.0,not_applicable,stress,clean,190019,hybrid-202,"[""hybrid-202""]",75,aa4b3cee902019b16faa0c35609e9e3aa006dbc0e2621dfb08ceab6de62fa6fb,stress--hybrid-202--clean--190019.npz,08d48f4611aff0b5727a2fa34b42a1cf47433f0c79410b1d83bb50e63dfd76c4
completed,,75,0.2634345830010716,1.5,453656576,"[{""baseline_escape_drive"":null,""collision_substeps"":0,""escape_drive_integral"":0.8815580162405968,""final_simulated_energy"":0.33037131326049574,""food"":0.0,""inference_mean_ms"":0.2973377863721301,""inference_wall_seconds"":0.02230033397790976,""motor_energy_demand"":0.01962868673950434,""reaction_seconds"":null,""recovery_seconds"":null,""simulation_seconds"":1.5}]",0.0,0,0.01962868673950434,0.7,0.0,not_applicable,stress,clean,190020,hybrid-202,"[""hybrid-202""]",75,aa4b3cee902019b16faa0c35609e9e3aa006dbc0e2621dfb08ceab6de62fa6fb,stress--hybrid-202--clean--190020.npz,ff62fa1ab69a82c1852e2e3db914f9f2ec448d8c924c4cc856a5851168c13fea
completed,,75,0.27254825001000427,1.5,453656576,"[{""baseline_escape_drive"":null,""collision_substeps"":0,""escape_drive_integral"":0.8812716069817543,""final_simulated_energy"":0.33037706947475676,""food"":0.0,""inference_mean_ms"":0.3302872530184686,""inference_wall_seconds"":0.024771543976385146,""motor_energy_demand"":0.019622930525243283,""reaction_seconds"":null,""recovery_seconds"":null,""simulation_seconds"":1.5}]",0.0,0,0.019622930525243283,0.7,0.0,not_applicable,stress,clean,190021,hybrid-202,"[""hybrid-202""]",75,aa4b3cee902019b16faa0c35609e9e3aa006dbc0e2621dfb08ceab6de62fa6fb,stress--hybrid-202--clean--190021.npz,9af906b6a7969e1bda61f48d4d65f935d630cfc47bcfbf5fec374f3e06a68959
completed,,75,0.27905625000130385,1.5,453672960,"[{""baseline_escape_drive"":null,""collision_substeps"":0,""escape_drive_integral"":0.8816362181305886,""final_simulated_energy"":0.3303702092912796,""food"":0.0,""inference_mean_ms"":0.3366772267812242,""inference_wall_seconds"":0.025250792008591816,""motor_energy_demand"":0.01962979070872068,""reaction_seconds"":null,""recovery_seconds"":null,""simulation_seconds"":1.5}]",0.0,0,0.01962979070872068,0.7,0.0,not_applicable,stress,clean,190022,hybrid-202,"[""hybrid-202""]",75,aa4b3cee902019b16faa0c35609e9e3aa006dbc0e2621dfb08ceab6de62fa6fb,stress--hybrid-202--clean--190022.npz,f3ba04c5cf7e5a8167152c749f84d37e842cd8e3ddd3977ddb5334283d6d4b93
completed,,75,0.26385070898686536,1.5,453689344,"[{""baseline_escape_drive"":null,""collision_substeps"":0,""escape_drive_integral"":0.8816296109557152,""final_simulated_energy"":0.3303698571905491,""food"":0.0,""inference_mean_ms"":0.29339164301442605,""inference_wall_seconds"":0.022004373226081952,""motor_energy_demand"":0.019630142809450628,""reaction_seconds"":null,""recovery_seconds"":null,""simulation_seconds"":1.5}]",0.0,0,0.019630142809450628,0.7,0.0,not_applicable,stress,clean,190023,hybrid-202,"[""hybrid-202""]",75,aa4b3cee902019b16faa0c35609e9e3aa006dbc0e2621dfb08ceab6de62fa6fb,stress--hybrid-202--clean--190023.npz,5799bfcaff330aa18e47fc57c703fc9f38e21246125f29d0b75135ca073c990a
completed,,75,0.26717283300240524,1.5,453705728,"[{""baseline_escape_drive"":null,""collision_substeps"":0,""escape_drive_integral"":0.8815302756428719,""final_simulated_energy"":0.33037273618131857,""food"":0.0,""inference_mean_ms"":0.3059567223923902,""inference_wall_seconds"":0.022946754179429263,""motor_energy_demand"":0.019627263818681243,""reaction_seconds"":null,""recovery_seconds"":null,""simulation_seconds"":1.5}]",0.0,0,0.019627263818681243,0.7,0.0,not_applicable,stress,clean,190024,hybrid-202,"[""hybrid-202""]",75,aa4b3cee902019b16faa0c35609e9e3aa006dbc0e2621dfb08ceab6de62fa6fb,stress--hybrid-202--clean--190024.npz,611ffc0135aa9cdf1d126f77233b074a5313d471d7557f11c055337f23ff84e2
completed,,75,0.2859857919975184,1.5,453705728,"[{""baseline_escape_drive"":null,""collision_substeps"":0,""escape_drive_integral"":0.50794894809369,""final_simulated_energy"":0.3689116875426707,""food"":0.06075128417462109,""inference_mean_ms"":0.3573328008254369,""inference_wall_seconds"":0.026799960061907768,""motor_energy_demand"":0.011463954544640146,""reaction_seconds"":null,""recovery_seconds"":null,""simulation_seconds"":1.5}]",0.06075128417462109,0,0.011463954544640146,0.639248715825379,0.0,not_applicable,stress,clean,190025,hybrid-202,"[""hybrid-202""]",75,aa4b3cee902019b16faa0c35609e9e3aa006dbc0e2621dfb08ceab6de62fa6fb,stress--hybrid-202--clean--190025.npz,e02ea352901cb2dd6b72d61aa8cfb00afa08b1a4a513dc1fbebd5f6e1d3c2ad9
completed,,75,0.2799712500127498,1.5,453738496,"[{""baseline_escape_drive"":null,""collision_substeps"":0,""escape_drive_integral"":0.5376068085059523,""final_simulated_energy"":0.36919654815126246,""food"":0.062311248611658786,""inference_mean_ms"":0.31987050470585626,""inference_wall_seconds"":0.02399028785293922,""motor_energy_demand"":0.0119590761545673,""reaction_seconds"":null,""recovery_seconds"":null,""simulation_seconds"":1.5}]",0.062311248611658786,0,0.0119590761545673,0.63768875138834,0.0,not_applicable,stress,clean,190026,hybrid-202,"[""hybrid-202""]",75,aa4b3cee902019b16faa0c35609e9e3aa006dbc0e2621dfb08ceab6de62fa6fb,stress--hybrid-202--clean--190026.npz,297c3999e1201469e039b7286d15ba095711a3332963013a263cbf530829261d
completed,,75,0.259353250003187,1.5,453738496,"[{""baseline_escape_drive"":null,""collision_substeps"":0,""escape_drive_integral"":0.5412898573465645,""final_simulated_energy"":0.3701878836511261,""food"":0.06434121280908586,""inference_mean_ms"":0.2922922947133581,""inference_wall_seconds"":0.021921922103501856,""motor_energy_demand"":0.011982722753416749,""reaction_seconds"":null,""recovery_seconds"":null,""simulation_seconds"":1.5}]",0.06434121280908586,0,0.011982722753416749,0.6356587871909143,0.0,not_applicable,stress,clean,190027,hybrid-202,"[""hybrid-202""]",75,aa4b3cee902019b16faa0c35609e9e3aa006dbc0e2621dfb08ceab6de62fa6fb,stress--hybrid-202--clean--190027.npz,78777b64af05bc297413ac83a02066faebf184e3ab264e15146f9bceea3a7006
completed,,75,0.26504312502220273,1.5,453738496,"[{""baseline_escape_drive"":null,""collision_substeps"":0,""escape_drive_integral"":0.5292975335009397,""final_simulated_energy"":0.3711225593076829,""food"":0.06574749507009982,""inference_mean_ms"":0.30723778569760424,""inference_wall_seconds"":0.023042833927320316,""motor_energy_demand"":0.01175118822736666,""reaction_seconds"":null,""recovery_seconds"":null,""simulation_seconds"":1.5}]",0.06574749507009982,0,0.01175118822736666,0.6342525049299004,0.0,not_applicable,stress,clean,190028,hybrid-202,"[""hybrid-202""]",75,aa4b3cee902019b16faa0c35609e9e3aa006dbc0e2621dfb08ceab6de62fa6fb,stress--hybrid-202--clean--190028.npz,225baf9d79f4e1dd36d6f966f3566129b271cfc92106f1d1112ba178cae00345
completed,,75,0.2789983749971725,1.5,453738496,"[{""baseline_escape_drive"":null,""collision_substeps"":0,""escape_drive_integral"":0.8817390730977058,""final_simulated_energy"":0.33036753124147655,""food"":0.0,""inference_mean_ms"":0.3274221993827572,""inference_wall_seconds"":0.024556664953706786,""motor_energy_demand"":0.019632468758523463,""reaction_seconds"":null,""recovery_seconds"":null,""simulation_seconds"":1.5}]",0.0,0,0.019632468758523463,0.7,0.0,not_applicable,stress,clean,190029,hybrid-202,"[""hybrid-202""]",75,aa4b3cee902019b16faa0c35609e9e3aa006dbc0e2621dfb08ceab6de62fa6fb,stress--hybrid-202--clean--190029.npz,bda1b005610b9fd48d17483b8232ce01596659c1c1f2443bac410205f37060d3
completed,,75,0.26235579201602377,1.5,453754880,"[{""baseline_escape_drive"":null,""collision_substeps"":0,""escape_drive_integral"":0.8815676635503769,""final_simulated_energy"":0.33037184130609,""food"":0.0,""inference_mean_ms"":0.2978366788011044,""inference_wall_seconds"":0.022337750910082832,""motor_energy_demand"":0.019628158693909648,""reaction_seconds"":null,""recovery_seconds"":null,""simulation_seconds"":1.5}]",0.0,0,0.019628158693909648,0.7,0.0,not_applicable,stress,clean,190030,hybrid-202,"[""hybrid-202""]",75,aa4b3cee902019b16faa0c35609e9e3aa006dbc0e2621dfb08ceab6de62fa6fb,stress--hybrid-202--clean--190030.npz,e2301c09c29cb89c546371f6818d26d48b8a1212f3464f757bf494b8e358bf4c
completed,,75,0.2590678330161609,1.5,453754880,"[{""baseline_escape_drive"":null,""collision_substeps"":0,""escape_drive_integral"":0.9868754917383195,""final_simulated_energy"":0.3288222880512476,""food"":0.0,""inference_mean_ms"":0.291248318584015,""inference_wall_seconds"":0.021843623893801123,""motor_energy_demand"":0.0211777119487524,""reaction_seconds"":null,""recovery_seconds"":null,""simulation_seconds"":1.5}]",0.0,0,0.0211777119487524,0.7,0.0,not_applicable,stress,visual_noise,190001,hybrid-202,"[""hybrid-202""]",75,aa4b3cee902019b16faa0c35609e9e3aa006dbc0e2621dfb08ceab6de62fa6fb,stress--hybrid-202--visual_noise--190001.npz,729c32806eb682877bfd8854c08ae8a37027341f5854b4109d5bc0ef891cd083
completed,,75,0.2794227080012206,1.5,453754880,"[{""baseline_escape_drive"":null,""collision_substeps"":0,""escape_drive_integral"":0.9810230347514153,""final_simulated_energy"":0.3289089117321372,""food"":0.0,""inference_mean_ms"":0.33607217444417375,""inference_wall_seconds"":0.025205413083313033,""motor_energy_demand"":0.0210910882678628,""reaction_seconds"":null,""recovery_seconds"":null,""simulation_seconds"":1.5}]",0.0,0,0.0210910882678628,0.7,0.0,not_applicable,stress,visual_noise,190002,hybrid-202,"[""hybrid-202""]",75,aa4b3cee902019b16faa0c35609e9e3aa006dbc0e2621dfb08ceab6de62fa6fb,stress--hybrid-202--visual_noise--190002.npz,fa1e60115add8c4f67691d1ec2d49fad98281b815323c947fb151c5863e4b23f
completed,,75,0.2678256669896655,1.5,453771264,"[{""baseline_escape_drive"":null,""collision_substeps"":0,""escape_drive_integral"":0.9563330486416817,""final_simulated_energy"":0.3292996161833406,""food"":0.0,""inference_mean_ms"":0.30730828060768545,""inference_wall_seconds"":0.02304812104557641,""motor_energy_demand"":0.020700383816659448,""reaction_seconds"":null,""recovery_seconds"":null,""simulation_seconds"":1.5}]",0.0,0,0.020700383816659448,0.7,0.0,not_applicable,stress,visual_noise,190003,hybrid-202,"[""hybrid-202""]",75,aa4b3cee902019b16faa0c35609e9e3aa006dbc0e2621dfb08ceab6de62fa6fb,stress--hybrid-202--visual_noise--190003.npz,774a0f7e994c7bdbb531661c5c9d90d7a6ff86ff8e7da93b52ed10471ce1d5d2
completed,,75,0.2617378339928109,1.5,453771264,"[{""baseline_escape_drive"":null,""collision_substeps"":0,""escape_drive_integral"":0.943395015001297,""final_simulated_energy"":0.3294927698659892,""food"":0.0,""inference_mean_ms"":0.30177613177026313,""inference_wall_seconds"":0.022633209882769734,""motor_energy_demand"":0.020507230134010315,""reaction_seconds"":null,""recovery_seconds"":null,""simulation_seconds"":1.5}]",0.0,0,0.020507230134010315,0.7,0.0,not_applicable,stress,visual_noise,190004,hybrid-202,"[""hybrid-202""]",75,aa4b3cee902019b16faa0c35609e9e3aa006dbc0e2621dfb08ceab6de62fa6fb,stress--hybrid-202--visual_noise--190004.npz,a28a5b39ca929c1ed08b123c374ce6b2a7ea2f2ee51a1f731e3736509012a608
completed,,75,0.258522666990757,1.5,453771264,"[{""baseline_escape_drive"":null,""collision_substeps"":0,""escape_drive_integral"":0.9575219798088074,""final_simulated_energy"":0.3292895174735784,""food"":0.0,""inference_mean_ms"":0.2894272666890174,""inference_wall_seconds"":0.021707045001676306,""motor_energy_demand"":0.02071048252642155,""reaction_seconds"":null,""recovery_seconds"":null,""simulation_seconds"":1.5}]",0.0,0,0.02071048252642155,0.7,0.0,not_applicable,stress,visual_noise,190005,hybrid-202,"[""hybrid-202""]",75,aa4b3cee902019b16faa0c35609e9e3aa006dbc0e2621dfb08ceab6de62fa6fb,stress--hybrid-202--visual_noise--190005.npz,eab57614e3442742d1c672e15f328d2562b3a72465409d60121d9585f290a325
completed,,75,0.2786213750077877,1.5,453771264,"[{""baseline_escape_drive"":null,""collision_substeps"":0,""escape_drive_integral"":1.0003863117098808,""final_simulated_energy"":0.32861972700089226,""food"":0.0,""inference_mean_ms"":0.33073386759497225,""inference_wall_seconds"":0.02480504006962292,""motor_energy_demand"":0.021380272999107833,""reaction_seconds"":null,""recovery_seconds"":null,""simulation_seconds"":1.5}]",0.0,0,0.021380272999107833,0.7,0.0,not_applicable,stress,visual_noise,190006,hybrid-202,"[""hybrid-202""]",75,aa4b3cee902019b16faa0c35609e9e3aa006dbc0e2621dfb08ceab6de62fa6fb,stress--hybrid-202--visual_noise--190006.npz,ae5588b5e015693138121b200c223f844dbc4b16fad1de5b70580917e3cce92e
completed,,75,0.26441262499429286,1.5,453771264,"[{""baseline_escape_drive"":null,""collision_substeps"":0,""escape_drive_integral"":0.9790754878520965,""final_simulated_energy"":0.32895905754446986,""food"":0.0,""inference_mean_ms"":0.2997999471457054,""inference_wall_seconds"":0.022484996035927907,""motor_energy_demand"":0.02104094245553017,""reaction_seconds"":null,""recovery_seconds"":null,""simulation_seconds"":1.5}]",0.0,0,0.02104094245553017,0.7,0.0,not_applicable,stress,visual_noise,190007,hybrid-202,"[""hybrid-202""]",75,aa4b3cee902019b16faa0c35609e9e3aa006dbc0e2621dfb08ceab6de62fa6fb,stress--hybrid-202--visual_noise--190007.npz,a7bfd1ef1791b0e3a7ba6362aedb2c0df69186f1c6d6172d84db27ac0431a649
completed,,75,0.2616899580170866,1.5,453771264,"[{""baseline_escape_drive"":null,""collision_substeps"":0,""escape_drive_integral"":1.0198777908086778,""final_simulated_energy"":0.3283440296119452,""food"":0.0,""inference_mean_ms"":0.2935183591519793,""inference_wall_seconds"":0.022013876936398447,""motor_energy_demand"":0.021655970388054845,""reaction_seconds"":null,""recovery_seconds"":null,""simulation_seconds"":1.5}]",0.0,0,0.021655970388054845,0.7,0.0,not_applicable,stress,visual_noise,190008,hybrid-202,"[""hybrid-202""]",75,aa4b3cee902019b16faa0c35609e9e3aa006dbc0e2621dfb08ceab6de62fa6fb,stress--hybrid-202--visual_noise--190008.npz,26178a9113cc0062d30a9a772bdbfaad3f6e98ca7fe07c9d3464dbd880e98736
completed,,75,0.26406533300178126,1.5,453804032,"[{""baseline_escape_drive"":null,""collision_substeps"":0,""escape_drive_integral"":1.0065318948030473,""final_simulated_energy"":0.32914723914183663,""food"":0.0011636802740395069,""inference_mean_ms"":0.29629513272084296,""inference_wall_seconds"":0.022222134954063222,""motor_energy_demand"":0.021434600995182993,""reaction_seconds"":null,""recovery_seconds"":null,""simulation_seconds"":1.5}]",0.0011636802740395069,0,0.021434600995182993,0.6988363197259604,0.0,not_applicable,stress,visual_noise,190009,hybrid-202,"[""hybrid-202""]",75,aa4b3cee902019b16faa0c35609e9e3aa006dbc0e2621dfb08ceab6de62fa6fb,stress--hybrid-202--visual_noise--190009.npz,c848dbd91868fdc4ebaa5b9ce37b506d9e911fd45c95468698a3c84d420fc251
completed,,75,0.2829857920005452,1.5,453820416,"[{""baseline_escape_drive"":null,""collision_substeps"":0,""escape_drive_integral"":0.9554209956526757,""final_simulated_energy"":0.32930094894617723,""food"":0.0,""inference_mean_ms"":0.33346836067115265,""inference_wall_seconds"":0.02501012705033645,""motor_energy_demand"":0.020699051053822044,""reaction_seconds"":null,""recovery_seconds"":null,""simulation_seconds"":1.5}]",0.0,0,0.020699051053822044,0.7,0.0,not_applicable,stress,visual_noise,190010,hybrid-202,"[""hybrid-202""]",75,aa4b3cee902019b16faa0c35609e9e3aa006dbc0e2621dfb08ceab6de62fa6fb,stress--hybrid-202--visual_noise--190010.npz,168e07d3564bbaede58e5f794f0c2a7eae76abbb85f0d6b0f704ba595623455c
completed,,75,0.28285645801224746,1.5,453820416,"[{""baseline_escape_drive"":null,""collision_substeps"":0,""escape_drive_integral"":0.5463988625071943,""final_simulated_energy"":0.3685641229917668,""food"":0.061058185249567014,""inference_mean_ms"":0.3185722782897452,""inference_wall_seconds"":0.023892920871730894,""motor_energy_demand"":0.011964969633016735,""reaction_seconds"":null,""recovery_seconds"":null,""simulation_seconds"":1.5}]",0.061058185249567014,0,0.011964969633016735,0.6389418147504329,0.0,not_applicable,stress,visual_noise,190011,hybrid-202,"[""hybrid-202""]",75,aa4b3cee902019b16faa0c35609e9e3aa006dbc0e2621dfb08ceab6de62fa6fb,stress--hybrid-202--visual_noise--190011.npz,3a6373ae25b1c62ef2db73549f9aac9b9c36f718ea11131df6f1b7d41ee6a16f
completed,,75,0.2546923749905545,1.5,453836800,"[{""baseline_escape_drive"":null,""collision_substeps"":0,""escape_drive_integral"":0.9858544254302979,""final_simulated_energy"":0.3288405852931737,""food"":0.0,""inference_mean_ms"":0.2880711077402035,""inference_wall_seconds"":0.021605333080515265,""motor_energy_demand"":0.02115941470682621,""reaction_seconds"":null,""recovery_seconds"":null,""simulation_seconds"":1.5}]",0.0,0,0.02115941470682621,0.7,0.0,not_applicable,stress,visual_noise,190012,hybrid-202,"[""hybrid-202""]",75,aa4b3cee902019b16faa0c35609e9e3aa006dbc0e2621dfb08ceab6de62fa6fb,stress--hybrid-202--visual_noise--190012.npz,ed39dcc4fd21f98288a941fea9b60f90d5a3711bdd06413b2233c6a0b7c27bf0
completed,,75,0.2566586670000106,1.5,453853184,"[{""baseline_escape_drive"":null,""collision_substeps"":0,""escape_drive_integral"":0.5743078484851867,""final_simulated_energy"":0.36931052754667604,""food"":0.06316246148198844,""inference_mean_ms"":0.2987039325914035,""inference_wall_seconds"":0.022402794944355264,""motor_energy_demand"":0.012270703194318342,""reaction_seconds"":null,""recovery_seconds"":null,""simulation_seconds"":1.5}]",0.06316246148198844,0,0.012270703194318342,0.6368375385180121,0.0,not_applicable,stress,visual_noise,190013,hybrid-202,"[""hybrid-202""]",75,aa4b3cee902019b16faa0c35609e9e3aa006dbc0e2621dfb08ceab6de62fa6fb,stress--hybrid-202--visual_noise--190013.npz,fe19989adf01355d5ef841af05cd5ea229ed950bd56cf73b60fd6ef816e2af61
completed,,75,0.2823997499945108,1.5,453853184,"[{""baseline_escape_drive"":null,""collision_substeps"":0,""escape_drive_integral"":0.9681820690631867,""final_simulated_energy"":0.32910945805668834,""food"":0.0,""inference_mean_ms"":0.3331478394102305,""inference_wall_seconds"":0.02498608795576729,""motor_energy_demand"":0.020890541943311695,""reaction_seconds"":null,""recovery_seconds"":null,""simulation_seconds"":1.5}]",0.0,0,0.020890541943311695,0.7,0.0,not_applicable,stress,visual_noise,190014,hybrid-202,"[""hybrid-202""]",75,aa4b3cee902019b16faa0c35609e9e3aa006dbc0e2621dfb08ceab6de62fa6fb,stress--hybrid-202--visual_noise--190014.npz,ed7a9924d206bcbd2371385ae6aec9ac547dda48883b362b3ecd3a15f2ac4638
completed,,75,0.276287874992704,1.5,453853184,"[{""baseline_escape_drive"":null,""collision_substeps"":0,""escape_drive_integral"":0.971662818491459,""final_simulated_energy"":0.3290699540773031,""food"":0.0,""inference_mean_ms"":0.32156616100110114,""inference_wall_seconds"":0.024117462075082585,""motor_energy_demand"":0.02093004592269659,""reaction_seconds"":null,""recovery_seconds"":null,""simulation_seconds"":1.5}]",0.0,0,0.02093004592269659,0.7,0.0,not_applicable,stress,visual_noise,190015,hybrid-202,"[""hybrid-202""]",75,aa4b3cee902019b16faa0c35609e9e3aa006dbc0e2621dfb08ceab6de62fa6fb,stress--hybrid-202--visual_noise--190015.npz,c3b76fccd04c6a78e97da47537982d07dcee42e401c612014ef29ab0d49d50a2
completed,,75,0.2605166670109611,1.5,453853184,"[{""baseline_escape_drive"":null,""collision_substeps"":0,""escape_drive_integral"":0.9457480058073998,""final_simulated_energy"":0.3294451325055954,""food"":0.0,""inference_mean_ms"":0.30087221375045675,""inference_wall_seconds"":0.022565416031284258,""motor_energy_demand"":0.020554867494404314,""reaction_seconds"":null,""recovery_seconds"":null,""simulation_seconds"":1.5}]",0.0,0,0.020554867494404314,0.7,0.0,not_applicable,stress,visual_noise,190016,hybrid-202,"[""hybrid-202""]",75,aa4b3cee902019b16faa0c35609e9e3aa006dbc0e2621dfb08ceab6de62fa6fb,stress--hybrid-202--visual_noise--190016.npz,2f56a5005c1c3222089bfd4c9dcc0648c8793ef660f335f96bc0a8898ff89c11
completed,,75,0.25887012502062134,1.5,453853184,"[{""baseline_escape_drive"":null,""collision_substeps"":0,""escape_drive_integral"":0.949393547475338,""final_simulated_energy"":0.3293922323605417,""food"":0.0,""inference_mean_ms"":0.29739886211852234,""inference_wall_seconds"":0.022304914658889174,""motor_energy_demand"":0.02060776763945818,""reaction_seconds"":null,""recovery_seconds"":null,""simulation_seconds"":1.5}]",0.0,0,0.02060776763945818,0.7,0.0,not_applicable,stress,visual_noise,190017,hybrid-202,"[""hybrid-202""]",75,aa4b3cee902019b16faa0c35609e9e3aa006dbc0e2621dfb08ceab6de62fa6fb,stress--hybrid-202--visual_noise--190017.npz,a6e70e165dbe13654f5024f731832f5202793944a3350436de50ea3987366443
completed,,75,0.2795439589826856,1.5,453853184,"[{""baseline_escape_drive"":null,""collision_substeps"":0,""escape_drive_integral"":0.9804287859797478,""final_simulated_energy"":0.32892100429743454,""food"":0.0,""inference_mean_ms"":0.3269017324782908,""inference_wall_seconds"":0.02451762993587181,""motor_energy_demand"":0.021078995702564718,""reaction_seconds"":null,""recovery_seconds"":null,""simulation_seconds"":1.5}]",0.0,0,0.021078995702564718,0.7,0.0,not_applicable,stress,visual_noise,190018,hybrid-202,"[""hybrid-202""]",75,aa4b3cee902019b16faa0c35609e9e3aa006dbc0e2621dfb08ceab6de62fa6fb,stress--hybrid-202--visual_noise--190018.npz,a78b60e204f15808ff79ebe5d8f1dec5ba8e292b40fceb38926a276ac064d8d3
completed,,75,0.2636179999972228,1.5,453853184,"[{""baseline_escape_drive"":null,""collision_substeps"":0,""escape_drive_integral"":0.9393167591094971,""final_simulated_energy"":0.32954792988061876,""food"":0.0,""inference_mean_ms"":0.298585599521175,""inference_wall_seconds"":0.022393919964088127,""motor_energy_demand"":0.020452070119380952,""reaction_seconds"":null,""recovery_seconds"":null,""simulation_seconds"":1.5}]",0.0,0,0.020452070119380952,0.7,0.0,not_applicable,stress,visual_noise,190019,hybrid-202,"[""hybrid-202""]",75,aa4b3cee902019b16faa0c35609e9e3aa006dbc0e2621dfb08ceab6de62fa6fb,stress--hybrid-202--visual_noise--190019.npz,5fd7c67e94ad9991481d4decf160c58ba8d1bd9345ce81e287516dfd749a331a
completed,,75,0.25816875000600703,1.5,453869568,"[{""baseline_escape_drive"":null,""collision_substeps"":0,""escape_drive_integral"":0.9556946197152137,""final_simulated_energy"":0.32928441549092535,""food"":0.0,""inference_mean_ms"":0.2914200653322041,""inference_wall_seconds"":0.021856504899915308,""motor_energy_demand"":0.020715584509074687,""reaction_seconds"":null,""recovery_seconds"":null,""simulation_seconds"":1.5}]",0.0,0,0.020715584509074687,0.7,0.0,not_applicable,stress,visual_noise,190020,hybrid-202,"[""hybrid-202""]",75,aa4b3cee902019b16faa0c35609e9e3aa006dbc0e2621dfb08ceab6de62fa6fb,stress--hybrid-202--visual_noise--190020.npz,e9d974dca69595f56732256abf8613597c70caf34bf9fa484da2003266489d5e
completed,,75,0.2659223749942612,1.5,453885952,"[{""baseline_escape_drive"":null,""collision_substeps"":0,""escape_drive_integral"":0.992054367363453,""final_simulated_energy"":0.32874198339849725,""food"":0.0,""inference_mean_ms"":0.30792337415429455,""inference_wall_seconds"":0.02309425306157209,""motor_energy_demand"":0.021258016601502897,""reaction_seconds"":null,""recovery_seconds"":null,""simulation_seconds"":1.5}]",0.0,0,0.021258016601502897,0.7,0.0,not_applicable,stress,visual_noise,190021,hybrid-202,"[""hybrid-202""]",75,aa4b3cee902019b16faa0c35609e9e3aa006dbc0e2621dfb08ceab6de62fa6fb,stress--hybrid-202--visual_noise--190021.npz,8f71282576b0de408d4bc2872d12ac412a06bc369900c12c35b60ece6960c035
completed,,75,0.27870049999910407,1.5,453902336,"[{""baseline_escape_drive"":null,""collision_substeps"":0,""escape_drive_integral"":1.0059394964575767,""final_simulated_energy"":0.3285389737632871,""food"":0.0,""inference_mean_ms"":0.3311606271502872,""inference_wall_seconds"":0.024837047036271542,""motor_energy_demand"":0.02146102623671293,""reaction_seconds"":null,""recovery_seconds"":null,""simulation_seconds"":1.5}]",0.0,0,0.02146102623671293,0.7,0.0,not_applicable,stress,visual_noise,190022,hybrid-202,"[""hybrid-202""]",75,aa4b3cee902019b16faa0c35609e9e3aa006dbc0e2621dfb08ceab6de62fa6fb,stress--hybrid-202--visual_noise--190022.npz,7eaec6cd438ac4f9344d6cd72f81ef37f49e532fb4d3e8d9a15ae46dfb78ca31
completed,,75,0.26243925001472235,1.5,453918720,"[{""baseline_escape_drive"":null,""collision_substeps"":0,""escape_drive_integral"":0.9956823793053627,""final_simulated_energy"":0.3286851211407781,""food"":0.0,""inference_mean_ms"":0.3009111344969521,""inference_wall_seconds"":0.022568335087271407,""motor_energy_demand"":0.02131487885922194,""reaction_seconds"":null,""recovery_seconds"":null,""simulation_seconds"":1.5}]",0.0,0,0.02131487885922194,0.7,0.0,not_applicable,stress,visual_noise,190023,hybrid-202,"[""hybrid-202""]",75,aa4b3cee902019b16faa0c35609e9e3aa006dbc0e2621dfb08ceab6de62fa6fb,stress--hybrid-202--visual_noise--190023.npz,4be92249f35826c8c2aa5b5fe69af2de9ae23a55e5d75307c7f4da2d10df2fec
completed,,75,0.2618232499808073,1.5,453918720,"[{""baseline_escape_drive"":null,""collision_substeps"":0,""escape_drive_integral"":0.9707642948627472,""final_simulated_energy"":0.3290621260583402,""food"":0.0,""inference_mean_ms"":0.2938094812755783,""inference_wall_seconds"":0.022035711095668375,""motor_energy_demand"":0.020937873941659926,""reaction_seconds"":null,""recovery_seconds"":null,""simulation_seconds"":1.5}]",0.0,0,0.020937873941659926,0.7,0.0,not_applicable,stress,visual_noise,190024,hybrid-202,"[""hybrid-202""]",75,aa4b3cee902019b16faa0c35609e9e3aa006dbc0e2621dfb08ceab6de62fa6fb,stress--hybrid-202--visual_noise--190024.npz,2c94dc1995e82eaae4c7ddb22673ab6a07810ea54d9d8ff2fd00e3ee275c4665
completed,,75,0.2628639580216259,1.5,453935104,"[{""baseline_escape_drive"":null,""collision_substeps"":0,""escape_drive_integral"":0.5132979302573949,""final_simulated_energy"":0.36968315700742393,""food"":0.06226606935262678,""inference_mean_ms"":0.28708163959284627,""inference_wall_seconds"":0.021531122969463468,""motor_energy_demand"":0.011449877668889238,""reaction_seconds"":null,""recovery_seconds"":null,""simulation_seconds"":1.5}]",0.06226606935262678,0,0.011449877668889238,0.6377339306473726,0.0,not_applicable,stress,visual_noise,190025,hybrid-202,"[""hybrid-202""]",75,aa4b3cee902019b16faa0c35609e9e3aa006dbc0e2621dfb08ceab6de62fa6fb,stress--hybrid-202--visual_noise--190025.npz,6a5e544f351fad7b06f37c948a5b6a731bf7d02ddabac422e0851e3ece6dfca7
completed,,75,0.28070591698633507,1.5,453935104,"[{""baseline_escape_drive"":null,""collision_substeps"":0,""escape_drive_integral"":0.7802576807234436,""final_simulated_energy"":0.33725833945558364,""food"":0.008692768178880214,""inference_mean_ms"":0.32772105109567445,""inference_wall_seconds"":0.024579078832175583,""motor_energy_demand"":0.01708804463385604,""reaction_seconds"":null,""recovery_seconds"":null,""simulation_seconds"":1.5}]",0.008692768178880214,0,0.01708804463385604,0.6913072318211196,0.0,not_applicable,stress,visual_noise,190026,hybrid-202,"[""hybrid-202""]",75,aa4b3cee902019b16faa0c35609e9e3aa006dbc0e2621dfb08ceab6de62fa6fb,stress--hybrid-202--visual_noise--190026.npz,8a8e0dc877a13b2cd2f5a98cda9bc6d6162fe55b3f9315e3b332d2e72fffb264
completed,,75,0.28191070901812054,1.5,453935104,"[{""baseline_escape_drive"":null,""collision_substeps"":0,""escape_drive_integral"":0.5082947509456426,""final_simulated_energy"":0.3673559151888366,""food"":0.05747049182653426,""inference_mean_ms"":0.3279577610859027,""inference_wall_seconds"":0.0245968320814427,""motor_energy_demand"":0.011379330724431203,""reaction_seconds"":null,""recovery_seconds"":null,""simulation_seconds"":1.5}]",0.05747049182653426,0,0.011379330724431203,0.6425295081734652,0.0,not_applicable,stress,visual_noise,190027,hybrid-202,"[""hybrid-202""]",75,aa4b3cee902019b16faa0c35609e9e3aa006dbc0e2621dfb08ceab6de62fa6fb,stress--hybrid-202--visual_noise--190027.npz,8646fb7ffdcb99dc88196bda62f880138282afc73e2bf5955325b387b93d92de
completed,,75,0.26057412498630583,1.5,453935104,"[{""baseline_escape_drive"":null,""collision_substeps"":0,""escape_drive_integral"":0.5870477528497576,""final_simulated_energy"":0.36833841318171523,""food"":0.0617685925215483,""inference_mean_ms"":0.2917283315521975,""inference_wall_seconds"":0.021879624866414815,""motor_energy_demand"":0.012545883079059423,""reaction_seconds"":null,""recovery_seconds"":null,""simulation_seconds"":1.5}]",0.0617685925215483,0,0.012545883079059423,0.6382314074784519,0.0,not_applicable,stress,visual_noise,190028,hybrid-202,"[""hybrid-202""]",75,aa4b3cee902019b16faa0c35609e9e3aa006dbc0e2621dfb08ceab6de62fa6fb,stress--hybrid-202--visual_noise--190028.npz,ee02dc000bec2f40f20a702c96f0ce945e5bb85c96bdf6d511dc484eb219b2a0
completed,,75,0.27167166699655354,1.5,453935104,"[{""baseline_escape_drive"":null,""collision_substeps"":0,""escape_drive_integral"":0.941896862089634,""final_simulated_energy"":0.33015569551959667,""food"":0.0012873033806681633,""inference_mean_ms"":0.33400117536075413,""inference_wall_seconds"":0.02505008815205656,""motor_energy_demand"":0.020487956170737738,""reaction_seconds"":null,""recovery_seconds"":null,""simulation_seconds"":1.5}]",0.0012873033806681633,0,0.020487956170737738,0.6987126966193318,0.0,not_applicable,stress,visual_noise,190029,hybrid-202,"[""hybrid-202""]",75,aa4b3cee902019b16faa0c35609e9e3aa006dbc0e2621dfb08ceab6de62fa6fb,stress--hybrid-202--visual_noise--190029.npz,c3a4065b962a60678bf457a3c9dcc4b79f6dad91091e954d74e5bdd7c06d6a07
completed,,75,0.284540124994237,1.5,453951488,"[{""baseline_escape_drive"":null,""collision_substeps"":0,""escape_drive_integral"":1.026745845079422,""final_simulated_energy"":0.32824133197665195,""food"":0.0,""inference_mean_ms"":0.33988339787659544,""inference_wall_seconds"":0.02549125484074466,""motor_energy_demand"":0.021758668023347853,""reaction_seconds"":null,""recovery_seconds"":null,""simulation_seconds"":1.5}]",0.0,0,0.021758668023347853,0.7,0.0,not_applicable,stress,visual_noise,190030,hybrid-202,"[""hybrid-202""]",75,aa4b3cee902019b16faa0c35609e9e3aa006dbc0e2621dfb08ceab6de62fa6fb,stress--hybrid-202--visual_noise--190030.npz,223b59339c14f34dbe0ab4c148d63ef303df694251a37450777e3bffe0ce2d4b
completed,,75,0.26410087500698864,1.5,454066176,"[{""baseline_escape_drive"":null,""collision_substeps"":0,""escape_drive_integral"":1.3896636909246445,""final_simulated_energy"":0.3230246228128669,""food"":0.0,""inference_mean_ms"":0.3072416669844339,""inference_wall_seconds"":0.023043125023832545,""motor_energy_demand"":0.026975377187132835,""reaction_seconds"":null,""recovery_seconds"":null,""simulation_seconds"":1.5}]",0.0,0,0.026975377187132835,0.7,0.0,not_applicable,stress,clean,190001,hybrid-303,"[""hybrid-303""]",75,aa4b3cee902019b16faa0c35609e9e3aa006dbc0e2621dfb08ceab6de62fa6fb,stress--hybrid-303--clean--190001.npz,315c85b69ea69fa0d373bbc65ae23928128fca2ba9e05faa7d06487aadc97c40
completed,,75,0.25806058300076984,1.5,454066176,"[{""baseline_escape_drive"":null,""collision_substeps"":0,""escape_drive_integral"":1.3896204829216003,""final_simulated_energy"":0.32302518135190006,""food"":0.0,""inference_mean_ms"":0.295258320402354,""inference_wall_seconds"":0.02214437403017655,""motor_energy_demand"":0.026974818648099898,""reaction_seconds"":null,""recovery_seconds"":null,""simulation_seconds"":1.5}]",0.0,0,0.026974818648099898,0.7,0.0,not_applicable,stress,clean,190002,hybrid-303,"[""hybrid-303""]",75,aa4b3cee902019b16faa0c35609e9e3aa006dbc0e2621dfb08ceab6de62fa6fb,stress--hybrid-303--clean--190002.npz,1cd10b7f1e531e1a91f7f4136b977785bc5d990942afe7c714f0bf7401aaa6f5
completed,,75,0.2645708750060294,1.5,454082560,"[{""baseline_escape_drive"":null,""collision_substeps"":0,""escape_drive_integral"":1.3894340068101882,""final_simulated_energy"":0.3230280421066285,""food"":0.0,""inference_mean_ms"":0.3109382143399368,""inference_wall_seconds"":0.023320366075495258,""motor_energy_demand"":0.02697195789337158,""reaction_seconds"":null,""recovery_seconds"":null,""simulation_seconds"":1.5}]",0.0,0,0.02697195789337158,0.7,0.0,not_applicable,stress,clean,190003,hybrid-303,"[""hybrid-303""]",75,aa4b3cee902019b16faa0c35609e9e3aa006dbc0e2621dfb08ceab6de62fa6fb,stress--hybrid-303--clean--190003.npz,d1259e9c4f4be17df0a926e326a6a1c7631497127ede6b30817a1bed8b23a4b0
completed,,75,0.2871349999913946,1.5,454098944,"[{""baseline_escape_drive"":null,""collision_substeps"":0,""escape_drive_integral"":1.389535129070282,""final_simulated_energy"":0.32302689722895617,""food"":0.0,""inference_mean_ms"":0.3628766253435363,""inference_wall_seconds"":0.027215746900765225,""motor_energy_demand"":0.026973102771043776,""reaction_seconds"":null,""recovery_seconds"":null,""simulation_seconds"":1.5}]",0.0,0,0.026973102771043776,0.7,0.0,not_applicable,stress,clean,190004,hybrid-303,"[""hybrid-303""]",75,aa4b3cee902019b16faa0c35609e9e3aa006dbc0e2621dfb08ceab6de62fa6fb,stress--hybrid-303--clean--190004.npz,817a1fcf8cb4609accbdf8cedd1aa08670ada2a236d24201dfe5ff8b304da065
completed,,75,0.2749859999748878,1.5,454098944,"[{""baseline_escape_drive"":null,""collision_substeps"":0,""escape_drive_integral"":1.3896844947338105,""final_simulated_energy"":0.3230244440865516,""food"":0.0,""inference_mean_ms"":0.3191344009246677,""inference_wall_seconds"":0.02393508006935008,""motor_energy_demand"":0.026975555913448333,""reaction_seconds"":null,""recovery_seconds"":null,""simulation_seconds"":1.5}]",0.0,0,0.026975555913448333,0.7,0.0,not_applicable,stress,clean,190005,hybrid-303,"[""hybrid-303""]",75,aa4b3cee902019b16faa0c35609e9e3aa006dbc0e2621dfb08ceab6de62fa6fb,stress--hybrid-303--clean--190005.npz,8fc749733fd8d85a2fe3bfaeb85e4f46572f616a699e243363629a55fcad7ce2
completed,,75,0.26047491701319814,1.5,454115328,"[{""baseline_escape_drive"":null,""collision_substeps"":0,""escape_drive_integral"":1.3897022950649263,""final_simulated_energy"":0.3230241164189577,""food"":0.0,""inference_mean_ms"":0.29973833239637315,""inference_wall_seconds"":0.022480374929727986,""motor_energy_demand"":0.02697588358104229,""reaction_seconds"":null,""recovery_seconds"":null,""simulation_seconds"":1.5}]",0.0,0,0.02697588358104229,0.7,0.0,not_applicable,stress,clean,190006,hybrid-303,"[""hybrid-303""]",75,aa4b3cee902019b16faa0c35609e9e3aa006dbc0e2621dfb08ceab6de62fa6fb,stress--hybrid-303--clean--190006.npz,95ea5ca579ddc9ca6fd8a62da6c59b3fd961f8212852dde533706357bd5fd001
completed,,75,0.28181125002447516,1.5,454131712,"[{""baseline_escape_drive"":null,""collision_substeps"":0,""escape_drive_integral"":1.37488567173481,""final_simulated_energy"":0.33244494697153615,""food"":0.018333096355199814,""inference_mean_ms"":0.33414669528914,""inference_wall_seconds"":0.025061002146685496,""motor_energy_demand"":0.026721601206064226,""reaction_seconds"":null,""recovery_seconds"":null,""simulation_seconds"":1.5}]",0.018333096355199814,0,0.026721601206064226,0.6816669036448,0.0,not_applicable,stress,clean,190007,hybrid-303,"[""hybrid-303""]",75,aa4b3cee902019b16faa0c35609e9e3aa006dbc0e2621dfb08ceab6de62fa6fb,stress--hybrid-303--clean--190007.npz,2e1fa8f85951ea8fe3e44c990cdec8fbe122cad99b709ea5ba09931b4fe59be5
completed,,75,0.26320162499905564,1.5,454131712,"[{""baseline_escape_drive"":null,""collision_substeps"":0,""escape_drive_integral"":1.389686622619629,""final_simulated_energy"":0.32302490869402856,""food"":0.0,""inference_mean_ms"":0.29581885202787817,""inference_wall_seconds"":0.022186413902090862,""motor_energy_demand"":0.026975091305971147,""reaction_seconds"":null,""recovery_seconds"":null,""simulation_seconds"":1.5}]",0.0,0,0.026975091305971147,0.7,0.0,not_applicable,stress,clean,190008,hybrid-303,"[""hybrid-303""]",75,aa4b3cee902019b16faa0c35609e9e3aa006dbc0e2621dfb08ceab6de62fa6fb,stress--hybrid-303--clean--190008.npz,0923d1bdb424f0ed1d9aba43bbba3689fcb8baf2f3be1b7645b19444ec9708d0
completed,,75,0.2609979170083534,1.5,454131712,"[{""baseline_escape_drive"":null,""collision_substeps"":0,""escape_drive_integral"":1.3669135278463365,""final_simulated_energy"":0.3422307516872884,""food"":0.03760625466704368,""inference_mean_ms"":0.300723894033581,""inference_wall_seconds"":0.022554292052518576,""motor_energy_demand"":0.026572375646233562,""reaction_seconds"":null,""recovery_seconds"":null,""simulation_seconds"":1.5}]",0.03760625466704368,0,0.026572375646233562,0.6623937453329561,0.0,not_applicable,stress,clean,190009,hybrid-303,"[""hybrid-303""]",75,aa4b3cee902019b16faa0c35609e9e3aa006dbc0e2621dfb08ceab6de62fa6fb,stress--hybrid-303--clean--190009.npz,8497aa0b29fc6fec0e9ea67d22b54e7daa60bf6c82b529f1a797761a7c12fb86
completed,,75,0.26771549999830313,1.5,454164480,"[{""baseline_escape_drive"":null,""collision_substeps"":0,""escape_drive_integral"":1.389426150918007,""final_simulated_energy"":0.3230283138430121,""food"":0.0,""inference_mean_ms"":0.3069032938219607,""inference_wall_seconds"":0.02301774703664705,""motor_energy_demand"":0.026971686156988146,""reaction_seconds"":null,""recovery_seconds"":null,""simulation_seconds"":1.5}]",0.0,0,0.026971686156988146,0.7,0.0,not_applicable,stress,clean,190010,hybrid-303,"[""hybrid-303""]",75,aa4b3cee902019b16faa0c35609e9e3aa006dbc0e2621dfb08ceab6de62fa6fb,stress--hybrid-303--clean--190010.npz,b037b6245e37c69b15c2bad390d661c42d2c54a52f2ed1d92c3a1609bcf951e4
completed,,75,0.28106279199710116,1.5,454164480,"[{""baseline_escape_drive"":null,""collision_substeps"":0,""escape_drive_integral"":1.3017256397008896,""final_simulated_energy"":0.3608564587467906,""food"":0.07275719732046126,""inference_mean_ms"":0.3352460676493744,""inference_wall_seconds"":0.02514345507370308,""motor_energy_demand"":0.02552213991343975,""reaction_seconds"":null,""recovery_seconds"":null,""simulation_seconds"":1.5}]",0.07275719732046126,0,0.02552213991343975,0.6272428026795387,0.0,not_applicable,stress,clean,190011,hybrid-303,"[""hybrid-303""]",75,aa4b3cee902019b16faa0c35609e9e3aa006dbc0e2621dfb08ceab6de62fa6fb,stress--hybrid-303--clean--190011.npz,f0ff2092e96aba7e170232a2e260f67fdd7c90cd41926f622ff2b76d5883e032
completed,,75,0.2821023750002496,1.5,454164480,"[{""baseline_escape_drive"":null,""collision_substeps"":0,""escape_drive_integral"":1.3894243735074998,""final_simulated_energy"":0.32302734716057757,""food"":0.0,""inference_mean_ms"":0.32584218618770444,""inference_wall_seconds"":0.02443816396407783,""motor_energy_demand"":0.026972652839422226,""reaction_seconds"":null,""recovery_seconds"":null,""simulation_seconds"":1.5}]",0.0,0,0.026972652839422226,0.7,0.0,not_applicable,stress,clean,190012,hybrid-303,"[""hybrid-303""]",75,aa4b3cee902019b16faa0c35609e9e3aa006dbc0e2621dfb08ceab6de62fa6fb,stress--hybrid-303--clean--190012.npz,3b7a9aab44dc306806c45482954d1d624b0ffd1ed93b05cd8bc8352e1f378975
completed,,75,0.26560337500995956,1.5,454164480,"[{""baseline_escape_drive"":null,""collision_substeps"":0,""escape_drive_integral"":1.2746926015615463,""final_simulated_energy"":0.36903229568421814,""food"":0.08818272978067394,""inference_mean_ms"":0.2955427222574751,""inference_wall_seconds"":0.02216570416931063,""motor_energy_demand"":0.02505906920611858,""reaction_seconds"":null,""recovery_seconds"":null,""simulation_seconds"":1.5}]",0.08818272978067394,0,0.02505906920611858,0.6118172702193261,0.0,not_applicable,stress,clean,190013,hybrid-303,"[""hybrid-303""]",75,aa4b3cee902019b16faa0c35609e9e3aa006dbc0e2621dfb08ceab6de62fa6fb,stress--hybrid-303--clean--190013.npz,c13e2cd64cc691aece934c456fcba1428f8f41734ccb2bd06847a4e4add0a5b2
completed,,75,0.2569802090001758,1.5,454180864,"[{""baseline_escape_drive"":null,""collision_substeps"":0,""escape_drive_integral"":1.389717800617218,""final_simulated_energy"":0.32302413539469277,""food"":0.0,""inference_mean_ms"":0.2924133053359886,""inference_wall_seconds"":0.021930997900199145,""motor_energy_demand"":0.026975864605307577,""reaction_seconds"":null,""recovery_seconds"":null,""simulation_seconds"":1.5}]",0.0,0,0.026975864605307577,0.7,0.0,not_applicable,stress,clean,190014,hybrid-303,"[""hybrid-303""]",75,aa4b3cee902019b16faa0c35609e9e3aa006dbc0e2621dfb08ceab6de62fa6fb,stress--hybrid-303--clean--190014.npz,dec2d63f2ae4eccf46a337b32b4c01c088f3c63a2142c8f3b1729f161a173a2c
completed,,75,0.2805062909901608,1.5,454180864,"[{""baseline_escape_drive"":null,""collision_substeps"":0,""escape_drive_integral"":1.3782141453027725,""final_simulated_energy"":0.33169100903451426,""food"":0.016933245956897738,""inference_mean_ms"":0.33258554719698924,""inference_wall_seconds"":0.024943916039774194,""motor_energy_demand"":0.026775613943934445,""reaction_seconds"":null,""recovery_seconds"":null,""simulation_seconds"":1.5}]",0.016933245956897738,0,0.026775613943934445,0.683066754043102,0.0,not_applicable,stress,clean,190015,hybrid-303,"[""hybrid-303""]",75,aa4b3cee902019b16faa0c35609e9e3aa006dbc0e2621dfb08ceab6de62fa6fb,stress--hybrid-303--clean--190015.npz,b559828bbeeaa53aae3e3de4ed7d71394f64720985c6643ef2e64e7568e53c7e
completed,,75,0.26316245799534954,1.5,454180864,"[{""baseline_escape_drive"":null,""collision_substeps"":0,""escape_drive_integral"":1.3895400476455688,""final_simulated_energy"":0.3230263915634157,""food"":0.0,""inference_mean_ms"":0.30877497318821645,""inference_wall_seconds"":0.023158122989116237,""motor_energy_demand"":0.026973608436584473,""reaction_seconds"":null,""recovery_seconds"":null,""simulation_seconds"":1.5}]",0.0,0,0.026973608436584473,0.7,0.0,not_applicable,stress,clean,190016,hybrid-303,"[""hybrid-303""]",75,aa4b3cee902019b16faa0c35609e9e3aa006dbc0e2621dfb08ceab6de62fa6fb,stress--hybrid-303--clean--190016.npz,de634d3bbc51bfdb86f45d1839da36326c36822c5bd2c6b67fae853e7fa93b09
completed,,75,0.2588017499947455,1.5,454197248,"[{""baseline_escape_drive"":null,""collision_substeps"":0,""escape_drive_integral"":1.3897610050439835,""final_simulated_energy"":0.32302384289503117,""food"":0.0,""inference_mean_ms"":0.2929600258357823,""inference_wall_seconds"":0.02197200193768367,""motor_energy_demand"":0.026976157104969024,""reaction_seconds"":null,""recovery_seconds"":null,""simulation_seconds"":1.5}]",0.0,0,0.026976157104969024,0.7,0.0,not_applicable,stress,clean,190017,hybrid-303,"[""hybrid-303""]",75,aa4b3cee902019b16faa0c35609e9e3aa006dbc0e2621dfb08ceab6de62fa6fb,stress--hybrid-303--clean--190017.npz,1f01dc78430889bfca8058139e4276ee6753758a2911fdfbfbb3c914003fa98d
completed,,75,0.26993329101242125,1.5,454197248,"[{""baseline_escape_drive"":null,""collision_substeps"":0,""escape_drive_integral"":1.3894478905200958,""final_simulated_energy"":0.32302756384074693,""food"":0.0,""inference_mean_ms"":0.3137355879880488,""inference_wall_seconds"":0.02353016909910366,""motor_energy_demand"":0.026972436159253117,""reaction_seconds"":null,""recovery_seconds"":null,""simulation_seconds"":1.5}]",0.0,0,0.026972436159253117,0.7,0.0,not_applicable,stress,clean,190018,hybrid-303,"[""hybrid-303""]",75,aa4b3cee902019b16faa0c35609e9e3aa006dbc0e2621dfb08ceab6de62fa6fb,stress--hybrid-303--clean--190018.npz,f541e1bb36b301106cd3b6563cc2fc2d548d771512b9f42c6c6ab354820c6c3d
completed,,75,0.27417920800508,1.5,454213632,"[{""baseline_escape_drive"":null,""collision_substeps"":0,""escape_drive_integral"":1.3594637507200242,""final_simulated_energy"":0.33940131290674264,""food"":0.03175258666276932,""inference_mean_ms"":0.31881266622804105,""inference_wall_seconds"":0.02391094996710308,""motor_energy_demand"":0.026474980424642563,""reaction_seconds"":null,""recovery_seconds"":null,""simulation_seconds"":1.5}]",0.03175258666276932,0,0.026474980424642563,0.6682474133372301,0.0,not_applicable,stress,clean,190019,hybrid-303,"[""hybrid-303""]",75,aa4b3cee902019b16faa0c35609e9e3aa006dbc0e2621dfb08ceab6de62fa6fb,stress--hybrid-303--clean--190019.npz,844a17b65511e3b24b032a8f42208e9f7e7ca39387f3167f4c5331093330b705
completed,,75,0.25722262501949444,1.5,454230016,"[{""baseline_escape_drive"":null,""collision_substeps"":0,""escape_drive_integral"":1.3897988015413285,""final_simulated_energy"":0.3230231180721521,""food"":0.0,""inference_mean_ms"":0.28670224322316545,""inference_wall_seconds"":0.02150266824173741,""motor_energy_demand"":0.02697688192784786,""reaction_seconds"":null,""recovery_seconds"":null,""simulation_seconds"":1.5}]",0.0,0,0.02697688192784786,0.7,0.0,not_applicable,stress,clean,190020,hybrid-303,"[""hybrid-303""]",75,aa4b3cee902019b16faa0c35609e9e3aa006dbc0e2621dfb08ceab6de62fa6fb,stress--hybrid-303--clean--190020.npz,52f7dbaabb37454e5a5fcf1bc75c1440c6d790c7f7aa4bc312ea1c41a36b96f8
completed,,75,0.25693849998060614,1.5,454230016,"[{""baseline_escape_drive"":null,""collision_substeps"":0,""escape_drive_integral"":1.3895304310321808,""final_simulated_energy"":0.32302629005193717,""food"":0.0,""inference_mean_ms"":0.2933028247207403,""inference_wall_seconds"":0.021997711854055524,""motor_energy_demand"":0.026973709948062894,""reaction_seconds"":null,""recovery_seconds"":null,""simulation_seconds"":1.5}]",0.0,0,0.026973709948062894,0.7,0.0,not_applicable,stress,clean,190021,hybrid-303,"[""hybrid-303""]",75,aa4b3cee902019b16faa0c35609e9e3aa006dbc0e2621dfb08ceab6de62fa6fb,stress--hybrid-303--clean--190021.npz,ce18fab8bd66b45673f6684afcac6963a19a83303e9de33eb6469185eebbec7e
completed,,75,0.2815121659950819,1.5,454230016,"[{""baseline_escape_drive"":null,""collision_substeps"":0,""escape_drive_integral"":1.3897471749782562,""final_simulated_energy"":0.3230240147078035,""food"":0.0,""inference_mean_ms"":0.3409644290028761,""inference_wall_seconds"":0.025572332175215706,""motor_energy_demand"":0.026975985292196275,""reaction_seconds"":null,""recovery_seconds"":null,""simulation_seconds"":1.5}]",0.0,0,0.026975985292196275,0.7,0.0,not_applicable,stress,clean,190022,hybrid-303,"[""hybrid-303""]",75,aa4b3cee902019b16faa0c35609e9e3aa006dbc0e2621dfb08ceab6de62fa6fb,stress--hybrid-303--clean--190022.npz,7956d3efdafd491a893b04ee8a768c632630ef2373252cff331a89c9615c8de1
completed,,75,0.2598389170016162,1.5,454230016,"[{""baseline_escape_drive"":null,""collision_substeps"":0,""escape_drive_integral"":1.3898684126138687,""final_simulated_energy"":0.3230222659009694,""food"":0.0,""inference_mean_ms"":0.30212776036933064,""inference_wall_seconds"":0.0226595820276998,""motor_energy_demand"":0.026977734099030492,""reaction_seconds"":null,""recovery_seconds"":null,""simulation_seconds"":1.5}]",0.0,0,0.026977734099030492,0.7,0.0,not_applicable,stress,clean,190023,hybrid-303,"[""hybrid-303""]",75,aa4b3cee902019b16faa0c35609e9e3aa006dbc0e2621dfb08ceab6de62fa6fb,stress--hybrid-303--clean--190023.npz,9a2dd71ff376461367699d6f15a65e6a7ead771b104d64dc3311f2c0b5c0c967
completed,,75,0.2582902089925483,1.5,454246400,"[{""baseline_escape_drive"":null,""collision_substeps"":0,""escape_drive_integral"":1.3895304471254348,""final_simulated_energy"":0.32302679675519475,""food"":0.0,""inference_mean_ms"":0.30370945343747735,""inference_wall_seconds"":0.0227782090078108,""motor_energy_demand"":0.026973203244805337,""reaction_seconds"":null,""recovery_seconds"":null,""simulation_seconds"":1.5}]",0.0,0,0.026973203244805337,0.7,0.0,not_applicable,stress,clean,190024,hybrid-303,"[""hybrid-303""]",75,aa4b3cee902019b16faa0c35609e9e3aa006dbc0e2621dfb08ceab6de62fa6fb,stress--hybrid-303--clean--190024.npz,398b3d7ba08084ac9dcfcbaae20db117d49366d845b84d7f371e96973ef9eacf
completed,,75,0.2597272080020048,1.5,454279168,"[{""baseline_escape_drive"":null,""collision_substeps"":0,""escape_drive_integral"":1.2730855464935302,""final_simulated_energy"":0.3673543051981922,""food"":0.08475837707519532,""inference_mean_ms"":0.2977183721183489,""inference_wall_seconds"":0.022328877908876166,""motor_energy_demand"":0.025024883339405064,""reaction_seconds"":null,""recovery_seconds"":null,""simulation_seconds"":1.5}]",0.08475837707519532,0,0.025024883339405064,0.6152416229248051,0.0,not_applicable,stress,clean,190025,hybrid-303,"[""hybrid-303""]",75,aa4b3cee902019b16faa0c35609e9e3aa006dbc0e2621dfb08ceab6de62fa6fb,stress--hybrid-303--clean--190025.npz,2e7917d5654d837293347548f84f8603e6e8cffdb1b427144352465447746279
completed,,75,0.27593695899122395,1.5,454279168,"[{""baseline_escape_drive"":null,""collision_substeps"":0,""escape_drive_integral"":1.3179680395126343,""final_simulated_energy"":0.35439394423484805,""food"":0.06038335353136062,""inference_mean_ms"":0.33011834447582566,""inference_wall_seconds"":0.024758875835686922,""motor_energy_demand"":0.025797732530832288,""reaction_seconds"":null,""recovery_seconds"":null,""simulation_seconds"":1.5}]",0.06038335353136062,0,0.025797732530832288,0.6396166464686395,0.0,not_applicable,stress,clean,190026,hybrid-303,"[""hybrid-303""]",75,aa4b3cee902019b16faa0c35609e9e3aa006dbc0e2621dfb08ceab6de62fa6fb,stress--hybrid-303--clean--190026.npz,c6e4433dfe360c97164ac81cde11046b56f7b3cc7012dda73caa9529bd14fd81
completed,,75,0.2813967499823775,1.5,454279168,"[{""baseline_escape_drive"":null,""collision_substeps"":0,""escape_drive_integral"":1.3058825105428695,""final_simulated_energy"":0.358022373972535,""food"":0.06723141372203827,""inference_mean_ms"":0.32137222588062286,""inference_wall_seconds"":0.024102916941046715,""motor_energy_demand"":0.025593332888484,""reaction_seconds"":null,""recovery_seconds"":null,""simulation_seconds"":1.5}]",0.06723141372203827,0,0.025593332888484,0.6327685862779615,0.0,not_applicable,stress,clean,190027,hybrid-303,"[""hybrid-303""]",75,aa4b3cee902019b16faa0c35609e9e3aa006dbc0e2621dfb08ceab6de62fa6fb,stress--hybrid-303--clean--190027.npz,d026b9a21bb3252355bb1a2c6c2569655bfa2279acd5cf34cbfac94d200d835e
completed,,75,0.2706618329975754,1.5,454279168,"[{""baseline_escape_drive"":null,""collision_substeps"":0,""escape_drive_integral"":1.2848403376340867,""final_simulated_energy"":0.36478302039682875,""food"":0.08002536475658414,""inference_mean_ms"":0.30306446443622315,""inference_wall_seconds"":0.022729834832716733,""motor_energy_demand"":0.02522966198146343,""reaction_seconds"":null,""recovery_seconds"":null,""simulation_seconds"":1.5}]",0.08002536475658414,0,0.02522966198146343,0.6199746352434157,0.0,not_applicable,stress,clean,190028,hybrid-303,"[""hybrid-303""]",75,aa4b3cee902019b16faa0c35609e9e3aa006dbc0e2621dfb08ceab6de62fa6fb,stress--hybrid-303--clean--190028.npz,a80ae705360a60e9562f1c86300b3c4923f7ffd372c141309f470a5a48db2272
completed,,75,0.2588012079941109,1.5,454279168,"[{""baseline_escape_drive"":null,""collision_substeps"":0,""escape_drive_integral"":1.363780745267868,""final_simulated_energy"":0.34322581253647816,""food"":0.03948790088295936,""inference_mean_ms"":0.29325389536097646,""inference_wall_seconds"":0.021994042152073234,""motor_energy_demand"":0.026518137905001644,""reaction_seconds"":null,""recovery_seconds"":null,""simulation_seconds"":1.5}]",0.03948790088295936,0,0.026518137905001644,0.6605120991170405,0.0,not_applicable,stress,clean,190029,hybrid-303,"[""hybrid-303""]",75,aa4b3cee902019b16faa0c35609e9e3aa006dbc0e2621dfb08ceab6de62fa6fb,stress--hybrid-303--clean--190029.npz,3f3811965bc5f2de68ee77dce00a4ff6e257402bf776654376825d75466c6932
completed,,75,0.2861272500013001,1.5,454295552,"[{""baseline_escape_drive"":null,""collision_substeps"":0,""escape_drive_integral"":1.3896104192733765,""final_simulated_energy"":0.32302570882797255,""food"":0.0,""inference_mean_ms"":0.3524933468240003,""inference_wall_seconds"":0.02643700101180002,""motor_energy_demand"":0.026974291172027584,""reaction_seconds"":null,""recovery_seconds"":null,""simulation_seconds"":1.5}]",0.0,0,0.026974291172027584,0.7,0.0,not_applicable,stress,clean,190030,hybrid-303,"[""hybrid-303""]",75,aa4b3cee902019b16faa0c35609e9e3aa006dbc0e2621dfb08ceab6de62fa6fb,stress--hybrid-303--clean--190030.npz,4b1d8bc57d1494fb0d74d34e48877d78cc92ed81ec489e7607b71bcd64e00517
completed,,75,0.26573099999222904,1.5,454295552,"[{""baseline_escape_drive"":null,""collision_substeps"":0,""escape_drive_integral"":1.3962668538093568,""final_simulated_energy"":0.32293991879165196,""food"":0.0,""inference_mean_ms"":0.3001989074982703,""inference_wall_seconds"":0.02251491806237027,""motor_energy_demand"":0.027060081208348276,""reaction_seconds"":null,""recovery_seconds"":null,""simulation_seconds"":1.5}]",0.0,0,0.027060081208348276,0.7,0.0,not_applicable,stress,visual_noise,190001,hybrid-303,"[""hybrid-303""]",75,aa4b3cee902019b16faa0c35609e9e3aa006dbc0e2621dfb08ceab6de62fa6fb,stress--hybrid-303--visual_noise--190001.npz,891a32dce2cb61daae28222284d0f4fe3d01f3b2925896a644be447a14ef8edb
completed,,75,0.26601212500827387,1.5,454311936,"[{""baseline_escape_drive"":null,""collision_substeps"":0,""escape_drive_integral"":1.395413035750389,""final_simulated_energy"":0.3229539739650483,""food"":0.0,""inference_mean_ms"":0.3063472806631277,""inference_wall_seconds"":0.022976046049734578,""motor_energy_demand"":0.027046026034951206,""reaction_seconds"":null,""recovery_seconds"":null,""simulation_seconds"":1.5}]",0.0,0,0.027046026034951206,0.7,0.0,not_applicable,stress,visual_noise,190002,hybrid-303,"[""hybrid-303""]",75,aa4b3cee902019b16faa0c35609e9e3aa006dbc0e2621dfb08ceab6de62fa6fb,stress--hybrid-303--visual_noise--190002.npz,a1e5a13822f7bd655bda87357c1bd987ecd5d08e2ae8de48ef7791b4e01ea876
completed,,75,0.27707766700768843,1.5,454328320,"[{""baseline_escape_drive"":null,""collision_substeps"":0,""escape_drive_integral"":1.3929266494512558,""final_simulated_energy"":0.3229965770655874,""food"":0.0,""inference_mean_ms"":0.3249000400925676,""inference_wall_seconds"":0.02436750300694257,""motor_energy_demand"":0.027003422934412952,""reaction_seconds"":null,""recovery_seconds"":null,""simulation_seconds"":1.5}]",0.0,0,0.027003422934412952,0.7,0.0,not_applicable,stress,visual_noise,190003,hybrid-303,"[""hybrid-303""]",75,aa4b3cee902019b16faa0c35609e9e3aa006dbc0e2621dfb08ceab6de62fa6fb,stress--hybrid-303--visual_noise--190003.npz,4648a091be816599be68cd9e1668220b01115ec5da3ece8854b829eab2d45046
completed,,75,0.2758148339926265,1.5,454344704,"[{""baseline_escape_drive"":null,""collision_substeps"":0,""escape_drive_integral"":1.3947061359882356,""final_simulated_energy"":0.32296784573018567,""food"":0.0,""inference_mean_ms"":0.3208371752407402,""inference_wall_seconds"":0.024062788143055514,""motor_energy_demand"":0.027032154269814493,""reaction_seconds"":null,""recovery_seconds"":null,""simulation_seconds"":1.5}]",0.0,0,0.027032154269814493,0.7,0.0,not_applicable,stress,visual_noise,190004,hybrid-303,"[""hybrid-303""]",75,aa4b3cee902019b16faa0c35609e9e3aa006dbc0e2621dfb08ceab6de62fa6fb,stress--hybrid-303--visual_noise--190004.npz,23a318d48a77e4c40be6d4f39e2ed9355f9da08c0279a3c2218680694045f777
completed,,75,0.26125608300208114,1.5,454344704,"[{""baseline_escape_drive"":null,""collision_substeps"":0,""escape_drive_integral"":1.3928884130716324,""final_simulated_energy"":0.32299410523414596,""food"":0.0,""inference_mean_ms"":0.3021761212342729,""inference_wall_seconds"":0.02266320909257047,""motor_energy_demand"":0.02700589476585388,""reaction_seconds"":null,""recovery_seconds"":null,""simulation_seconds"":1.5}]",0.0,0,0.02700589476585388,0.7,0.0,not_applicable,stress,visual_noise,190005,hybrid-303,"[""hybrid-303""]",75,aa4b3cee902019b16faa0c35609e9e3aa006dbc0e2621dfb08ceab6de62fa6fb,stress--hybrid-303--visual_noise--190005.npz,c54800f4035a15508e82266d605051f2bfe8a079ed8976ad9d1721f51f916892
completed,,75,0.25835862499661744,1.5,454344704,"[{""baseline_escape_drive"":null,""collision_substeps"":0,""escape_drive_integral"":1.3966818910837173,""final_simulated_energy"":0.3229392829030753,""food"":0.0,""inference_mean_ms"":0.28995385238279897,""inference_wall_seconds"":0.021746538928709924,""motor_energy_demand"":0.027060717096924782,""reaction_seconds"":null,""recovery_seconds"":null,""simulation_seconds"":1.5}]",0.0,0,0.027060717096924782,0.7,0.0,not_applicable,stress,visual_noise,190006,hybrid-303,"[""hybrid-303""]",75,aa4b3cee902019b16faa0c35609e9e3aa006dbc0e2621dfb08ceab6de62fa6fb,stress--hybrid-303--visual_noise--190006.npz,3eee6752341af8cd45b32f71b1afdd3941dadc7fc3d906e77e28b205444ca9a4
completed,,75,0.2906158329860773,1.5,454344704,"[{""baseline_escape_drive"":null,""collision_substeps"":0,""escape_drive_integral"":1.3856486105918884,""final_simulated_energy"":0.3322208321875334,""food"":0.018182571083307265,""inference_mean_ms"":0.3636677050963044,""inference_wall_seconds"":0.02727507788222283,""motor_energy_demand"":0.026870453354120253,""reaction_seconds"":null,""recovery_seconds"":null,""simulation_seconds"":1.5}]",0.018182571083307265,0,0.026870453354120253,0.6818174289166927,0.0,not_applicable,stress,visual_noise,190007,hybrid-303,"[""hybrid-303""]",75,aa4b3cee902019b16faa0c35609e9e3aa006dbc0e2621dfb08ceab6de62fa6fb,stress--hybrid-303--visual_noise--190007.npz,68587fdd541961f443f01477198d61e4bd61a655616dee207329065d2e02e418
completed,,75,0.2686953750089742,1.5,454344704,"[{""baseline_escape_drive"":null,""collision_substeps"":0,""escape_drive_integral"":1.399827144742012,""final_simulated_energy"":0.32289530054688453,""food"":0.0,""inference_mean_ms"":0.3023555447968344,""inference_wall_seconds"":0.02267666585976258,""motor_energy_demand"":0.02710469945311546,""reaction_seconds"":null,""recovery_seconds"":null,""simulation_seconds"":1.5}]",0.0,0,0.02710469945311546,0.7,0.0,not_applicable,stress,visual_noise,190008,hybrid-303,"[""hybrid-303""]",75,aa4b3cee902019b16faa0c35609e9e3aa006dbc0e2621dfb08ceab6de62fa6fb,stress--hybrid-303--visual_noise--190008.npz,8f535b35834ff22b7fe379b965819754eba27ef95302f489bf600da0c70afc99
completed,,75,0.2597303749935236,1.5,454344704,"[{""baseline_escape_drive"":null,""collision_substeps"":0,""escape_drive_integral"":1.3755900985002518,""final_simulated_energy"":0.34205008330941195,""food"":0.03748360529541969,""inference_mean_ms"":0.2920910972170532,""inference_wall_seconds"":0.021906832291278988,""motor_energy_demand"":0.026691719338297847,""reaction_seconds"":null,""recovery_seconds"":null,""simulation_seconds"":1.5}]",0.03748360529541969,0,0.026691719338297847,0.6625163947045803,0.0,not_applicable,stress,visual_noise,190009,hybrid-303,"[""hybrid-303""]",75,aa4b3cee902019b16faa0c35609e9e3aa006dbc0e2621dfb08ceab6de62fa6fb,stress--hybrid-303--visual_noise--190009.npz,3e59516078a71c35587da01383d42ba47dce7fc21adccad1e805c588d6d2154c
completed,,75,0.26740508299553767,1.5,454344704,"[{""baseline_escape_drive"":null,""collision_substeps"":0,""escape_drive_integral"":1.3963557839393617,""final_simulated_energy"":0.32294469100594536,""food"":0.0,""inference_mean_ms"":0.316076159166793,""inference_wall_seconds"":0.023705711937509477,""motor_energy_demand"":0.027055308994054793,""reaction_seconds"":null,""recovery_seconds"":null,""simulation_seconds"":1.5}]",0.0,0,0.027055308994054793,0.7,0.0,not_applicable,stress,visual_noise,190010,hybrid-303,"[""hybrid-303""]",75,aa4b3cee902019b16faa0c35609e9e3aa006dbc0e2621dfb08ceab6de62fa6fb,stress--hybrid-303--visual_noise--190010.npz,f2775f1cc70c506d37f54fe653ad3cad6adba42f00a0578a2f36f4484c55470c
completed,,75,0.2836432910116855,1.5,454377472,"[{""baseline_escape_drive"":null,""collision_substeps"":0,""escape_drive_integral"":1.3273358684778214,""final_simulated_energy"":0.3601323583877085,""food"":0.07209767058491709,""inference_mean_ms"":0.34282833454199135,""inference_wall_seconds"":0.02571212509064935,""motor_energy_demand"":0.02591647690474987,""reaction_seconds"":null,""recovery_seconds"":null,""simulation_seconds"":1.5}]",0.07209767058491709,0,0.02591647690474987,0.627902329415083,0.0,not_applicable,stress,visual_noise,190011,hybrid-303,"[""hybrid-303""]",75,aa4b3cee902019b16faa0c35609e9e3aa006dbc0e2621dfb08ceab6de62fa6fb,stress--hybrid-303--visual_noise--190011.npz,baf098d9fb291b4554876ad21de52109e7e657992a88f1635d98b11709c8a9e2
completed,,75,0.27897170901997015,1.5,454410240,"[{""baseline_escape_drive"":null,""collision_substeps"":0,""escape_drive_integral"":1.3960610568523408,""final_simulated_energy"":0.32294265770018094,""food"":0.0,""inference_mean_ms"":0.3121772400724391,""inference_wall_seconds"":0.023413293005432934,""motor_energy_demand"":0.02705734229981899,""reaction_seconds"":null,""recovery_seconds"":null,""simulation_seconds"":1.5}]",0.0,0,0.02705734229981899,0.7,0.0,not_applicable,stress,visual_noise,190012,hybrid-303,"[""hybrid-303""]",75,aa4b3cee902019b16faa0c35609e9e3aa006dbc0e2621dfb08ceab6de62fa6fb,stress--hybrid-303--visual_noise--190012.npz,03f9803c54680819d082bb1e53e40cdcde0d51d5abbb1074744bd1919b5a9f78
completed,,75,0.2634536669938825,1.5,454410240,"[{""baseline_escape_drive"":null,""collision_substeps"":0,""escape_drive_integral"":1.3075484669208526,""final_simulated_energy"":0.3678399951285127,""food"":0.08682242110371591,""inference_mean_ms"":0.3015232932132979,""inference_wall_seconds"":0.022614246990997344,""motor_energy_demand"":0.025571215423345565,""reaction_seconds"":null,""recovery_seconds"":null,""simulation_seconds"":1.5}]",0.08682242110371591,0,0.025571215423345565,0.6131775788962838,0.0,not_applicable,stress,visual_noise,190013,hybrid-303,"[""hybrid-303""]",75,aa4b3cee902019b16faa0c35609e9e3aa006dbc0e2621dfb08ceab6de62fa6fb,stress--hybrid-303--visual_noise--190013.npz,8ea5b21f24f6eea41e836a75570693096d72dcaf6cb81485f7e634fae3445f32
completed,,75,0.26024179201340303,1.5,454410240,"[{""baseline_escape_drive"":null,""collision_substeps"":0,""escape_drive_integral"":1.3935846918821335,""final_simulated_energy"":0.3229830984586476,""food"":0.0,""inference_mean_ms"":0.28901286888867617,""inference_wall_seconds"":0.021675965166650712,""motor_energy_demand"":0.02701690154135227,""reaction_seconds"":null,""recovery_seconds"":null,""simulation_seconds"":1.5}]",0.0,0,0.02701690154135227,0.7,0.0,not_applicable,stress,visual_noise,190014,hybrid-303,"[""hybrid-303""]",75,aa4b3cee902019b16faa0c35609e9e3aa006dbc0e2621dfb08ceab6de62fa6fb,stress--hybrid-303--visual_noise--190014.npz,17abe9a754f5b62ed5339391d135b59214b5ccc974228038c416700c7c148e8e
completed,,75,0.28079970899852924,1.5,454410240,"[{""baseline_escape_drive"":null,""collision_substeps"":0,""escape_drive_integral"":1.3889247101545334,""final_simulated_energy"":0.33020060792684547,""food"":0.014268345236778262,""inference_mean_ms"":0.32008608065856,""inference_wall_seconds"":0.024006456049392,""motor_energy_demand"":0.026933564691543576,""reaction_seconds"":null,""recovery_seconds"":null,""simulation_seconds"":1.5}]",0.014268345236778262,0,0.026933564691543576,0.6857316547632217,0.0,not_applicable,stress,visual_noise,190015,hybrid-303,"[""hybrid-303""]",75,aa4b3cee902019b16faa0c35609e9e3aa006dbc0e2621dfb08ceab6de62fa6fb,stress--hybrid-303--visual_noise--190015.npz,225ab34ffd0d2d53687d60d4add17e93b2e2053555d43a440c9f66c121f3ce06
completed,,75,0.2683611660031602,1.5,454443008,"[{""baseline_escape_drive"":null,""collision_substeps"":0,""escape_drive_integral"":1.3948412907123566,""final_simulated_energy"":0.322961955105066,""food"":0.0,""inference_mean_ms"":0.30224728126389283,""inference_wall_seconds"":0.022668546094791964,""motor_energy_demand"":0.0270380448949337,""reaction_seconds"":null,""recovery_seconds"":null,""simulation_seconds"":1.5}]",0.0,0,0.0270380448949337,0.7,0.0,not_applicable,stress,visual_noise,190016,hybrid-303,"[""hybrid-303""]",75,aa4b3cee902019b16faa0c35609e9e3aa006dbc0e2621dfb08ceab6de62fa6fb,stress--hybrid-303--visual_noise--190016.npz,b761137360defa462369df049d968c32fbe7ef17504ee1a252a279e51c0f1709
completed,,75,0.2763912079972215,1.5,454443008,"[{""baseline_escape_drive"":null,""collision_substeps"":0,""escape_drive_integral"":1.3958874970674515,""final_simulated_energy"":0.3229469529241322,""food"":0.0,""inference_mean_ms"":0.3334556267752002,""inference_wall_seconds"":0.025009172008140013,""motor_energy_demand"":0.027053047075867653,""reaction_seconds"":null,""recovery_seconds"":null,""simulation_seconds"":1.5}]",0.0,0,0.027053047075867653,0.7,0.0,not_applicable,stress,visual_noise,190017,hybrid-303,"[""hybrid-303""]",75,aa4b3cee902019b16faa0c35609e9e3aa006dbc0e2621dfb08ceab6de62fa6fb,stress--hybrid-303--visual_noise--190017.npz,15fe2a0a93dc5e7a93287fc344c00f0ecc885eac3fb939a320a7b75dcab9acb8
completed,,75,0.26569120900239795,1.5,452050944,"[{""baseline_escape_drive"":null,""collision_substeps"":0,""escape_drive_integral"":1.3912282294034959,""final_simulated_energy"":0.3230155254411693,""food"":0.0,""inference_mean_ms"":0.30714168290918076,""inference_wall_seconds"":0.023035626218188554,""motor_energy_demand"":0.02698447455883026,""reaction_seconds"":null,""recovery_seconds"":null,""simulation_seconds"":1.5}]",0.0,0,0.02698447455883026,0.7,0.0,not_applicable,stress,visual_noise,190018,hybrid-303,"[""hybrid-303""]",75,aa4b3cee902019b16faa0c35609e9e3aa006dbc0e2621dfb08ceab6de62fa6fb,stress--hybrid-303--visual_noise--190018.npz,9452b09bc74e730230dec49bc0e5e170c5400d720a50bd1d95fc6974642f7421
completed,,75,0.28308829199522734,1.5,452050944,"[{""baseline_escape_drive"":null,""collision_substeps"":0,""escape_drive_integral"":1.3693635153770447,""final_simulated_energy"":0.3391482613807916,""food"":0.031521125584840784,""inference_mean_ms"":0.3251355052149544,""inference_wall_seconds"":0.02438516289112158,""motor_energy_demand"":0.026612301411628726,""reaction_seconds"":null,""recovery_seconds"":null,""simulation_seconds"":1.5}]",0.031521125584840784,0,0.026612301411628726,0.6684788744151594,0.0,not_applicable,stress,visual_noise,190019,hybrid-303,"[""hybrid-303""]",75,aa4b3cee902019b16faa0c35609e9e3aa006dbc0e2621dfb08ceab6de62fa6fb,stress--hybrid-303--visual_noise--190019.npz,3235c608383db60336f566343df9b3cbe78530488c5e223480cdf8d3e687c07e
completed,,75,0.26495224999962375,1.5,452050944,"[{""baseline_escape_drive"":null,""collision_substeps"":0,""escape_drive_integral"":1.394427393078804,""final_simulated_energy"":0.3229671757483483,""food"":0.0,""inference_mean_ms"":0.30120833311229944,""inference_wall_seconds"":0.022590624983422458,""motor_energy_demand"":0.027032824251651762,""reaction_seconds"":null,""recovery_seconds"":null,""simulation_seconds"":1.5}]",0.0,0,0.027032824251651762,0.7,0.0,not_applicable,stress,visual_noise,190020,hybrid-303,"[""hybrid-303""]",75,aa4b3cee902019b16faa0c35609e9e3aa006dbc0e2621dfb08ceab6de62fa6fb,stress--hybrid-303--visual_noise--190020.npz,8886c969f9a1524b7f970ebbc9d81ca05da31ed8cf86c2bc27774d92b6466f5b
completed,,75,0.26248558302177116,1.5,452050944,"[{""baseline_escape_drive"":null,""collision_substeps"":0,""escape_drive_integral"":1.3961517053842545,""final_simulated_energy"":0.3229458208143705,""food"":0.0,""inference_mean_ms"":0.29081609410544235,""inference_wall_seconds"":0.021811207057908177,""motor_energy_demand"":0.027054179185628892,""reaction_seconds"":null,""recovery_seconds"":null,""simulation_seconds"":1.5}]",0.0,0,0.027054179185628892,0.7,0.0,not_applicable,stress,visual_noise,190021,hybrid-303,"[""hybrid-303""]",75,aa4b3cee902019b16faa0c35609e9e3aa006dbc0e2621dfb08ceab6de62fa6fb,stress--hybrid-303--visual_noise--190021.npz,36a02916604d8dea7d4c65a2b823e355c3d1f0723d1574dc2ce7e2423ceb9c70
completed,,75,0.28010862501105294,1.5,452067328,"[{""baseline_escape_drive"":null,""collision_substeps"":0,""escape_drive_integral"":1.4004261589050293,""final_simulated_energy"":0.32288436527848263,""food"":0.0,""inference_mean_ms"":0.33298559952527285,""inference_wall_seconds"":0.024973919964395463,""motor_energy_demand"":0.027115634721517564,""reaction_seconds"":null,""recovery_seconds"":null,""simulation_seconds"":1.5}]",0.0,0,0.027115634721517564,0.7,0.0,not_applicable,stress,visual_noise,190022,hybrid-303,"[""hybrid-303""]",75,aa4b3cee902019b16faa0c35609e9e3aa006dbc0e2621dfb08ceab6de62fa6fb,stress--hybrid-303--visual_noise--190022.npz,5a6f69629544c271dff1202ddfd0736559427a9a1bfc2ffaae387f41058dd91d
completed,,75,0.26290291699115187,1.5,452067328,"[{""baseline_escape_drive"":null,""collision_substeps"":0,""escape_drive_integral"":1.3990628808736802,""final_simulated_energy"":0.32289932655513276,""food"":0.0,""inference_mean_ms"":0.29975277255289257,""inference_wall_seconds"":0.022481457941466942,""motor_energy_demand"":0.027100673444867135,""reaction_seconds"":null,""recovery_seconds"":null,""simulation_seconds"":1.5}]",0.0,0,0.027100673444867135,0.7,0.0,not_applicable,stress,visual_noise,190023,hybrid-303,"[""hybrid-303""]",75,aa4b3cee902019b16faa0c35609e9e3aa006dbc0e2621dfb08ceab6de62fa6fb,stress--hybrid-303--visual_noise--190023.npz,0bebab5860b07172c50efa401e8a00f0f42356dc42b7e4c21ed370c7c1215880
completed,,75,0.2562587080174126,1.5,452067328,"[{""baseline_escape_drive"":null,""collision_substeps"":0,""escape_drive_integral"":1.3963511109352111,""final_simulated_energy"":0.32293980813086,""food"":0.0,""inference_mean_ms"":0.29353389244837064,""inference_wall_seconds"":0.0220150419336278,""motor_energy_demand"":0.02706019186913967,""reaction_seconds"":null,""recovery_seconds"":null,""simulation_seconds"":1.5}]",0.0,0,0.02706019186913967,0.7,0.0,not_applicable,stress,visual_noise,190024,hybrid-303,"[""hybrid-303""]",75,aa4b3cee902019b16faa0c35609e9e3aa006dbc0e2621dfb08ceab6de62fa6fb,stress--hybrid-303--visual_noise--190024.npz,0145655e7dbe429b80c8721c04d44c0c470d0fba67097c4c3a0f95337f04e448
completed,,75,0.25797683402197435,1.5,452067328,"[{""baseline_escape_drive"":null,""collision_substeps"":0,""escape_drive_integral"":1.305524999499321,""final_simulated_energy"":0.36640190316617444,""food"":0.0838691507279873,""inference_mean_ms"":0.29137664125300944,""inference_wall_seconds"":0.021853248093975708,""motor_energy_demand"":0.025532672197818754,""reaction_seconds"":null,""recovery_seconds"":null,""simulation_seconds"":1.5}]",0.0838691507279873,0,0.025532672197818754,0.6161308492720124,0.0,not_applicable,stress,visual_noise,190025,hybrid-303,"[""hybrid-303""]",75,aa4b3cee902019b16faa0c35609e9e3aa006dbc0e2621dfb08ceab6de62fa6fb,stress--hybrid-303--visual_noise--190025.npz,f393aa7d63c48eafda97767b5a66436e2edb1da7979342dc63cefe4156ddbed9
completed,,75,0.2785909999802243,1.5,452067328,"[{""baseline_escape_drive"":null,""collision_substeps"":0,""escape_drive_integral"":1.3478250271081924,""final_simulated_energy"":0.353529496310353,""food"":0.05955401137471201,""inference_mean_ms"":0.32444722678822774,""inference_wall_seconds"":0.024333542009117082,""motor_energy_demand"":0.026247509377002716,""reaction_seconds"":null,""recovery_seconds"":null,""simulation_seconds"":1.5}]",0.05955401137471201,0,0.026247509377002716,0.640445988625288,0.0,not_applicable,stress,visual_noise,190026,hybrid-303,"[""hybrid-303""]",75,aa4b3cee902019b16faa0c35609e9e3aa006dbc0e2621dfb08ceab6de62fa6fb,stress--hybrid-303--visual_noise--190026.npz,ffd5e01cac7558c00e6f03682e0eb2d86a21fc9adf00c6d9f02e562edff885dd
completed,,75,0.26156583399279043,1.5,452116480,"[{""baseline_escape_drive"":null,""collision_substeps"":0,""escape_drive_integral"":1.3160743653774263,""final_simulated_energy"":0.3576783800548315,""food"":0.06683140248060226,""inference_mean_ms"":0.29447884066030383,""inference_wall_seconds"":0.022085913049522787,""motor_energy_demand"":0.025737321185469626,""reaction_seconds"":null,""recovery_seconds"":null,""simulation_seconds"":1.5}]",0.06683140248060226,0,0.025737321185469626,0.633168597519398,0.0,not_applicable,stress,visual_noise,190027,hybrid-303,"[""hybrid-303""]",75,aa4b3cee902019b16faa0c35609e9e3aa006dbc0e2621dfb08ceab6de62fa6fb,stress--hybrid-303--visual_noise--190027.npz,f12e721cf0fde0ff2dce633d157888ac26a6fec4fc2a3d0c6b0dd875fd6c95eb
completed,,75,0.26189808300114237,1.5,452116480,"[{""baseline_escape_drive"":null,""collision_substeps"":0,""escape_drive_integral"":1.3203896349668502,""final_simulated_energy"":0.36315617559730984,""food"":0.07785388857126234,""inference_mean_ms"":0.29794661250586313,""inference_wall_seconds"":0.022345995937939733,""motor_energy_demand"":0.025770768688321115,""reaction_seconds"":null,""recovery_seconds"":null,""simulation_seconds"":1.5}]",0.07785388857126234,0,0.025770768688321115,0.6221461114287379,0.0,not_applicable,stress,visual_noise,190028,hybrid-303,"[""hybrid-303""]",75,aa4b3cee902019b16faa0c35609e9e3aa006dbc0e2621dfb08ceab6de62fa6fb,stress--hybrid-303--visual_noise--190028.npz,fa88aec8ce25799989fb0a283257b5ea40692a4af8d4d33dab3e84fbc226d415
completed,,75,0.2662364999996498,1.5,452132864,"[{""baseline_escape_drive"":null,""collision_substeps"":0,""escape_drive_integral"":1.3783341419696808,""final_simulated_energy"":0.34151598360717317,""food"":0.03650501191616058,""inference_mean_ms"":0.3067794275314858,""inference_wall_seconds"":0.02300845706486143,""motor_energy_demand"":0.026736522350907326,""reaction_seconds"":null,""recovery_seconds"":null,""simulation_seconds"":1.5}]",0.03650501191616058,0,0.026736522350907326,0.6634949880838394,0.0,not_applicable,stress,visual_noise,190029,hybrid-303,"[""hybrid-303""]",75,aa4b3cee902019b16faa0c35609e9e3aa006dbc0e2621dfb08ceab6de62fa6fb,stress--hybrid-303--visual_noise--190029.npz,62affd8a83df31c74cbc67863eee672c0835563084e505a84aadd8fb17a02f3e
completed,,75,0.2815041249850765,1.5,452132864,"[{""baseline_escape_drive"":null,""collision_substeps"":0,""escape_drive_integral"":1.3938020694255828,""final_simulated_energy"":0.32298180086076256,""food"":0.0,""inference_mean_ms"":0.3285578001911441,""inference_wall_seconds"":0.02464183501433581,""motor_energy_demand"":0.027018199139237406,""reaction_seconds"":null,""recovery_seconds"":null,""simulation_seconds"":1.5}]",0.0,0,0.027018199139237406,0.7,0.0,not_applicable,stress,visual_noise,190030,hybrid-303,"[""hybrid-303""]",75,aa4b3cee902019b16faa0c35609e9e3aa006dbc0e2621dfb08ceab6de62fa6fb,stress--hybrid-303--visual_noise--190030.npz,18f9bfb14b4cdea564599a3e8c1619d6ba6539229ee31ddfdfc2f506c0e1d031
completed,,75,0.2749242910067551,1.5,452247552,"[{""baseline_escape_drive"":null,""collision_substeps"":0,""escape_drive_integral"":0.40609180748462675,""final_simulated_energy"":0.34041811515882636,""food"":0.0,""inference_mean_ms"":0.2510339056607336,""inference_wall_seconds"":0.01882754292455502,""motor_energy_demand"":0.009581884841173888,""reaction_seconds"":null,""recovery_seconds"":null,""simulation_seconds"":1.5}]",0.0,0,0.009581884841173888,0.7,0.0,not_applicable,stress,clean,190001,recurrent-101,"[""recurrent-101""]",75,aa4b3cee902019b16faa0c35609e9e3aa006dbc0e2621dfb08ceab6de62fa6fb,stress--recurrent-101--clean--190001.npz,9805308bfe921968ccb63064ae73a72093a0ad3a5ae5d66d814966fc5a153016
completed,,75,0.33939204199123196,1.5,452247552,"[{""baseline_escape_drive"":null,""collision_substeps"":0,""escape_drive_integral"":0.40715581506490706,""final_simulated_energy"":0.34040223527282476,""food"":0.0,""inference_mean_ms"":0.3165799763519317,""inference_wall_seconds"":0.023743498226394877,""motor_energy_demand"":0.009597764727175237,""reaction_seconds"":null,""recovery_seconds"":null,""simulation_seconds"":1.5}]",0.0,0,0.009597764727175237,0.7,0.0,not_applicable,stress,clean,190002,recurrent-101,"[""recurrent-101""]",75,aa4b3cee902019b16faa0c35609e9e3aa006dbc0e2621dfb08ceab6de62fa6fb,stress--recurrent-101--clean--190002.npz,2e6a18cb3edf83f7b17a32e653a635855294e6e0bdd2ab84a13999db92b62efe
completed,,75,0.27372399999876507,1.5,452263936,"[{""baseline_escape_drive"":null,""collision_substeps"":0,""escape_drive_integral"":0.4099182629585266,""final_simulated_energy"":0.34036202548235606,""food"":0.0,""inference_mean_ms"":0.23888898470128578,""inference_wall_seconds"":0.017916673852596432,""motor_energy_demand"":0.00963797451764345,""reaction_seconds"":null,""recovery_seconds"":null,""simulation_seconds"":1.5}]",0.0,0,0.00963797451764345,0.7,0.0,not_applicable,stress,clean,190003,recurrent-101,"[""recurrent-101""]",75,aa4b3cee902019b16faa0c35609e9e3aa006dbc0e2621dfb08ceab6de62fa6fb,stress--recurrent-101--clean--190003.npz,edf2b3c619c142e0d67b596e2e62f67c86af32fed7f74b54bcb225e3679886da
completed,,75,0.2790126670151949,1.5,452263936,"[{""baseline_escape_drive"":null,""collision_substeps"":0,""escape_drive_integral"":0.4073510253429413,""final_simulated_energy"":0.34039949903115607,""food"":0.0,""inference_mean_ms"":0.2708422380965203,""inference_wall_seconds"":0.020313167857239023,""motor_energy_demand"":0.0096005009688437,""reaction_seconds"":null,""recovery_seconds"":null,""simulation_seconds"":1.5}]",0.0,0,0.0096005009688437,0.7,0.0,not_applicable,stress,clean,190004,recurrent-101,"[""recurrent-101""]",75,aa4b3cee902019b16faa0c35609e9e3aa006dbc0e2621dfb08ceab6de62fa6fb,stress--recurrent-101--clean--190004.npz,fe9da44580d6dde6e8d5cf59e427bbd72342783862c884423045345f703d5cab
completed,,75,0.2605340420268476,1.5,452263936,"[{""baseline_escape_drive"":null,""collision_substeps"":0,""escape_drive_integral"":0.4055612635612488,""final_simulated_energy"":0.3404261490592364,""food"":0.0,""inference_mean_ms"":0.2323893861224254,""inference_wall_seconds"":0.017429203959181905,""motor_energy_demand"":0.00957385094076395,""reaction_seconds"":null,""recovery_seconds"":null,""simulation_seconds"":1.5}]",0.0,0,0.00957385094076395,0.7,0.0,not_applicable,stress,clean,190005,recurrent-101,"[""recurrent-101""]",75,aa4b3cee902019b16faa0c35609e9e3aa006dbc0e2621dfb08ceab6de62fa6fb,stress--recurrent-101--clean--190005.npz,c5784edc4bd42b262b5274435f9f396eecd91c86a375f5e524aebf09f2cd37aa
completed,,75,0.25760108401300386,1.5,452263936,"[{""baseline_escape_drive"":null,""collision_substeps"":0,""escape_drive_integral"":0.4050342783331871,""final_simulated_energy"":0.34043384970828894,""food"":0.0,""inference_mean_ms"":0.23276608010443547,""inference_wall_seconds"":0.01745745600783266,""motor_energy_demand"":0.009566150291711092,""reaction_seconds"":null,""recovery_seconds"":null,""simulation_seconds"":1.5}]",0.0,0,0.009566150291711092,0.7,0.0,not_applicable,stress,clean,190006,recurrent-101,"[""recurrent-101""]",75,aa4b3cee902019b16faa0c35609e9e3aa006dbc0e2621dfb08ceab6de62fa6fb,stress--recurrent-101--clean--190006.npz,e53f5cbd5f9b40f34ebf756ee774a7b51a1c7d50dffcf26fc0c42da654e9fd28
completed,,75,0.2700287500047125,1.5,452329472,"[{""baseline_escape_drive"":null,""collision_substeps"":0,""escape_drive_integral"":0.40401427179574967,""final_simulated_energy"":0.3404486122785513,""food"":0.0,""inference_mean_ms"":0.24098668014630675,""inference_wall_seconds"":0.018074001010973006,""motor_energy_demand"":0.009551387721449136,""reaction_seconds"":null,""recovery_seconds"":null,""simulation_seconds"":1.5}]",0.0,0,0.009551387721449136,0.7,0.0,not_applicable,stress,clean,190007,recurrent-101,"[""recurrent-101""]",75,aa4b3cee902019b16faa0c35609e9e3aa006dbc0e2621dfb08ceab6de62fa6fb,stress--recurrent-101--clean--190007.npz,029f972bb843ec0c7e73fef372c84f1bcebaf4781ea060861665ad695beafc86
completed,,75,0.27538629199261777,1.5,452329472,"[{""baseline_escape_drive"":null,""collision_substeps"":0,""escape_drive_integral"":0.40462165713310244,""final_simulated_energy"":0.34043952068120253,""food"":0.0,""inference_mean_ms"":0.24615614752595621,""inference_wall_seconds"":0.018461711064446718,""motor_energy_demand"":0.009560479318797587,""reaction_seconds"":null,""recovery_seconds"":null,""simulation_seconds"":1.5}]",0.0,0,0.009560479318797587,0.7,0.0,not_applicable,stress,clean,190008,recurrent-101,"[""recurrent-101""]",75,aa4b3cee902019b16faa0c35609e9e3aa006dbc0e2621dfb08ceab6de62fa6fb,stress--recurrent-101--clean--190008.npz,65a5a8228c90f344eebf5e2e3fdcc8f5c1b8201713458134ad94dc7795405530
completed,,75,0.2559042919892818,1.5,452329472,"[{""baseline_escape_drive"":null,""collision_substeps"":0,""escape_drive_integral"":0.3984364089369774,""final_simulated_energy"":0.3405304529730979,""food"":0.0,""inference_mean_ms"":0.227190573932603,""inference_wall_seconds"":0.017039293044945225,""motor_energy_demand"":0.009469547026902439,""reaction_seconds"":null,""recovery_seconds"":null,""simulation_seconds"":1.5}]",0.0,0,0.009469547026902439,0.7,0.0,not_applicable,stress,clean,190009,recurrent-101,"[""recurrent-101""]",75,aa4b3cee902019b16faa0c35609e9e3aa006dbc0e2621dfb08ceab6de62fa6fb,stress--recurrent-101--clean--190009.npz,ec918e17a7808b9f75ff89badeada22a0a7d9c6bb9bda8fadca8dfebfd667ebd
completed,,75,0.25184604100650176,1.5,452329472,"[{""baseline_escape_drive"":null,""collision_substeps"":0,""escape_drive_integral"":0.40946837425231936,""final_simulated_energy"":0.3403687573932108,""food"":0.0,""inference_mean_ms"":0.216607841818283,""inference_wall_seconds"":0.016245588136371225,""motor_energy_demand"":0.009631242606788876,""reaction_seconds"":null,""recovery_seconds"":null,""simulation_seconds"":1.5}]",0.0,0,0.009631242606788876,0.7,0.0,not_applicable,stress,clean,190010,recurrent-101,"[""recurrent-101""]",75,aa4b3cee902019b16faa0c35609e9e3aa006dbc0e2621dfb08ceab6de62fa6fb,stress--recurrent-101--clean--190010.npz,519e9ebd3a4451d9b00b8c2a9db536b4cda2283cf9613b642d05048331235ecc
completed,,75,0.27266629101359285,1.5,452329472,"[{""baseline_escape_drive"":null,""collision_substeps"":0,""escape_drive_integral"":0.3982823321223259,""final_simulated_energy"":0.3405333120852707,""food"":0.0,""inference_mean_ms"":0.24495554234211642,""inference_wall_seconds"":0.018371665675658733,""motor_energy_demand"":0.009466687914729119,""reaction_seconds"":null,""recovery_seconds"":null,""simulation_seconds"":1.5}]",0.0,0,0.009466687914729119,0.7,0.0,not_applicable,stress,clean,190011,recurrent-101,"[""recurrent-101""]",75,aa4b3cee902019b16faa0c35609e9e3aa006dbc0e2621dfb08ceab6de62fa6fb,stress--recurrent-101--clean--190011.npz,f3015bbcf223fb8c7cd88f86b8a2e975539bb257c14ba76286312cbaff316936
completed,,75,0.2624426670081448,1.5,452345856,"[{""baseline_escape_drive"":null,""collision_substeps"":0,""escape_drive_integral"":0.4112577572464943,""final_simulated_energy"":0.3403413168849051,""food"":0.0,""inference_mean_ms"":0.23303274647332728,""inference_wall_seconds"":0.017477455985499546,""motor_energy_demand"":0.009658683115094902,""reaction_seconds"":null,""recovery_seconds"":null,""simulation_seconds"":1.5}]",0.0,0,0.009658683115094902,0.7,0.0,not_applicable,stress,clean,190012,recurrent-101,"[""recurrent-101""]",75,aa4b3cee902019b16faa0c35609e9e3aa006dbc0e2621dfb08ceab6de62fa6fb,stress--recurrent-101--clean--190012.npz,5523493fff885da10d15b663d032237901bcfc847e6b18b2c1b7b9577a591b21
completed,,75,0.25400275000720285,1.5,452378624,"[{""baseline_escape_drive"":null,""collision_substeps"":0,""escape_drive_integral"":0.20670776151120662,""final_simulated_energy"":0.39158998172504844,""food"":0.09552202226594092,""inference_mean_ms"":0.22196450425932804,""inference_wall_seconds"":0.016647337819449604,""motor_energy_demand"":0.0061710294079221776,""reaction_seconds"":null,""recovery_seconds"":null,""simulation_seconds"":1.5}]",0.09552202226594092,0,0.0061710294079221776,0.6044779777340588,0.0,not_applicable,stress,clean,190013,recurrent-101,"[""recurrent-101""]",75,aa4b3cee902019b16faa0c35609e9e3aa006dbc0e2621dfb08ceab6de62fa6fb,stress--recurrent-101--clean--190013.npz,46758c76ce870fb0722ec871e09437deac719467709ab8a35c9f4db915f322a7
completed,,75,0.26008770801126957,1.5,452378624,"[{""baseline_escape_drive"":null,""collision_substeps"":0,""escape_drive_integral"":0.40461557477712634,""final_simulated_energy"":0.3404403859636195,""food"":0.0,""inference_mean_ms"":0.22412162506952882,""inference_wall_seconds"":0.01680912188021466,""motor_energy_demand"":0.009559614036381246,""reaction_seconds"":null,""recovery_seconds"":null,""simulation_seconds"":1.5}]",0.0,0,0.009559614036381246,0.7,0.0,not_applicable,stress,clean,190014,recurrent-101,"[""recurrent-101""]",75,aa4b3cee902019b16faa0c35609e9e3aa006dbc0e2621dfb08ceab6de62fa6fb,stress--recurrent-101--clean--190014.npz,f7d4cddfd9e14b8ffc5b3cbfe729a986316f1208c4d622c7bc7ad261edb4375c
completed,,75,0.2723162079928443,1.5,452378624,"[{""baseline_escape_drive"":null,""collision_substeps"":0,""escape_drive_integral"":0.39935194492340087,""final_simulated_energy"":0.3405168112970888,""food"":0.0,""inference_mean_ms"":0.24773777346126735,""inference_wall_seconds"":0.01858033300959505,""motor_energy_demand"":0.00948318870291114,""reaction_seconds"":null,""recovery_seconds"":null,""simulation_seconds"":1.5}]",0.0,0,0.00948318870291114,0.7,0.0,not_applicable,stress,clean,190015,recurrent-101,"[""recurrent-101""]",75,aa4b3cee902019b16faa0c35609e9e3aa006dbc0e2621dfb08ceab6de62fa6fb,stress--recurrent-101--clean--190015.npz,79633f04acb46e619f2bf542a055451c62542bd71e9be3ff726132b602eb59aa
completed,,75,0.27034995798021555,1.5,452378624,"[{""baseline_escape_drive"":null,""collision_substeps"":0,""escape_drive_integral"":0.4085669845342636,""final_simulated_energy"":0.34038225277379164,""food"":0.0,""inference_mean_ms"":0.23080385212476057,""inference_wall_seconds"":0.01731028890935704,""motor_energy_demand"":0.009617747226208447,""reaction_seconds"":null,""recovery_seconds"":null,""simulation_seconds"":1.5}]",0.0,0,0.009617747226208447,0.7,0.0,not_applicable,stress,clean,190016,recurrent-101,"[""recurrent-101""]",75,aa4b3cee902019b16faa0c35609e9e3aa006dbc0e2621dfb08ceab6de62fa6fb,stress--recurrent-101--clean--190016.npz,c610850500af1eb82bc04e1237b950a480a1f2b1a400545851a6e0d22bd0913d
completed,,75,0.25937341700773686,1.5,452378624,"[{""baseline_escape_drive"":null,""collision_substeps"":0,""escape_drive_integral"":0.40333978325128556,""final_simulated_energy"":0.3404586954002079,""food"":0.0,""inference_mean_ms"":0.22016045326987901,""inference_wall_seconds"":0.016512033995240927,""motor_energy_demand"":0.009541304599791765,""reaction_seconds"":null,""recovery_seconds"":null,""simulation_seconds"":1.5}]",0.0,0,0.009541304599791765,0.7,0.0,not_applicable,stress,clean,190017,recurrent-101,"[""recurrent-101""]",75,aa4b3cee902019b16faa0c35609e9e3aa006dbc0e2621dfb08ceab6de62fa6fb,stress--recurrent-101--clean--190017.npz,bd68c17467ae116749a6a9afb1096eaae1e5d073ab11eba44fcf8753d595f46a
completed,,75,0.2516729579947423,1.5,452395008,"[{""baseline_escape_drive"":null,""collision_substeps"":0,""escape_drive_integral"":0.4105613723397255,""final_simulated_energy"":0.340352352979183,""food"":0.0,""inference_mean_ms"":0.2175433188676834,""inference_wall_seconds"":0.016315748915076256,""motor_energy_demand"":0.009647647020816804,""reaction_seconds"":null,""recovery_seconds"":null,""simulation_seconds"":1.5}]",0.0,0,0.009647647020816804,0.7,0.0,not_applicable,stress,clean,190018,recurrent-101,"[""recurrent-101""]",75,aa4b3cee902019b16faa0c35609e9e3aa006dbc0e2621dfb08ceab6de62fa6fb,stress--recurrent-101--clean--190018.npz,2f951a91c59b4743771cc7431434094c47fae71fe0ed12dc630169b5344e4209
completed,,75,0.2720747499843128,1.5,452411392,"[{""baseline_escape_drive"":null,""collision_substeps"":0,""escape_drive_integral"":0.4027877777814865,""final_simulated_energy"":0.3404669773013894,""food"":0.0,""inference_mean_ms"":0.24524673509101075,""inference_wall_seconds"":0.018393505131825805,""motor_energy_demand"":0.009533022698611022,""reaction_seconds"":null,""recovery_seconds"":null,""simulation_seconds"":1.5}]",0.0,0,0.009533022698611022,0.7,0.0,not_applicable,stress,clean,190019,recurrent-101,"[""recurrent-101""]",75,aa4b3cee902019b16faa0c35609e9e3aa006dbc0e2621dfb08ceab6de62fa6fb,stress--recurrent-101--clean--190019.npz,6f4ecb3edd1475ed766d48ed63f5cb260c7eceaf4ea10d21df6678627de8e48a
completed,,75,0.25670170900411904,1.5,452411392,"[{""baseline_escape_drive"":null,""collision_substeps"":0,""escape_drive_integral"":0.4029946145415306,""final_simulated_energy"":0.34046371605560166,""food"":0.0,""inference_mean_ms"":0.22069064046566686,""inference_wall_seconds"":0.016551798034925014,""motor_energy_demand"":0.009536283944398165,""reaction_seconds"":null,""recovery_seconds"":null,""simulation_seconds"":1.5}]",0.0,0,0.009536283944398165,0.7,0.0,not_applicable,stress,clean,190020,recurrent-101,"[""recurrent-101""]",75,aa4b3cee902019b16faa0c35609e9e3aa006dbc0e2621dfb08ceab6de62fa6fb,stress--recurrent-101--clean--190020.npz,2d76b16a077b100ce3ec62284f61b4dba8b2a320f566c46517cd9eff6ac7ca68
completed,,75,0.249324708012864,1.5,452411392,"[{""baseline_escape_drive"":null,""collision_substeps"":0,""escape_drive_integral"":0.40920749604701995,""final_simulated_energy"":0.3403725240001083,""food"":0.0,""inference_mean_ms"":0.21122005380069217,""inference_wall_seconds"":0.015841504035051912,""motor_energy_demand"":0.009627475999891758,""reaction_seconds"":null,""recovery_seconds"":null,""simulation_seconds"":1.5}]",0.0,0,0.009627475999891758,0.7,0.0,not_applicable,stress,clean,190021,recurrent-101,"[""recurrent-101""]",75,aa4b3cee902019b16faa0c35609e9e3aa006dbc0e2621dfb08ceab6de62fa6fb,stress--recurrent-101--clean--190021.npz,29fd69e29c8ff1b23a45ba8dd53447e67f38f8ed83524a650269526e447e73ae
completed,,75,0.2533148329821415,1.5,452411392,"[{""baseline_escape_drive"":null,""collision_substeps"":0,""escape_drive_integral"":0.403667927980423,""final_simulated_energy"":0.3404537841834123,""food"":0.0,""inference_mean_ms"":0.22130546780924004,""inference_wall_seconds"":0.016597910085693002,""motor_energy_demand"":0.00954621581658721,""reaction_seconds"":null,""recovery_seconds"":null,""simulation_seconds"":1.5}]",0.0,0,0.00954621581658721,0.7,0.0,not_applicable,stress,clean,190022,recurrent-101,"[""recurrent-101""]",75,aa4b3cee902019b16faa0c35609e9e3aa006dbc0e2621dfb08ceab6de62fa6fb,stress--recurrent-101--clean--190022.npz,f63145d21f1e61084b3151bec17f920ad988636c5de4bb7baf074792daa6ebd4
completed,,75,0.2686712080030702,1.5,452427776,"[{""baseline_escape_drive"":null,""collision_substeps"":0,""escape_drive_integral"":0.401191697716713,""final_simulated_energy"":0.3404906500609214,""food"":0.0,""inference_mean_ms"":0.238571121590212,""inference_wall_seconds"":0.0178928341192659,""motor_energy_demand"":0.009509349939078093,""reaction_seconds"":null,""recovery_seconds"":null,""simulation_seconds"":1.5}]",0.0,0,0.009509349939078093,0.7,0.0,not_applicable,stress,clean,190023,recurrent-101,"[""recurrent-101""]",75,aa4b3cee902019b16faa0c35609e9e3aa006dbc0e2621dfb08ceab6de62fa6fb,stress--recurrent-101--clean--190023.npz,b0d6a441d4523f2836636785548ee19ae4a52298f6163371d881fcfe1be1d931
completed,,75,0.2594415839994326,1.5,452427776,"[{""baseline_escape_drive"":null,""collision_substeps"":0,""escape_drive_integral"":0.40801649391651157,""final_simulated_energy"":0.3403895317110419,""food"":0.0,""inference_mean_ms"":0.2325145193996529,""inference_wall_seconds"":0.017438588954973966,""motor_energy_demand"":0.009610468288958073,""reaction_seconds"":null,""recovery_seconds"":null,""simulation_seconds"":1.5}]",0.0,0,0.009610468288958073,0.7,0.0,not_applicable,stress,clean,190024,recurrent-101,"[""recurrent-101""]",75,aa4b3cee902019b16faa0c35609e9e3aa006dbc0e2621dfb08ceab6de62fa6fb,stress--recurrent-101--clean--190024.npz,59782a879aaa2f95211d7c4ea0ace7ba161867e97c00aa4bf6cf13e768090bbf
completed,,75,0.24854804200003855,1.5,452427776,"[{""baseline_escape_drive"":null,""collision_substeps"":0,""escape_drive_integral"":0.3975124478340149,""final_simulated_energy"":0.34054477704718733,""food"":0.0,""inference_mean_ms"":0.20534170558676124,""inference_wall_seconds"":0.015400627919007093,""motor_energy_demand"":0.00945522295281291,""reaction_seconds"":null,""recovery_seconds"":null,""simulation_seconds"":1.5}]",0.0,0,0.00945522295281291,0.7,0.0,not_applicable,stress,clean,190025,recurrent-101,"[""recurrent-101""]",75,aa4b3cee902019b16faa0c35609e9e3aa006dbc0e2621dfb08ceab6de62fa6fb,stress--recurrent-101--clean--190025.npz,4a8512cd16bf8e15d5d34d63d7f451e759be825baf34efa1757445d1f6188e0e
completed,,75,0.25412066699936986,1.5,452444160,"[{""baseline_escape_drive"":null,""collision_substeps"":0,""escape_drive_integral"":0.40068649858236316,""final_simulated_energy"":0.3404973367431765,""food"":0.0,""inference_mean_ms"":0.2234099619090557,""inference_wall_seconds"":0.016755747143179178,""motor_energy_demand"":0.009502663256824017,""reaction_seconds"":null,""recovery_seconds"":null,""simulation_seconds"":1.5}]",0.0,0,0.009502663256824017,0.7,0.0,not_applicable,stress,clean,190026,recurrent-101,"[""recurrent-101""]",75,aa4b3cee902019b16faa0c35609e9e3aa006dbc0e2621dfb08ceab6de62fa6fb,stress--recurrent-101--clean--190026.npz,12aa601ef0ef4b0ea375d1beb5d58cad41e003f57cc011c756b103899782b6aa
completed,,75,0.2739248340076301,1.5,452444160,"[{""baseline_escape_drive"":null,""collision_substeps"":0,""escape_drive_integral"":0.40005986481904987,""final_simulated_energy"":0.34050668796807526,""food"":0.0,""inference_mean_ms"":0.2520749465717623,""inference_wall_seconds"":0.018905620992882177,""motor_energy_demand"":0.009493312031924724,""reaction_seconds"":null,""recovery_seconds"":null,""simulation_seconds"":1.5}]",0.0,0,0.009493312031924724,0.7,0.0,not_applicable,stress,clean,190027,recurrent-101,"[""recurrent-101""]",75,aa4b3cee902019b16faa0c35609e9e3aa006dbc0e2621dfb08ceab6de62fa6fb,stress--recurrent-101--clean--190027.npz,2081b7abb2a3eb885ec7451fec66b9e81e85e2c23b66327cedc6b98cd680bfc3
completed,,75,0.2679521669924725,1.5,452493312,"[{""baseline_escape_drive"":null,""collision_substeps"":0,""escape_drive_integral"":0.39785378843545915,""final_simulated_energy"":0.3405397099478541,""food"":0.0,""inference_mean_ms"":0.23593229280474287,""inference_wall_seconds"":0.017694921960355714,""motor_energy_demand"":0.009460290052145716,""reaction_seconds"":null,""recovery_seconds"":null,""simulation_seconds"":1.5}]",0.0,0,0.009460290052145716,0.7,0.0,not_applicable,stress,clean,190028,recurrent-101,"[""recurrent-101""]",75,aa4b3cee902019b16faa0c35609e9e3aa006dbc0e2621dfb08ceab6de62fa6fb,stress--recurrent-101--clean--190028.npz,b5146c35e3fef253e93ca6ce402738ee794c8650a52c915be0952726fe780e2c
completed,,75,0.25016483300714754,1.5,452493312,"[{""baseline_escape_drive"":null,""collision_substeps"":0,""escape_drive_integral"":0.39866023600101474,""final_simulated_energy"":0.34052720584884233,""food"":0.0,""inference_mean_ms"":0.21629722711319727,""inference_wall_seconds"":0.016222292033489794,""motor_energy_demand"":0.009472794151157139,""reaction_seconds"":null,""recovery_seconds"":null,""simulation_seconds"":1.5}]",0.0,0,0.009472794151157139,0.7,0.0,not_applicable,stress,clean,190029,recurrent-101,"[""recurrent-101""]",75,aa4b3cee902019b16faa0c35609e9e3aa006dbc0e2621dfb08ceab6de62fa6fb,stress--recurrent-101--clean--190029.npz,9aa127c316ed9e2b824e5d586a1ec26d667987881c3e1ef2a6ecdd7367313499
completed,,75,0.2534129999985453,1.5,452493312,"[{""baseline_escape_drive"":null,""collision_substeps"":0,""escape_drive_integral"":0.4065080145001412,""final_simulated_energy"":0.34041213554874084,""food"":0.0,""inference_mean_ms"":0.2171383600216359,""inference_wall_seconds"":0.016285377001622692,""motor_energy_demand"":0.009587864451259375,""reaction_seconds"":null,""recovery_seconds"":null,""simulation_seconds"":1.5}]",0.0,0,0.009587864451259375,0.7,0.0,not_applicable,stress,clean,190030,recurrent-101,"[""recurrent-101""]",75,aa4b3cee902019b16faa0c35609e9e3aa006dbc0e2621dfb08ceab6de62fa6fb,stress--recurrent-101--clean--190030.npz,f02dee07d312dec81c93eb048a9be4240ab66a632780d0840b43e4d357fc7afa
completed,,75,0.27629879099549726,1.5,452493312,"[{""baseline_escape_drive"":null,""collision_substeps"":0,""escape_drive_integral"":0.409415500164032,""final_simulated_energy"":0.3403705469411612,""food"":0.0,""inference_mean_ms"":0.2522950797962646,""inference_wall_seconds"":0.018922130984719843,""motor_energy_demand"":0.009629453058838843,""reaction_seconds"":null,""recovery_seconds"":null,""simulation_seconds"":1.5}]",0.0,0,0.009629453058838843,0.7,0.0,not_applicable,stress,visual_noise,190001,recurrent-101,"[""recurrent-101""]",75,aa4b3cee902019b16faa0c35609e9e3aa006dbc0e2621dfb08ceab6de62fa6fb,stress--recurrent-101--visual_noise--190001.npz,5b238194b571694587e7a6bb1ddd14c86d7a2764b77b2c563f7dc71fbfc6a0ec
completed,,75,0.264046917000087,1.5,452493312,"[{""baseline_escape_drive"":null,""collision_substeps"":0,""escape_drive_integral"":0.4073298513889313,""final_simulated_energy"":0.34040548918440905,""food"":0.0,""inference_mean_ms"":0.22715550653326014,""inference_wall_seconds"":0.01703666298999451,""motor_energy_demand"":0.00959451081559062,""reaction_seconds"":null,""recovery_seconds"":null,""simulation_seconds"":1.5}]",0.0,0,0.00959451081559062,0.7,0.0,not_applicable,stress,visual_noise,190002,recurrent-101,"[""recurrent-101""]",75,aa4b3cee902019b16faa0c35609e9e3aa006dbc0e2621dfb08ceab6de62fa6fb,stress--recurrent-101--visual_noise--190002.npz,dd854a2b29af6298fed82dcf211b4bead1eca52e025355c93899f0de8a8e0203
completed,,75,0.2577477080048993,1.5,452526080,"[{""baseline_escape_drive"":null,""collision_substeps"":0,""escape_drive_integral"":0.4115365019440651,""final_simulated_energy"":0.34034109018161895,""food"":0.0,""inference_mean_ms"":0.2181839062056194,""inference_wall_seconds"":0.016363792965421453,""motor_energy_demand"":0.00965890981838107,""reaction_seconds"":null,""recovery_seconds"":null,""simulation_seconds"":1.5}]",0.0,0,0.00965890981838107,0.7,0.0,not_applicable,stress,visual_noise,190003,recurrent-101,"[""recurrent-101""]",75,aa4b3cee902019b16faa0c35609e9e3aa006dbc0e2621dfb08ceab6de62fa6fb,stress--recurrent-101--visual_noise--190003.npz,d0bb461a7e87c9cbce137617a2ee1ece2257289796c6640ec94ab87a1957da61
completed,,75,0.26205983298132196,1.5,452526080,"[{""baseline_escape_drive"":null,""collision_substeps"":0,""escape_drive_integral"":0.40662075728178027,""final_simulated_energy"":0.3404154652354119,""food"":0.0,""inference_mean_ms"":0.2357572018324087,""inference_wall_seconds"":0.017681790137430653,""motor_energy_demand"":0.00958453476458788,""reaction_seconds"":null,""recovery_seconds"":null,""simulation_seconds"":1.5}]",0.0,0,0.00958453476458788,0.7,0.0,not_applicable,stress,visual_noise,190004,recurrent-101,"[""recurrent-101""]",75,aa4b3cee902019b16faa0c35609e9e3aa006dbc0e2621dfb08ceab6de62fa6fb,stress--recurrent-101--visual_noise--190004.npz,25f8f042361e0118f3e2dc572f7074228f8e5337b0da6564825c31eab0f68087
completed,,75,0.2658283750060946,1.5,452526080,"[{""baseline_escape_drive"":null,""collision_substeps"":0,""escape_drive_integral"":0.40431419551372527,""final_simulated_energy"":0.3404508577138188,""food"":0.0,""inference_mean_ms"":0.2402550121769309,""inference_wall_seconds"":0.018019125913269818,""motor_energy_demand"":0.009549142286181448,""reaction_seconds"":null,""recovery_seconds"":null,""simulation_seconds"":1.5}]",0.0,0,0.009549142286181448,0.7,0.0,not_applicable,stress,visual_noise,190005,recurrent-101,"[""recurrent-101""]",75,aa4b3cee902019b16faa0c35609e9e3aa006dbc0e2621dfb08ceab6de62fa6fb,stress--recurrent-101--visual_noise--190005.npz,482d9c36a930391bc492a5d42cb595a9a1b91688c2123946b5b3c71ddfb03716
completed,,75,0.2545158329885453,1.5,452526080,"[{""baseline_escape_drive"":null,""collision_substeps"":0,""escape_drive_integral"":0.4065597489476204,""final_simulated_energy"":0.3404088249066475,""food"":0.0,""inference_mean_ms"":0.21788616043825945,""inference_wall_seconds"":0.016341462032869458,""motor_energy_demand"":0.009591175093352795,""reaction_seconds"":null,""recovery_seconds"":null,""simulation_seconds"":1.5}]",0.0,0,0.009591175093352795,0.7,0.0,not_applicable,stress,visual_noise,190006,recurrent-101,"[""recurrent-101""]",75,aa4b3cee902019b16faa0c35609e9e3aa006dbc0e2621dfb08ceab6de62fa6fb,stress--recurrent-101--visual_noise--190006.npz,016402d8a5080cd14ed55ba849b9b640a33e822217f5a06f75e2a8dfecbefc5d
completed,,75,0.25252037501195446,1.5,452542464,"[{""baseline_escape_drive"":null,""collision_substeps"":0,""escape_drive_integral"":0.4023266676068306,""final_simulated_energy"":0.3404822213688492,""food"":0.0,""inference_mean_ms"":0.21594389302966496,""inference_wall_seconds"":0.01619579197722487,""motor_energy_demand"":0.009517778631150725,""reaction_seconds"":null,""recovery_seconds"":null,""simulation_seconds"":1.5}]",0.0,0,0.009517778631150725,0.7,0.0,not_applicable,stress,visual_noise,190007,recurrent-101,"[""recurrent-101""]",75,aa4b3cee902019b16faa0c35609e9e3aa006dbc0e2621dfb08ceab6de62fa6fb,stress--recurrent-101--visual_noise--190007.npz,12e999de4a59302b8f801aaac39c0029b33d68b43ee224f1be325d09ffcd5b25
completed,,75,0.27294916700338945,1.5,452542464,"[{""baseline_escape_drive"":null,""collision_substeps"":0,""escape_drive_integral"":0.4054280936717987,""final_simulated_energy"":0.3404274044136708,""food"":0.0,""inference_mean_ms"":0.25200609389382106,""inference_wall_seconds"":0.018900457042036578,""motor_energy_demand"":0.009572595586329698,""reaction_seconds"":null,""recovery_seconds"":null,""simulation_seconds"":1.5}]",0.0,0,0.009572595586329698,0.7,0.0,not_applicable,stress,visual_noise,190008,recurrent-101,"[""recurrent-101""]",75,aa4b3cee902019b16faa0c35609e9e3aa006dbc0e2621dfb08ceab6de62fa6fb,stress--recurrent-101--visual_noise--190008.npz,458088dae75b0d9b65d37200e7271bf1a482cadb6148a8ac988d07c1c410b5b1
completed,,75,0.2589198329951614,1.5,452575232,"[{""baseline_escape_drive"":null,""collision_substeps"":0,""escape_drive_integral"":0.4019661343097687,""final_simulated_energy"":0.3404823913030324,""food"":0.0,""inference_mean_ms"":0.22693890534962216,""inference_wall_seconds"":0.017020417901221663,""motor_energy_demand"":0.009517608696967364,""reaction_seconds"":null,""recovery_seconds"":null,""simulation_seconds"":1.5}]",0.0,0,0.009517608696967364,0.7,0.0,not_applicable,stress,visual_noise,190009,recurrent-101,"[""recurrent-101""]",75,aa4b3cee902019b16faa0c35609e9e3aa006dbc0e2621dfb08ceab6de62fa6fb,stress--recurrent-101--visual_noise--190009.npz,7a29249b5c1807cf428e0537db89ef0bee726f1ce6d8c15c0c770ad91fda8a42
completed,,75,0.2549823749868665,1.5,452575232,"[{""baseline_escape_drive"":null,""collision_substeps"":0,""escape_drive_integral"":0.412403766810894,""final_simulated_energy"":0.340322177017778,""food"":0.0,""inference_mean_ms"":0.22931169252842665,""inference_wall_seconds"":0.017198376939632,""motor_energy_demand"":0.009677822982221843,""reaction_seconds"":null,""recovery_seconds"":null,""simulation_seconds"":1.5}]",0.0,0,0.009677822982221843,0.7,0.0,not_applicable,stress,visual_noise,190010,recurrent-101,"[""recurrent-101""]",75,aa4b3cee902019b16faa0c35609e9e3aa006dbc0e2621dfb08ceab6de62fa6fb,stress--recurrent-101--visual_noise--190010.npz,bd58ad95befcc0ab637875151cbe67b5020d7e6010350990f0ef667b46d4994b
completed,,75,0.2530443340074271,1.5,452575232,"[{""baseline_escape_drive"":null,""collision_substeps"":0,""escape_drive_integral"":0.4000697657465935,""final_simulated_energy"":0.3405041994614899,""food"":0.0,""inference_mean_ms"":0.22218728011163572,""inference_wall_seconds"":0.01666404600837268,""motor_energy_demand"":0.009495800538510084,""reaction_seconds"":null,""recovery_seconds"":null,""simulation_seconds"":1.5}]",0.0,0,0.009495800538510084,0.7,0.0,not_applicable,stress,visual_noise,190011,recurrent-101,"[""recurrent-101""]",75,aa4b3cee902019b16faa0c35609e9e3aa006dbc0e2621dfb08ceab6de62fa6fb,stress--recurrent-101--visual_noise--190011.npz,0bd114e2374aa9cb750becb676514183473c53afcb4ee3a78d5b9065628a5032
completed,,75,0.26819545798934996,1.5,452575232,"[{""baseline_escape_drive"":null,""collision_substeps"":0,""escape_drive_integral"":0.41387166261672975,""final_simulated_energy"":0.3403008973121644,""food"":0.0,""inference_mean_ms"":0.23476558776261905,""inference_wall_seconds"":0.01760741908219643,""motor_energy_demand"":0.009699102687835694,""reaction_seconds"":null,""recovery_seconds"":null,""simulation_seconds"":1.5}]",0.0,0,0.009699102687835694,0.7,0.0,not_applicable,stress,visual_noise,190012,recurrent-101,"[""recurrent-101""]",75,aa4b3cee902019b16faa0c35609e9e3aa006dbc0e2621dfb08ceab6de62fa6fb,stress--recurrent-101--visual_noise--190012.npz,6a658b681f88918b6244a44d1c1e939fd9ea8d354a22794942f18b85d0eda202
completed,,75,0.2577305839804467,1.5,452608000,"[{""baseline_escape_drive"":null,""collision_substeps"":0,""escape_drive_integral"":0.21331677259877324,""final_simulated_energy"":0.38949050405880414,""food"":0.09152122108265755,""inference_mean_ms"":0.22478275699540973,""inference_wall_seconds"":0.01685870677465573,""motor_energy_demand"":0.006270106482524424,""reaction_seconds"":null,""recovery_seconds"":null,""simulation_seconds"":1.5}]",0.09152122108265755,0,0.006270106482524424,0.6084787789173431,0.0,not_applicable,stress,visual_noise,190013,recurrent-101,"[""recurrent-101""]",75,aa4b3cee902019b16faa0c35609e9e3aa006dbc0e2621dfb08ceab6de62fa6fb,stress--recurrent-101--visual_noise--190013.npz,d32cc69ad78f75f6ea19db7b1a4802c15dc07a69204b0fc1a17e316e06e141a5
completed,,75,0.25175812499946915,1.5,452608000,"[{""baseline_escape_drive"":null,""collision_substeps"":0,""escape_drive_integral"":0.4059433740377426,""final_simulated_energy"":0.34042787837207344,""food"":0.0,""inference_mean_ms"":0.21259895952728888,""inference_wall_seconds"":0.015944921964546666,""motor_energy_demand"":0.009572121627926826,""reaction_seconds"":null,""recovery_seconds"":null,""simulation_seconds"":1.5}]",0.0,0,0.009572121627926826,0.7,0.0,not_applicable,stress,visual_noise,190014,recurrent-101,"[""recurrent-101""]",75,aa4b3cee902019b16faa0c35609e9e3aa006dbc0e2621dfb08ceab6de62fa6fb,stress--recurrent-101--visual_noise--190014.npz,60c1f1da4364db0f5c5ee56807c226191f8191f33e52807acaa041d571ac97c9
completed,,75,0.245712125004502,1.5,452624384,"[{""baseline_escape_drive"":null,""collision_substeps"":0,""escape_drive_integral"":0.4015776041150093,""final_simulated_energy"":0.3404872688381372,""food"":0.0,""inference_mean_ms"":0.22118836059235036,""inference_wall_seconds"":0.016589127044426277,""motor_energy_demand"":0.009512731161862614,""reaction_seconds"":null,""recovery_seconds"":null,""simulation_seconds"":1.5}]",0.0,0,0.009512731161862614,0.7,0.0,not_applicable,stress,visual_noise,190015,recurrent-101,"[""recurrent-101""]",75,aa4b3cee902019b16faa0c35609e9e3aa006dbc0e2621dfb08ceab6de62fa6fb,stress--recurrent-101--visual_noise--190015.npz,58d320858fd862530d362fc351f8c3c8c61c80aa41f5ace333da9d82e372fa56
completed,,75,0.27378712498466484,1.5,452624384,"[{""baseline_escape_drive"":null,""collision_substeps"":0,""escape_drive_integral"":0.41338749676942826,""final_simulated_energy"":0.3403048891744017,""food"":0.0,""inference_mean_ms"":0.2514577986827741,""inference_wall_seconds"":0.018859334901208058,""motor_energy_demand"":0.00969511082559824,""reaction_seconds"":null,""recovery_seconds"":null,""simulation_seconds"":1.5}]",0.0,0,0.00969511082559824,0.7,0.0,not_applicable,stress,visual_noise,190016,recurrent-101,"[""recurrent-101""]",75,aa4b3cee902019b16faa0c35609e9e3aa006dbc0e2621dfb08ceab6de62fa6fb,stress--recurrent-101--visual_noise--190016.npz,366230129783a21b1aa728415c2c09d2b4e15012a7704622d2eeec149ac94a15
completed,,75,0.27426404200377874,1.5,452624384,"[{""baseline_escape_drive"":null,""collision_substeps"":0,""escape_drive_integral"":0.40508502364158633,""final_simulated_energy"":0.3404387309169771,""food"":0.0,""inference_mean_ms"":0.23476666926095882,""inference_wall_seconds"":0.017607500194571912,""motor_energy_demand"":0.00956126908302307,""reaction_seconds"":null,""recovery_seconds"":null,""simulation_seconds"":1.5}]",0.0,0,0.00956126908302307,0.7,0.0,not_applicable,stress,visual_noise,190017,recurrent-101,"[""recurrent-101""]",75,aa4b3cee902019b16faa0c35609e9e3aa006dbc0e2621dfb08ceab6de62fa6fb,stress--recurrent-101--visual_noise--190017.npz,4c13a7f79cf8b0acab6b47744154a8953ddc8cd3d6096987acf08630932e51d1
completed,,75,0.259300958015956,1.5,452624384,"[{""baseline_escape_drive"":null,""collision_substeps"":0,""escape_drive_integral"":0.4080327895283699,""final_simulated_energy"":0.3403985436427597,""food"":0.0,""inference_mean_ms"":0.22056225454434752,""inference_wall_seconds"":0.016542169090826064,""motor_energy_demand"":0.009601456357240674,""reaction_seconds"":null,""recovery_seconds"":null,""simulation_seconds"":1.5}]",0.0,0,0.009601456357240674,0.7,0.0,not_applicable,stress,visual_noise,190018,recurrent-101,"[""recurrent-101""]",75,aa4b3cee902019b16faa0c35609e9e3aa006dbc0e2621dfb08ceab6de62fa6fb,stress--recurrent-101--visual_noise--190018.npz,e3d89b6df4fa52460a1c99cc47036d62a1ca04c2d3c187cb8ca0320a1038792f
completed,,75,0.2580679589882493,1.5,452640768,"[{""baseline_escape_drive"":null,""collision_substeps"":0,""escape_drive_integral"":0.40142029494047166,""final_simulated_energy"":0.3405020898473262,""food"":0.0,""inference_mean_ms"":0.21950506566402814,""inference_wall_seconds"":0.01646287992480211,""motor_energy_demand"":0.009497910152673721,""reaction_seconds"":null,""recovery_seconds"":null,""simulation_seconds"":1.5}]",0.0,0,0.009497910152673721,0.7,0.0,not_applicable,stress,visual_noise,190019,recurrent-101,"[""recurrent-101""]",75,aa4b3cee902019b16faa0c35609e9e3aa006dbc0e2621dfb08ceab6de62fa6fb,stress--recurrent-101--visual_noise--190019.npz,209c337e79863a5a7d95a41275ceec17458db1c429842d845c4f959726c1eda8
completed,,75,0.2764894579886459,1.5,452640768,"[{""baseline_escape_drive"":null,""collision_substeps"":0,""escape_drive_integral"":0.4046320202946663,""final_simulated_energy"":0.3404411723782117,""food"":0.0,""inference_mean_ms"":0.2475666138343513,""inference_wall_seconds"":0.018567496037576348,""motor_energy_demand"":0.009558827621787787,""reaction_seconds"":null,""recovery_seconds"":null,""simulation_seconds"":1.5}]",0.0,0,0.009558827621787787,0.7,0.0,not_applicable,stress,visual_noise,190020,recurrent-101,"[""recurrent-101""]",75,aa4b3cee902019b16faa0c35609e9e3aa006dbc0e2621dfb08ceab6de62fa6fb,stress--recurrent-101--visual_noise--190020.npz,a7d5c605c49190be0b4fc967bc77eeb1a5dbfb7348c853e00bd6a3ad930810a2
completed,,75,0.26209533301880583,1.5,452640768,"[{""baseline_escape_drive"":null,""collision_substeps"":0,""escape_drive_integral"":0.40885003954172133,""final_simulated_energy"":0.3403843019516768,""food"":0.0,""inference_mean_ms"":0.22913452160234252,""inference_wall_seconds"":0.01718508912017569,""motor_energy_demand"":0.009615698048323393,""reaction_seconds"":null,""recovery_seconds"":null,""simulation_seconds"":1.5}]",0.0,0,0.009615698048323393,0.7,0.0,not_applicable,stress,visual_noise,190021,recurrent-101,"[""recurrent-101""]",75,aa4b3cee902019b16faa0c35609e9e3aa006dbc0e2621dfb08ceab6de62fa6fb,stress--recurrent-101--visual_noise--190021.npz,f3e237b3a98a3f61c9ec64a541065caf4ab5fa18cf775eb2f476f2ebd48a3b80
completed,,75,0.27041249998728745,1.5,452657152,"[{""baseline_escape_drive"":null,""collision_substeps"":0,""escape_drive_integral"":0.4083309063315392,""final_simulated_energy"":0.3403810845588149,""food"":0.0,""inference_mean_ms"":0.2451022547514488,""inference_wall_seconds"":0.018382669106358662,""motor_energy_demand"":0.009618915441185236,""reaction_seconds"":null,""recovery_seconds"":null,""simulation_seconds"":1.5}]",0.0,0,0.009618915441185236,0.7,0.0,not_applicable,stress,visual_noise,190022,recurrent-101,"[""recurrent-101""]",75,aa4b3cee902019b16faa0c35609e9e3aa006dbc0e2621dfb08ceab6de62fa6fb,stress--recurrent-101--visual_noise--190022.npz,19c18d80b9b4e01d114a2ec92459e148c308c287b3f15cd2024b3e3cefb98366
completed,,75,0.2685921250085812,1.5,452673536,"[{""baseline_escape_drive"":null,""collision_substeps"":0,""escape_drive_integral"":0.40450085401535035,""final_simulated_energy"":0.34043769392922474,""food"":0.0,""inference_mean_ms"":0.2449389589795222,""inference_wall_seconds"":0.018370421923464164,""motor_energy_demand"":0.009562306070774794,""reaction_seconds"":null,""recovery_seconds"":null,""simulation_seconds"":1.5}]",0.0,0,0.009562306070774794,0.7,0.0,not_applicable,stress,visual_noise,190023,recurrent-101,"[""recurrent-101""]",75,aa4b3cee902019b16faa0c35609e9e3aa006dbc0e2621dfb08ceab6de62fa6fb,stress--recurrent-101--visual_noise--190023.npz,60c98c5f7a1b06b13f8441002cb54635c5c5296b572f34debbaac21ec898473f
completed,,75,0.27565416699508205,1.5,452673536,"[{""baseline_escape_drive"":null,""collision_substeps"":0,""escape_drive_integral"":0.408194001019001,""final_simulated_energy"":0.34039674598365965,""food"":0.0,""inference_mean_ms"":0.2512883336748928,""inference_wall_seconds"":0.01884662502561696,""motor_energy_demand"":0.009603254016339779,""reaction_seconds"":null,""recovery_seconds"":null,""simulation_seconds"":1.5}]",0.0,0,0.009603254016339779,0.7,0.0,not_applicable,stress,visual_noise,190024,recurrent-101,"[""recurrent-101""]",75,aa4b3cee902019b16faa0c35609e9e3aa006dbc0e2621dfb08ceab6de62fa6fb,stress--recurrent-101--visual_noise--190024.npz,5eaed0ce97a5b9d4a7798322a5b2f2acb157ffe533265ec8cd6c7f8d9e5b1862
completed,,75,0.2688235419918783,1.5,452673536,"[{""baseline_escape_drive"":null,""collision_substeps"":0,""escape_drive_integral"":0.39685460716485976,""final_simulated_energy"":0.3405603809325397,""food"":0.0,""inference_mean_ms"":0.23117165314033628,""inference_wall_seconds"":0.01733787398552522,""motor_energy_demand"":0.009439619067460298,""reaction_seconds"":null,""recovery_seconds"":null,""simulation_seconds"":1.5}]",0.0,0,0.009439619067460298,0.7,0.0,not_applicable,stress,visual_noise,190025,recurrent-101,"[""recurrent-101""]",75,aa4b3cee902019b16faa0c35609e9e3aa006dbc0e2621dfb08ceab6de62fa6fb,stress--recurrent-101--visual_noise--190025.npz,f266abf88fe9473b6fca6fdda855be2e956ce13ff47dee7094470e0ce092ab4f
completed,,75,0.2523884999973234,1.5,452689920,"[{""baseline_escape_drive"":null,""collision_substeps"":0,""escape_drive_integral"":0.4016932487487793,""final_simulated_energy"":0.34048217623189125,""food"":0.0,""inference_mean_ms"":0.21488216239959002,""inference_wall_seconds"":0.01611616217996925,""motor_energy_demand"":0.009517823768109085,""reaction_seconds"":null,""recovery_seconds"":null,""simulation_seconds"":1.5}]",0.0,0,0.009517823768109085,0.7,0.0,not_applicable,stress,visual_noise,190026,recurrent-101,"[""recurrent-101""]",75,aa4b3cee902019b16faa0c35609e9e3aa006dbc0e2621dfb08ceab6de62fa6fb,stress--recurrent-101--visual_noise--190026.npz,4da184c092ae6a1372e5683624dea1c65767eaa58ffdc0e1b1de4f4106a37d78
completed,,75,0.2531380000000354,1.5,452689920,"[{""baseline_escape_drive"":null,""collision_substeps"":0,""escape_drive_integral"":0.4015056562423706,""final_simulated_energy"":0.34048323663949975,""food"":0.0,""inference_mean_ms"":0.22035891849858066,""inference_wall_seconds"":0.01652691888739355,""motor_energy_demand"":0.009516763360500334,""reaction_seconds"":null,""recovery_seconds"":null,""simulation_seconds"":1.5}]",0.0,0,0.009516763360500334,0.7,0.0,not_applicable,stress,visual_noise,190027,recurrent-101,"[""recurrent-101""]",75,aa4b3cee902019b16faa0c35609e9e3aa006dbc0e2621dfb08ceab6de62fa6fb,stress--recurrent-101--visual_noise--190027.npz,5b27ede8f9f042370d09b0e1352e5e8e0cd1c66e44bd46024ccfb7d5125e3637
completed,,75,0.2753272909903899,1.5,452706304,"[{""baseline_escape_drive"":null,""collision_substeps"":0,""escape_drive_integral"":0.40102396219968794,""final_simulated_energy"":0.340490729163587,""food"":0.0,""inference_mean_ms"":0.24796726647764444,""inference_wall_seconds"":0.018597544985823333,""motor_energy_demand"":0.009509270836412908,""reaction_seconds"":null,""recovery_seconds"":null,""simulation_seconds"":1.5}]",0.0,0,0.009509270836412908,0.7,0.0,not_applicable,stress,visual_noise,190028,recurrent-101,"[""recurrent-101""]",75,aa4b3cee902019b16faa0c35609e9e3aa006dbc0e2621dfb08ceab6de62fa6fb,stress--recurrent-101--visual_noise--190028.npz,f7116643ea23cf2f2b14dcc6a3dfb8ad09e80312335cb231ecdeed5fc6189e49
completed,,75,0.253176958009135,1.5,452722688,"[{""baseline_escape_drive"":null,""collision_substeps"":0,""escape_drive_integral"":0.3985472050309181,""final_simulated_energy"":0.34053710866153175,""food"":0.0,""inference_mean_ms"":0.21598833302656809,""inference_wall_seconds"":0.016199124976992607,""motor_energy_demand"":0.009462891338467599,""reaction_seconds"":null,""recovery_seconds"":null,""simulation_seconds"":1.5}]",0.0,0,0.009462891338467599,0.7,0.0,not_applicable,stress,visual_noise,190029,recurrent-101,"[""recurrent-101""]",75,aa4b3cee902019b16faa0c35609e9e3aa006dbc0e2621dfb08ceab6de62fa6fb,stress--recurrent-101--visual_noise--190029.npz,84a3205bfb112d34555cf70f8ef7918b460231e58d9c00f611fbc307d7b00b6f
completed,,75,0.2534841670130845,1.5,452722688,"[{""baseline_escape_drive"":null,""collision_substeps"":0,""escape_drive_integral"":0.40849254339933394,""final_simulated_energy"":0.3403912367643418,""food"":0.0,""inference_mean_ms"":0.21552824066020548,""inference_wall_seconds"":0.01616461804951541,""motor_energy_demand"":0.009608763235658409,""reaction_seconds"":null,""recovery_seconds"":null,""simulation_seconds"":1.5}]",0.0,0,0.009608763235658409,0.7,0.0,not_applicable,stress,visual_noise,190030,recurrent-101,"[""recurrent-101""]",75,aa4b3cee902019b16faa0c35609e9e3aa006dbc0e2621dfb08ceab6de62fa6fb,stress--recurrent-101--visual_noise--190030.npz,7ae8e2a42837e5cd1b887353f0759e6551072c0bc74bac49c610ecffeb66f6b0
completed,,75,0.2653538330050651,1.5,452837376,"[{""baseline_escape_drive"":null,""collision_substeps"":0,""escape_drive_integral"":0.2161464886367321,""final_simulated_energy"":0.3408676021759216,""food"":0.0,""inference_mean_ms"":0.23707773420028389,""inference_wall_seconds"":0.01778083006502129,""motor_energy_demand"":0.009132397824078799,""reaction_seconds"":null,""recovery_seconds"":null,""simulation_seconds"":1.5}]",0.0,0,0.009132397824078799,0.7,0.0,not_applicable,stress,clean,190001,recurrent-202,"[""recurrent-202""]",75,aa4b3cee902019b16faa0c35609e9e3aa006dbc0e2621dfb08ceab6de62fa6fb,stress--recurrent-202--clean--190001.npz,b6f957c7683cca735b5a8ab9ec94023cf91ef9233fbe4a628278e84c0c4355ca
completed,,75,0.26901866699336097,1.5,452853760,"[{""baseline_escape_drive"":null,""collision_substeps"":0,""escape_drive_integral"":0.21621492370963097,""final_simulated_energy"":0.34086442123517413,""food"":0.0,""inference_mean_ms"":0.23339889516743523,""inference_wall_seconds"":0.01750491713755764,""motor_energy_demand"":0.00913557876482606,""reaction_seconds"":null,""recovery_seconds"":null,""simulation_seconds"":1.5}]",0.0,0,0.00913557876482606,0.7,0.0,not_applicable,stress,clean,190002,recurrent-202,"[""recurrent-202""]",75,aa4b3cee902019b16faa0c35609e9e3aa006dbc0e2621dfb08ceab6de62fa6fb,stress--recurrent-202--clean--190002.npz,d38988292ae8d56bf8926905776f6e29be2ad622584eb9f7352f3326b84495e3
completed,,75,0.2631893749930896,1.5,452853760,"[{""baseline_escape_drive"":null,""collision_substeps"":0,""escape_drive_integral"":0.21648766472935677,""final_simulated_energy"":0.3408513635785878,""food"":0.0,""inference_mean_ms"":0.22568829474039376,""inference_wall_seconds"":0.016926622105529532,""motor_energy_demand"":0.00914863642141223,""reaction_seconds"":null,""recovery_seconds"":null,""simulation_seconds"":1.5}]",0.0,0,0.00914863642141223,0.7,0.0,not_applicable,stress,clean,190003,recurrent-202,"[""recurrent-202""]",75,aa4b3cee902019b16faa0c35609e9e3aa006dbc0e2621dfb08ceab6de62fa6fb,stress--recurrent-202--clean--190003.npz,88695435574f59b93a7a1f33e36529f8a2a3e73b3ff27aef79d5b995209457c3
completed,,75,0.26095225001336075,1.5,452853760,"[{""baseline_escape_drive"":null,""collision_substeps"":0,""escape_drive_integral"":0.21638140425086022,""final_simulated_energy"":0.340856349786371,""food"":0.0,""inference_mean_ms"":0.22892886539921165,""inference_wall_seconds"":0.017169664904940873,""motor_energy_demand"":0.009143650213629008,""reaction_seconds"":null,""recovery_seconds"":null,""simulation_seconds"":1.5}]",0.0,0,0.009143650213629008,0.7,0.0,not_applicable,stress,clean,190004,recurrent-202,"[""recurrent-202""]",75,aa4b3cee902019b16faa0c35609e9e3aa006dbc0e2621dfb08ceab6de62fa6fb,stress--recurrent-202--clean--190004.npz,4e45bbfed6aef08dfee2a748a2c2da47672df891dd27376bdab193f2d063e811
completed,,75,0.27722862499649636,1.5,452853760,"[{""baseline_escape_drive"":null,""collision_substeps"":0,""escape_drive_integral"":0.21614599600434303,""final_simulated_energy"":0.3408675813676416,""food"":0.0,""inference_mean_ms"":0.25621898743944865,""inference_wall_seconds"":0.019216424057958648,""motor_energy_demand"":0.009132418632358313,""reaction_seconds"":null,""recovery_seconds"":null,""simulation_seconds"":1.5}]",0.0,0,0.009132418632358313,0.7,0.0,not_applicable,stress,clean,190005,recurrent-202,"[""recurrent-202""]",75,aa4b3cee902019b16faa0c35609e9e3aa006dbc0e2621dfb08ceab6de62fa6fb,stress--recurrent-202--clean--190005.npz,17515b5aacc7982b64e487e78693e5195bea273c0fbfff5eac2a3935bdcd2e48
completed,,75,0.26577495801029727,1.5,452870144,"[{""baseline_escape_drive"":null,""collision_substeps"":0,""escape_drive_integral"":0.2160717186331749,""final_simulated_energy"":0.34087108378976594,""food"":0.0,""inference_mean_ms"":0.23135950750050444,""inference_wall_seconds"":0.017351963062537834,""motor_energy_demand"":0.009128916210234166,""reaction_seconds"":null,""recovery_seconds"":null,""simulation_seconds"":1.5}]",0.0,0,0.009128916210234166,0.7,0.0,not_applicable,stress,clean,190006,recurrent-202,"[""recurrent-202""]",75,aa4b3cee902019b16faa0c35609e9e3aa006dbc0e2621dfb08ceab6de62fa6fb,stress--recurrent-202--clean--190006.npz,ad0819407bffa45c90f0afdbfde71ba200565dcfbd16c3d545e290092c4e50db
completed,,75,0.255331957974704,1.5,452886528,"[{""baseline_escape_drive"":null,""collision_substeps"":0,""escape_drive_integral"":0.21621472477912904,""final_simulated_energy"":0.3408644018661976,""food"":0.0,""inference_mean_ms"":0.2236744276403139,""inference_wall_seconds"":0.016775582073023543,""motor_energy_demand"":0.009135598133802414,""reaction_seconds"":null,""recovery_seconds"":null,""simulation_seconds"":1.5}]",0.0,0,0.009135598133802414,0.7,0.0,not_applicable,stress,clean,190007,recurrent-202,"[""recurrent-202""]",75,aa4b3cee902019b16faa0c35609e9e3aa006dbc0e2621dfb08ceab6de62fa6fb,stress--recurrent-202--clean--190007.npz,f10c048e65476be74d8ac3bd2d89224aabc0b68401d53199dd26ec55dfa88170
completed,,75,0.26889845900586806,1.5,452886528,"[{""baseline_escape_drive"":null,""collision_substeps"":0,""escape_drive_integral"":0.21621556162834168,""final_simulated_energy"":0.3408643402016164,""food"":0.0,""inference_mean_ms"":0.24280936069165665,""inference_wall_seconds"":0.01821070205187425,""motor_energy_demand"":0.009135659798383712,""reaction_seconds"":null,""recovery_seconds"":null,""simulation_seconds"":1.5}]",0.0,0,0.009135659798383712,0.7,0.0,not_applicable,stress,clean,190008,recurrent-202,"[""recurrent-202""]",75,aa4b3cee902019b16faa0c35609e9e3aa006dbc0e2621dfb08ceab6de62fa6fb,stress--recurrent-202--clean--190008.npz,a649ea8fc939bbb63a87c5f9cd08d7e19e5079f20e3437c7a1eafc85d6d164b0
completed,,75,0.27609512498020194,1.5,452886528,"[{""baseline_escape_drive"":null,""collision_substeps"":0,""escape_drive_integral"":0.1830095387995243,""final_simulated_energy"":0.40573870605662565,""food"":0.12737870886921884,""inference_mean_ms"":0.2481283868352572,""inference_wall_seconds"":0.01860962901264429,""motor_energy_demand"":0.007950648377984763,""reaction_seconds"":null,""recovery_seconds"":null,""simulation_seconds"":1.5}]",0.12737870886921884,0,0.007950648377984763,0.5726212911307811,0.0,not_applicable,stress,clean,190009,recurrent-202,"[""recurrent-202""]",75,aa4b3cee902019b16faa0c35609e9e3aa006dbc0e2621dfb08ceab6de62fa6fb,stress--recurrent-202--clean--190009.npz,e4ec23ea1cf88161ee36ca08ec57b1b486d0ff7043ce5305f765b847bb8dce4e
completed,,75,0.2569939999957569,1.5,452902912,"[{""baseline_escape_drive"":null,""collision_substeps"":0,""escape_drive_integral"":0.21650617703795433,""final_simulated_energy"":0.34085019581779863,""food"":0.0,""inference_mean_ms"":0.22013615584000945,""inference_wall_seconds"":0.01651021168800071,""motor_energy_demand"":0.009149804182201623,""reaction_seconds"":null,""recovery_seconds"":null,""simulation_seconds"":1.5}]",0.0,0,0.009149804182201623,0.7,0.0,not_applicable,stress,clean,190010,recurrent-202,"[""recurrent-202""]",75,aa4b3cee902019b16faa0c35609e9e3aa006dbc0e2621dfb08ceab6de62fa6fb,stress--recurrent-202--clean--190010.npz,7b2c4cfd55b8ed8a1c363db3b3611a673d58905a23bc2addbdbb959b2964dd6d
completed,,75,0.2853184579871595,1.5,452902912,"[{""baseline_escape_drive"":null,""collision_substeps"":0,""escape_drive_integral"":0.21593879342079164,""final_simulated_energy"":0.34087710072517374,""food"":0.0,""inference_mean_ms"":0.26566938885177177,""inference_wall_seconds"":0.01992520416388288,""motor_energy_demand"":0.00912289927482605,""reaction_seconds"":null,""recovery_seconds"":null,""simulation_seconds"":1.5}]",0.0,0,0.00912289927482605,0.7,0.0,not_applicable,stress,clean,190011,recurrent-202,"[""recurrent-202""]",75,aa4b3cee902019b16faa0c35609e9e3aa006dbc0e2621dfb08ceab6de62fa6fb,stress--recurrent-202--clean--190011.npz,f1590ae3f9b2b6a82a22be41010b295698ef90483ca4fadcf83e7ed5b4184b6a
completed,,75,0.27332124998793006,1.5,452919296,"[{""baseline_escape_drive"":null,""collision_substeps"":0,""escape_drive_integral"":0.2163137549161911,""final_simulated_energy"":0.34085976679265495,""food"":0.0,""inference_mean_ms"":0.24681607998597127,""inference_wall_seconds"":0.018511205998947844,""motor_energy_demand"":0.009140233207345009,""reaction_seconds"":null,""recovery_seconds"":null,""simulation_seconds"":1.5}]",0.0,0,0.009140233207345009,0.7,0.0,not_applicable,stress,clean,190012,recurrent-202,"[""recurrent-202""]",75,aa4b3cee902019b16faa0c35609e9e3aa006dbc0e2621dfb08ceab6de62fa6fb,stress--recurrent-202--clean--190012.npz,04f57716daa8582d1c30768d68850a7f4f684b0c290a7e31279aff059bdf4a3b
completed,,75,0.26529283297713846,1.5,452919296,"[{""baseline_escape_drive"":null,""collision_substeps"":0,""escape_drive_integral"":0.21584254011511803,""final_simulated_energy"":0.34088145336255404,""food"":0.0,""inference_mean_ms"":0.2266805611240367,""inference_wall_seconds"":0.017001042084302753,""motor_energy_demand"":0.00911854663744569,""reaction_seconds"":null,""recovery_seconds"":null,""simulation_seconds"":1.5}]",0.0,0,0.00911854663744569,0.7,0.0,not_applicable,stress,clean,190013,recurrent-202,"[""recurrent-202""]",75,aa4b3cee902019b16faa0c35609e9e3aa006dbc0e2621dfb08ceab6de62fa6fb,stress--recurrent-202--clean--190013.npz,71ad41a2ca6d5dfc0721c5d0fc5703ddc53889878a5d9f90cfd4480ee2c09f9b
completed,,75,0.25520516699180007,1.5,452919296,"[{""baseline_escape_drive"":null,""collision_substeps"":0,""escape_drive_integral"":0.21612809360027313,""final_simulated_energy"":0.34086837109029267,""food"":0.0,""inference_mean_ms"":0.21825998672284186,""inference_wall_seconds"":0.01636949900421314,""motor_energy_demand"":0.00913162890970707,""reaction_seconds"":null,""recovery_seconds"":null,""simulation_seconds"":1.5}]",0.0,0,0.00913162890970707,0.7,0.0,not_applicable,stress,clean,190014,recurrent-202,"[""recurrent-202""]",75,aa4b3cee902019b16faa0c35609e9e3aa006dbc0e2621dfb08ceab6de62fa6fb,stress--recurrent-202--clean--190014.npz,f3c0a1c9e960e6a179f9a6fb0623c8f6e7369f1bae2bdb92d7e4ba2240ebe111
completed,,75,0.2575350839761086,1.5,452935680,"[{""baseline_escape_drive"":null,""collision_substeps"":0,""escape_drive_integral"":0.18743034601211547,""final_simulated_energy"":0.391504490356446,""food"":0.09925104767084124,""inference_mean_ms"":0.22006953251548111,""inference_wall_seconds"":0.016505214938661084,""motor_energy_demand"":0.008121033478975297,""reaction_seconds"":null,""recovery_seconds"":null,""simulation_seconds"":1.5}]",0.09925104767084124,0,0.008121033478975297,0.6007489523291584,0.0,not_applicable,stress,clean,190015,recurrent-202,"[""recurrent-202""]",75,aa4b3cee902019b16faa0c35609e9e3aa006dbc0e2621dfb08ceab6de62fa6fb,stress--recurrent-202--clean--190015.npz,1ffcef22ac2ef56ca49bfca94eb53086871b74b32e467a03b922b54894aa6a77
completed,,75,0.27302349999081343,1.5,452952064,"[{""baseline_escape_drive"":null,""collision_substeps"":0,""escape_drive_integral"":0.21635797902941703,""final_simulated_energy"":0.3408577299110591,""food"":0.0,""inference_mean_ms"":0.24265891988761723,""inference_wall_seconds"":0.018199418991571292,""motor_energy_demand"":0.00914227008894086,""reaction_seconds"":null,""recovery_seconds"":null,""simulation_seconds"":1.5}]",0.0,0,0.00914227008894086,0.7,0.0,not_applicable,stress,clean,190016,recurrent-202,"[""recurrent-202""]",75,aa4b3cee902019b16faa0c35609e9e3aa006dbc0e2621dfb08ceab6de62fa6fb,stress--recurrent-202--clean--190016.npz,7ea90d0549895fd62f83ad38e91cdd0109f659d819c04781dad223211ad332a3
completed,,75,0.26035704198875464,1.5,452952064,"[{""baseline_escape_drive"":null,""collision_substeps"":0,""escape_drive_integral"":0.21611028730869294,""final_simulated_energy"":0.3408691651254895,""food"":0.0,""inference_mean_ms"":0.22468720097094774,""inference_wall_seconds"":0.01685154007282108,""motor_energy_demand"":0.009130834874510767,""reaction_seconds"":null,""recovery_seconds"":null,""simulation_seconds"":1.5}]",0.0,0,0.009130834874510767,0.7,0.0,not_applicable,stress,clean,190017,recurrent-202,"[""recurrent-202""]",75,aa4b3cee902019b16faa0c35609e9e3aa006dbc0e2621dfb08ceab6de62fa6fb,stress--recurrent-202--clean--190017.npz,22a0fae88392722b698105b3b3c0a8dc0c50877d20a6e6a8897b06117ff4b206
completed,,75,0.25510170799680054,1.5,452952064,"[{""baseline_escape_drive"":null,""collision_substeps"":0,""escape_drive_integral"":0.21645014211535454,""final_simulated_energy"":0.340853093845099,""food"":0.0,""inference_mean_ms"":0.22565498754071692,""inference_wall_seconds"":0.01692412406555377,""motor_energy_demand"":0.00914690615490079,""reaction_seconds"":null,""recovery_seconds"":null,""simulation_seconds"":1.5}]",0.0,0,0.00914690615490079,0.7,0.0,not_applicable,stress,clean,190018,recurrent-202,"[""recurrent-202""]",75,aa4b3cee902019b16faa0c35609e9e3aa006dbc0e2621dfb08ceab6de62fa6fb,stress--recurrent-202--clean--190018.npz,50da8e5bf0f67498d76d572c3b8bbde3f164a4a7d983cf8652bbe442cbf31b5b
completed,,75,0.25567883398616686,1.5,452968448,"[{""baseline_escape_drive"":null,""collision_substeps"":0,""escape_drive_integral"":0.21614445775747299,""final_simulated_energy"":0.3408676270148159,""food"":0.0,""inference_mean_ms"":0.22067113352629045,""inference_wall_seconds"":0.016550335014471784,""motor_energy_demand"":0.009132372985184191,""reaction_seconds"":null,""recovery_seconds"":null,""simulation_seconds"":1.5}]",0.0,0,0.009132372985184191,0.7,0.0,not_applicable,stress,clean,190019,recurrent-202,"[""recurrent-202""]",75,aa4b3cee902019b16faa0c35609e9e3aa006dbc0e2621dfb08ceab6de62fa6fb,stress--recurrent-202--clean--190019.npz,5822c6e40b38163e4c5100a78c5f9edd60fa12fabb7f7d307f65a33c6f8a3a22
completed,,75,0.2702294580230955,1.5,452968448,"[{""baseline_escape_drive"":null,""collision_substeps"":0,""escape_drive_integral"":0.21601147964596748,""final_simulated_energy"":0.3408737255711852,""food"":0.0,""inference_mean_ms"":0.23802111973054707,""inference_wall_seconds"":0.01785158397979103,""motor_energy_demand"":0.009126274428814649,""reaction_seconds"":null,""recovery_seconds"":null,""simulation_seconds"":1.5}]",0.0,0,0.009126274428814649,0.7,0.0,not_applicable,stress,clean,190020,recurrent-202,"[""recurrent-202""]",75,aa4b3cee902019b16faa0c35609e9e3aa006dbc0e2621dfb08ceab6de62fa6fb,stress--recurrent-202--clean--190020.npz,0af5ab50f3c69855c6ab545401eb13ce5ffd5798fb5e32e75b390697842324b5
completed,,75,0.27275775000452995,1.5,452984832,"[{""baseline_escape_drive"":null,""collision_substeps"":0,""escape_drive_integral"":0.21632784828543664,""final_simulated_energy"":0.34085917940005717,""food"":0.0,""inference_mean_ms"":0.23694991949014366,""inference_wall_seconds"":0.017771243961760774,""motor_energy_demand"":0.009140820599943398,""reaction_seconds"":null,""recovery_seconds"":null,""simulation_seconds"":1.5}]",0.0,0,0.009140820599943398,0.7,0.0,not_applicable,stress,clean,190021,recurrent-202,"[""recurrent-202""]",75,aa4b3cee902019b16faa0c35609e9e3aa006dbc0e2621dfb08ceab6de62fa6fb,stress--recurrent-202--clean--190021.npz,2dae12e85f82bf91333f814d4882877956528cbe4d21894e235195a30c24ef95
completed,,75,0.25945804102229886,1.5,452984832,"[{""baseline_escape_drive"":null,""collision_substeps"":0,""escape_drive_integral"":0.21612814858555796,""final_simulated_energy"":0.3408683461971579,""food"":0.0,""inference_mean_ms"":0.22009168014240763,""inference_wall_seconds"":0.01650687601068057,""motor_energy_demand"":0.009131653802841902,""reaction_seconds"":null,""recovery_seconds"":null,""simulation_seconds"":1.5}]",0.0,0,0.009131653802841902,0.7,0.0,not_applicable,stress,clean,190022,recurrent-202,"[""recurrent-202""]",75,aa4b3cee902019b16faa0c35609e9e3aa006dbc0e2621dfb08ceab6de62fa6fb,stress--recurrent-202--clean--190022.npz,85aededc363e84a3804bbba6eff6981a0d335c51af021cb828e0f310a5719aae
completed,,75,0.25466633299947716,1.5,453001216,"[{""baseline_escape_drive"":null,""collision_substeps"":0,""escape_drive_integral"":0.21591299667954444,""final_simulated_energy"":0.3408782701231541,""food"":0.0,""inference_mean_ms"":0.21600553494257232,""inference_wall_seconds"":0.016200415120692924,""motor_energy_demand"":0.009121729876846075,""reaction_seconds"":null,""recovery_seconds"":null,""simulation_seconds"":1.5}]",0.0,0,0.009121729876846075,0.7,0.0,not_applicable,stress,clean,190023,recurrent-202,"[""recurrent-202""]",75,aa4b3cee902019b16faa0c35609e9e3aa006dbc0e2621dfb08ceab6de62fa6fb,stress--recurrent-202--clean--190023.npz,8f5700b9df9868a3b4546dde4af803f9095b80c15a9c356142834c60c3493c78
completed,,75,0.27369516697945073,1.5,453017600,"[{""baseline_escape_drive"":null,""collision_substeps"":0,""escape_drive_integral"":0.2163795620203018,""final_simulated_energy"":0.34085640720427046,""food"":0.0,""inference_mean_ms"":0.2417732934312274,""inference_wall_seconds"":0.018132997007342055,""motor_energy_demand"":0.009143592795729637,""reaction_seconds"":null,""recovery_seconds"":null,""simulation_seconds"":1.5}]",0.0,0,0.009143592795729637,0.7,0.0,not_applicable,stress,clean,190024,recurrent-202,"[""recurrent-202""]",75,aa4b3cee902019b16faa0c35609e9e3aa006dbc0e2621dfb08ceab6de62fa6fb,stress--recurrent-202--clean--190024.npz,9ef718cf72b7972eb9897bb158ad9f39ca49ce09b4d24f7aef302bcb683ccfda
completed,,75,0.25892995900358073,1.5,453017600,"[{""baseline_escape_drive"":null,""collision_substeps"":0,""escape_drive_integral"":0.21594321936368943,""final_simulated_energy"":0.34087691786259366,""food"":0.0,""inference_mean_ms"":0.23258557581963638,""inference_wall_seconds"":0.01744391818647273,""motor_energy_demand"":0.009123082137405873,""reaction_seconds"":null,""recovery_seconds"":null,""simulation_seconds"":1.5}]",0.0,0,0.009123082137405873,0.7,0.0,not_applicable,stress,clean,190025,recurrent-202,"[""recurrent-202""]",75,aa4b3cee902019b16faa0c35609e9e3aa006dbc0e2621dfb08ceab6de62fa6fb,stress--recurrent-202--clean--190025.npz,bad9037a0064779d2b47289f578fbf56ae874a6bfb8fbed4d0323572c4ad4a61
completed,,75,0.2500895419798326,1.5,453033984,"[{""baseline_escape_drive"":null,""collision_substeps"":0,""escape_drive_integral"":0.21608755812048913,""final_simulated_energy"":0.3408703100822861,""food"":0.0,""inference_mean_ms"":0.21460726585549614,""inference_wall_seconds"":0.01609554493916221,""motor_energy_demand"":0.009129689917713405,""reaction_seconds"":null,""recovery_seconds"":null,""simulation_seconds"":1.5}]",0.0,0,0.009129689917713405,0.7,0.0,not_applicable,stress,clean,190026,recurrent-202,"[""recurrent-202""]",75,aa4b3cee902019b16faa0c35609e9e3aa006dbc0e2621dfb08ceab6de62fa6fb,stress--recurrent-202--clean--190026.npz,a132ada1dd513cbe917744dfa14859bc7abff9e7bb2d0c546d44b58dea51b965
completed,,75,0.252455416979501,1.5,453033984,"[{""baseline_escape_drive"":null,""collision_substeps"":0,""escape_drive_integral"":0.21607587471604348,""final_simulated_energy"":0.3408708750964705,""food"":0.0,""inference_mean_ms"":0.21620555858438215,""inference_wall_seconds"":0.01621541689382866,""motor_energy_demand"":0.009129124903529883,""reaction_seconds"":null,""recovery_seconds"":null,""simulation_seconds"":1.5}]",0.0,0,0.009129124903529883,0.7,0.0,not_applicable,stress,clean,190027,recurrent-202,"[""recurrent-202""]",75,aa4b3cee902019b16faa0c35609e9e3aa006dbc0e2621dfb08ceab6de62fa6fb,stress--recurrent-202--clean--190027.npz,3abbcb8835aa4f55c31da574bbbf5ab5b233e6cd0153dbf89dabdc638b1675b9
completed,,75,0.2731395419978071,1.5,453033984,"[{""baseline_escape_drive"":null,""collision_substeps"":0,""escape_drive_integral"":0.21592847213149072,""final_simulated_energy"":0.34087758303865756,""food"":0.0,""inference_mean_ms"":0.24860172959355017,""inference_wall_seconds"":0.018645129719516262,""motor_energy_demand"":0.009122416961342096,""reaction_seconds"":null,""recovery_seconds"":null,""simulation_seconds"":1.5}]",0.0,0,0.009122416961342096,0.7,0.0,not_applicable,stress,clean,190028,recurrent-202,"[""recurrent-202""]",75,aa4b3cee902019b16faa0c35609e9e3aa006dbc0e2621dfb08ceab6de62fa6fb,stress--recurrent-202--clean--190028.npz,029b3c117cbdda1d3b5ae648f737d0a83a41b7d60cc31df89e04649e4874d965
completed,,75,0.2705210420244839,1.5,453033984,"[{""baseline_escape_drive"":null,""collision_substeps"":0,""escape_drive_integral"":0.18594724908471108,""final_simulated_energy"":0.3972972614814348,""food"":0.11072492450475695,""inference_mean_ms"":0.23342946738315126,""inference_wall_seconds"":0.017507210053736344,""motor_energy_demand"":0.008065200770944357,""reaction_seconds"":null,""recovery_seconds"":null,""simulation_seconds"":1.5}]",0.11072492450475695,0,0.008065200770944357,0.589275075495243,0.0,not_applicable,stress,clean,190029,recurrent-202,"[""recurrent-202""]",75,aa4b3cee902019b16faa0c35609e9e3aa006dbc0e2621dfb08ceab6de62fa6fb,stress--recurrent-202--clean--190029.npz,dea2406d7b2933d41c5e0d524b337247aea3b37acc3f7a81b408b320615031f6
completed,,75,0.2525177909992635,1.5,453050368,"[{""baseline_escape_drive"":null,""collision_substeps"":0,""escape_drive_integral"":0.2162961506843567,""final_simulated_energy"":0.3408606012511254,""food"":0.0,""inference_mean_ms"":0.21410503851560253,""inference_wall_seconds"":0.01605787788867019,""motor_energy_demand"":0.009139398748874665,""reaction_seconds"":null,""recovery_seconds"":null,""simulation_seconds"":1.5}]",0.0,0,0.009139398748874665,0.7,0.0,not_applicable,stress,clean,190030,recurrent-202,"[""recurrent-202""]",75,aa4b3cee902019b16faa0c35609e9e3aa006dbc0e2621dfb08ceab6de62fa6fb,stress--recurrent-202--clean--190030.npz,4435bd12a277bc317e9f2b5dd13a60c4b123092b17f5976090186eabe550bfb3
completed,,75,0.26086824998492375,1.5,453066752,"[{""baseline_escape_drive"":null,""collision_substeps"":0,""escape_drive_integral"":0.2162346524000168,""final_simulated_energy"":0.3408576424616574,""food"":0.0,""inference_mean_ms"":0.23151836163985232,""inference_wall_seconds"":0.017363877122988924,""motor_energy_demand"":0.009142357538342475,""reaction_seconds"":null,""recovery_seconds"":null,""simulation_seconds"":1.5}]",0.0,0,0.009142357538342475,0.7,0.0,not_applicable,stress,visual_noise,190001,recurrent-202,"[""recurrent-202""]",75,aa4b3cee902019b16faa0c35609e9e3aa006dbc0e2621dfb08ceab6de62fa6fb,stress--recurrent-202--visual_noise--190001.npz,dd16c8e67f5e3457f5b9e6a8c19ac8819fc9240dc33ae6782327ce55f787ae85
completed,,75,0.27535454198368825,1.5,453083136,"[{""baseline_escape_drive"":null,""collision_substeps"":0,""escape_drive_integral"":0.2152421107888222,""final_simulated_energy"":0.3408959951058026,""food"":0.0,""inference_mean_ms"":0.24782823980785906,""inference_wall_seconds"":0.01858711798558943,""motor_energy_demand"":0.009104004894196988,""reaction_seconds"":null,""recovery_seconds"":null,""simulation_seconds"":1.5}]",0.0,0,0.009104004894196988,0.7,0.0,not_applicable,stress,visual_noise,190002,recurrent-202,"[""recurrent-202""]",75,aa4b3cee902019b16faa0c35609e9e3aa006dbc0e2621dfb08ceab6de62fa6fb,stress--recurrent-202--visual_noise--190002.npz,ada3e44835c9057badc2dff9aef6f63d2b1c35e3a3b22673b460533edfcc3981
completed,,75,0.2607667499978561,1.5,453099520,"[{""baseline_escape_drive"":null,""collision_substeps"":0,""escape_drive_integral"":0.21504615247249603,""final_simulated_energy"":0.3408962453907721,""food"":0.0,""inference_mean_ms"":0.22933334694243968,""inference_wall_seconds"":0.017200001020682976,""motor_energy_demand"":0.00910375460922718,""reaction_seconds"":null,""recovery_seconds"":null,""simulation_seconds"":1.5}]",0.0,0,0.00910375460922718,0.7,0.0,not_applicable,stress,visual_noise,190003,recurrent-202,"[""recurrent-202""]",75,aa4b3cee902019b16faa0c35609e9e3aa006dbc0e2621dfb08ceab6de62fa6fb,stress--recurrent-202--visual_noise--190003.npz,8830b7f4783116877267161a7eb8ae56ff417d5125a53657a98f9067879a4409
completed,,75,0.2530893749790266,1.5,453099520,"[{""baseline_escape_drive"":null,""collision_substeps"":0,""escape_drive_integral"":0.21536337599158287,""final_simulated_energy"":0.340889199459404,""food"":0.0,""inference_mean_ms"":0.21598500044395524,""inference_wall_seconds"":0.016198875033296645,""motor_energy_demand"":0.009110800540596247,""reaction_seconds"":null,""recovery_seconds"":null,""simulation_seconds"":1.5}]",0.0,0,0.009110800540596247,0.7,0.0,not_applicable,stress,visual_noise,190004,recurrent-202,"[""recurrent-202""]",75,aa4b3cee902019b16faa0c35609e9e3aa006dbc0e2621dfb08ceab6de62fa6fb,stress--recurrent-202--visual_noise--190004.npz,9f3921a793c7a20873058602723f9bfecda4a4f84bfac2d45f8f41ab37fd5542
completed,,75,0.24962937500094995,1.5,453099520,"[{""baseline_escape_drive"":null,""collision_substeps"":0,""escape_drive_integral"":0.21465135470032692,""final_simulated_energy"":0.34091782471433274,""food"":0.0,""inference_mean_ms"":0.2136255199244867,""inference_wall_seconds"":0.0160219139943365,""motor_energy_demand"":0.009082175285667184,""reaction_seconds"":null,""recovery_seconds"":null,""simulation_seconds"":1.5}]",0.0,0,0.009082175285667184,0.7,0.0,not_applicable,stress,visual_noise,190005,recurrent-202,"[""recurrent-202""]",75,aa4b3cee902019b16faa0c35609e9e3aa006dbc0e2621dfb08ceab6de62fa6fb,stress--recurrent-202--visual_noise--190005.npz,d240048b25e37139b312159bddea1385f3b602f596b5f2ac26a2195bf9926806
completed,,75,0.26798220799537376,1.5,453115904,"[{""baseline_escape_drive"":null,""collision_substeps"":0,""escape_drive_integral"":0.2156914384663105,""final_simulated_energy"":0.3408808849354088,""food"":0.0,""inference_mean_ms"":0.2374688807564477,""inference_wall_seconds"":0.01781016605673358,""motor_energy_demand"":0.00911911506459117,""reaction_seconds"":null,""recovery_seconds"":null,""simulation_seconds"":1.5}]",0.0,0,0.00911911506459117,0.7,0.0,not_applicable,stress,visual_noise,190006,recurrent-202,"[""recurrent-202""]",75,aa4b3cee902019b16faa0c35609e9e3aa006dbc0e2621dfb08ceab6de62fa6fb,stress--recurrent-202--visual_noise--190006.npz,c73a2214eaf81900a2c93b063b622ee68f9932276f5504c3882361c43e551290
completed,,75,0.27053516599698924,1.5,453115904,"[{""baseline_escape_drive"":null,""collision_substeps"":0,""escape_drive_integral"":0.21627244979143143,""final_simulated_energy"":0.3408555730894216,""food"":0.0,""inference_mean_ms"":0.23467840044759214,""inference_wall_seconds"":0.01760088003356941,""motor_energy_demand"":0.009144426910579203,""reaction_seconds"":null,""recovery_seconds"":null,""simulation_seconds"":1.5}]",0.0,0,0.009144426910579203,0.7,0.0,not_applicable,stress,visual_noise,190007,recurrent-202,"[""recurrent-202""]",75,aa4b3cee902019b16faa0c35609e9e3aa006dbc0e2621dfb08ceab6de62fa6fb,stress--recurrent-202--visual_noise--190007.npz,e97b43014bf068a91459326bf87643c76c8d47e0ae977b44b784d18d1defc79d
completed,,75,0.2611772920063231,1.5,453115904,"[{""baseline_escape_drive"":null,""collision_substeps"":0,""escape_drive_integral"":0.21573020681738853,""final_simulated_energy"":0.3408751084981858,""food"":0.0,""inference_mean_ms"":0.22997777404574055,""inference_wall_seconds"":0.017248333053430542,""motor_energy_demand"":0.009124891501814128,""reaction_seconds"":null,""recovery_seconds"":null,""simulation_seconds"":1.5}]",0.0,0,0.009124891501814128,0.7,0.0,not_applicable,stress,visual_noise,190008,recurrent-202,"[""recurrent-202""]",75,aa4b3cee902019b16faa0c35609e9e3aa006dbc0e2621dfb08ceab6de62fa6fb,stress--recurrent-202--visual_noise--190008.npz,8d3ea5f85e4d12ad8b1399daeba81faa518e0ad6f359b6176bdffe76019565c6
completed,,75,0.2589534580183681,1.5,453132288,"[{""baseline_escape_drive"":null,""collision_substeps"":0,""escape_drive_integral"":0.183160188049078,""final_simulated_energy"":0.40574451368734255,""food"":0.12740471675992016,""inference_mean_ms"":0.22572113395047683,""inference_wall_seconds"":0.016929085046285763,""motor_energy_demand"":0.007957844692617656,""reaction_seconds"":null,""recovery_seconds"":null,""simulation_seconds"":1.5}]",0.12740471675992016,0,0.007957844692617656,0.5725952832400794,0.0,not_applicable,stress,visual_noise,190009,recurrent-202,"[""recurrent-202""]",75,aa4b3cee902019b16faa0c35609e9e3aa006dbc0e2621dfb08ceab6de62fa6fb,stress--recurrent-202--visual_noise--190009.npz,2ebb6793f24892f6eb6c914b237c2b6dc335b72553048ec7f27b4a77ed0a02cc
completed,,75,0.2834459579898976,1.5,453132288,"[{""baseline_escape_drive"":null,""collision_substeps"":0,""escape_drive_integral"":0.2158145374059677,""final_simulated_energy"":0.3408720620888467,""food"":0.0,""inference_mean_ms"":0.26129117507177096,""inference_wall_seconds"":0.01959683813038282,""motor_energy_demand"":0.009127937911152836,""reaction_seconds"":null,""recovery_seconds"":null,""simulation_seconds"":1.5}]",0.0,0,0.009127937911152836,0.7,0.0,not_applicable,stress,visual_noise,190010,recurrent-202,"[""recurrent-202""]",75,aa4b3cee902019b16faa0c35609e9e3aa006dbc0e2621dfb08ceab6de62fa6fb,stress--recurrent-202--visual_noise--190010.npz,6d53612d21f278ea8563ee3d9a58d2ddfec57ee7f199d92fe150f654fd659e1d
completed,,75,0.2626489999820478,1.5,453132288,"[{""baseline_escape_drive"":null,""collision_substeps"":0,""escape_drive_integral"":0.21604807659983635,""final_simulated_energy"":0.3408675352863968,""food"":0.0,""inference_mean_ms"":0.23389385547488928,""inference_wall_seconds"":0.017542039160616696,""motor_energy_demand"":0.00913246471360326,""reaction_seconds"":null,""recovery_seconds"":null,""simulation_seconds"":1.5}]",0.0,0,0.00913246471360326,0.7,0.0,not_applicable,stress,visual_noise,190011,recurrent-202,"[""recurrent-202""]",75,aa4b3cee902019b16faa0c35609e9e3aa006dbc0e2621dfb08ceab6de62fa6fb,stress--recurrent-202--visual_noise--190011.npz,a3e1ce76856290593a197ee0ec466235a565b9676e2d72f28c964c504da077a5
completed,,75,0.25282325001899153,1.5,453132288,"[{""baseline_escape_drive"":null,""collision_substeps"":0,""escape_drive_integral"":0.21583777725696565,""final_simulated_energy"":0.3408706950002911,""food"":0.0,""inference_mean_ms"":0.22392114701991278,""inference_wall_seconds"":0.01679408602649346,""motor_energy_demand"":0.00912930499970913,""reaction_seconds"":null,""recovery_seconds"":null,""simulation_seconds"":1.5}]",0.0,0,0.00912930499970913,0.7,0.0,not_applicable,stress,visual_noise,190012,recurrent-202,"[""recurrent-202""]",75,aa4b3cee902019b16faa0c35609e9e3aa006dbc0e2621dfb08ceab6de62fa6fb,stress--recurrent-202--visual_noise--190012.npz,9ad9126c3425d2f0b6b89487a6f6c3e2f4c2691106f096bc81d5384af37bedf0
completed,,75,0.2613138339947909,1.5,453148672,"[{""baseline_escape_drive"":null,""collision_substeps"":0,""escape_drive_integral"":0.21511800870299339,""final_simulated_energy"":0.3409064475236835,""food"":0.0,""inference_mean_ms"":0.22977110735761624,""inference_wall_seconds"":0.017232833051821217,""motor_energy_demand"":0.009093552476316689,""reaction_seconds"":null,""recovery_seconds"":null,""simulation_seconds"":1.5}]",0.0,0,0.009093552476316689,0.7,0.0,not_applicable,stress,visual_noise,190013,recurrent-202,"[""recurrent-202""]",75,aa4b3cee902019b16faa0c35609e9e3aa006dbc0e2621dfb08ceab6de62fa6fb,stress--recurrent-202--visual_noise--190013.npz,97b2c7ef1ead5b8e0b9de94e258a5a1f950dee9a2d45508218780af1da191f7c
completed,,75,0.2706425409996882,1.5,453148672,"[{""baseline_escape_drive"":null,""collision_substeps"":0,""escape_drive_integral"":0.2157726076245308,""final_simulated_energy"":0.3408725603309274,""food"":0.0,""inference_mean_ms"":0.23899890792866546,""inference_wall_seconds"":0.01792491809464991,""motor_energy_demand"":0.009127439669072628,""reaction_seconds"":null,""recovery_seconds"":null,""simulation_seconds"":1.5}]",0.0,0,0.009127439669072628,0.7,0.0,not_applicable,stress,visual_noise,190014,recurrent-202,"[""recurrent-202""]",75,aa4b3cee902019b16faa0c35609e9e3aa006dbc0e2621dfb08ceab6de62fa6fb,stress--recurrent-202--visual_noise--190014.npz,1656d05824c5ce0160e568474807b8d2108adc1a44163f407f016e3e256a48f7
completed,,75,0.2545390830200631,1.5,453165056,"[{""baseline_escape_drive"":null,""collision_substeps"":0,""escape_drive_integral"":0.1885096871852875,""final_simulated_energy"":0.3901440154325957,""food"":0.0966288535296917,""inference_mean_ms"":0.22399117277624708,""inference_wall_seconds"":0.01679933795821853,""motor_energy_demand"":0.008170411332249642,""reaction_seconds"":null,""recovery_seconds"":null,""simulation_seconds"":1.5}]",0.0966288535296917,0,0.008170411332249642,0.6033711464703084,0.0,not_applicable,stress,visual_noise,190015,recurrent-202,"[""recurrent-202""]",75,aa4b3cee902019b16faa0c35609e9e3aa006dbc0e2621dfb08ceab6de62fa6fb,stress--recurrent-202--visual_noise--190015.npz,4baf809cb23cb4f7a74950fd99039b68a45cc33c159113d9e519926c9bd0e89c
completed,,75,0.25447979199816473,1.5,453197824,"[{""baseline_escape_drive"":null,""collision_substeps"":0,""escape_drive_integral"":0.21586253762245178,""final_simulated_energy"":0.3408744106876851,""food"":0.0,""inference_mean_ms"":0.22636326611973345,""inference_wall_seconds"":0.01697724495898001,""motor_energy_demand"":0.009125589312314986,""reaction_seconds"":null,""recovery_seconds"":null,""simulation_seconds"":1.5}]",0.0,0,0.009125589312314986,0.7,0.0,not_applicable,stress,visual_noise,190016,recurrent-202,"[""recurrent-202""]",75,aa4b3cee902019b16faa0c35609e9e3aa006dbc0e2621dfb08ceab6de62fa6fb,stress--recurrent-202--visual_noise--190016.npz,79aa6e54be5ef45f46f620c5968062e7a9deaca6df175716bbc19c4e54ac4127
completed,,75,0.26921366702299565,1.5,453214208,"[{""baseline_escape_drive"":null,""collision_substeps"":0,""escape_drive_integral"":0.21637953221797943,""final_simulated_energy"":0.3408511338263749,""food"":0.0,""inference_mean_ms"":0.2502511317531268,""inference_wall_seconds"":0.01876883488148451,""motor_energy_demand"":0.009148866173624993,""reaction_seconds"":null,""recovery_seconds"":null,""simulation_seconds"":1.5}]",0.0,0,0.009148866173624993,0.7,0.0,not_applicable,stress,visual_noise,190017,recurrent-202,"[""recurrent-202""]",75,aa4b3cee902019b16faa0c35609e9e3aa006dbc0e2621dfb08ceab6de62fa6fb,stress--recurrent-202--visual_noise--190017.npz,774431332582adb793d10a6b5f3ca323e7886d5c94e29e3cc0d02a6eb59da0c4
completed,,75,0.2786397500021849,1.5,453214208,"[{""baseline_escape_drive"":null,""collision_substeps"":0,""escape_drive_integral"":0.21586450666189194,""final_simulated_energy"":0.34086550878971844,""food"":0.0,""inference_mean_ms"":0.26098554643491906,""inference_wall_seconds"":0.019573915982618928,""motor_energy_demand"":0.009134491210281849,""reaction_seconds"":null,""recovery_seconds"":null,""simulation_seconds"":1.5}]",0.0,0,0.009134491210281849,0.7,0.0,not_applicable,stress,visual_noise,190018,recurrent-202,"[""recurrent-202""]",75,aa4b3cee902019b16faa0c35609e9e3aa006dbc0e2621dfb08ceab6de62fa6fb,stress--recurrent-202--visual_noise--190018.npz,0563721328e29ba96bb8b99a5a26befa2c5563eab08b9e2ce8f6f2c58764699a
completed,,75,0.25135637499624863,1.5,453246976,"[{""baseline_escape_drive"":null,""collision_substeps"":0,""escape_drive_integral"":0.2164473733305931,""final_simulated_energy"":0.34085517441123725,""food"":0.0,""inference_mean_ms"":0.21510994799124697,""inference_wall_seconds"":0.016133246099343523,""motor_energy_demand"":0.00914482558876276,""reaction_seconds"":null,""recovery_seconds"":null,""simulation_seconds"":1.5}]",0.0,0,0.00914482558876276,0.7,0.0,not_applicable,stress,visual_noise,190019,recurrent-202,"[""recurrent-202""]",75,aa4b3cee902019b16faa0c35609e9e3aa006dbc0e2621dfb08ceab6de62fa6fb,stress--recurrent-202--visual_noise--190019.npz,bdfcef518d96640660e60bda077a0eea31af6bb9fbe4b8508a96e1c6cac6e0e3
completed,,75,0.25315220799529925,1.5,453246976,"[{""baseline_escape_drive"":null,""collision_substeps"":0,""escape_drive_integral"":0.21597535237669946,""final_simulated_energy"":0.3408657327364383,""food"":0.0,""inference_mean_ms"":0.21801110551071665,""inference_wall_seconds"":0.016350832913303748,""motor_energy_demand"":0.009134267263561488,""reaction_seconds"":null,""recovery_seconds"":null,""simulation_seconds"":1.5}]",0.0,0,0.009134267263561488,0.7,0.0,not_applicable,stress,visual_noise,190020,recurrent-202,"[""recurrent-202""]",75,aa4b3cee902019b16faa0c35609e9e3aa006dbc0e2621dfb08ceab6de62fa6fb,stress--recurrent-202--visual_noise--190020.npz,019f9147ac19af91ba6bf064f434444c6df640cf5307a91c71de0de4486c9867
completed,,75,0.28509212500648573,1.5,453246976,"[{""baseline_escape_drive"":null,""collision_substeps"":0,""escape_drive_integral"":0.21620893940329552,""final_simulated_energy"":0.3408559969566759,""food"":0.0,""inference_mean_ms"":0.27796281307625276,""inference_wall_seconds"":0.020847210980718955,""motor_energy_demand"":0.009144003043323756,""reaction_seconds"":null,""recovery_seconds"":null,""simulation_seconds"":1.5}]",0.0,0,0.009144003043323756,0.7,0.0,not_applicable,stress,visual_noise,190021,recurrent-202,"[""recurrent-202""]",75,aa4b3cee902019b16faa0c35609e9e3aa006dbc0e2621dfb08ceab6de62fa6fb,stress--recurrent-202--visual_noise--190021.npz,03de4a0723d1d39b246e5f8ee6f0d121e33c28fa04febebfa4b9066b5c3ccc9e
completed,,75,0.2675571250147186,1.5,453263360,"[{""baseline_escape_drive"":null,""collision_substeps"":0,""escape_drive_integral"":0.21604929447174073,""final_simulated_energy"":0.34086689491748823,""food"":0.0,""inference_mean_ms"":0.23700389312580228,""inference_wall_seconds"":0.01777529198443517,""motor_energy_demand"":0.009133105082511903,""reaction_seconds"":null,""recovery_seconds"":null,""simulation_seconds"":1.5}]",0.0,0,0.009133105082511903,0.7,0.0,not_applicable,stress,visual_noise,190022,recurrent-202,"[""recurrent-202""]",75,aa4b3cee902019b16faa0c35609e9e3aa006dbc0e2621dfb08ceab6de62fa6fb,stress--recurrent-202--visual_noise--190022.npz,6e3e6bb77852347c3b2280b6860022a925be755bc9e8ada1a930328a2d441edf
completed,,75,0.26179637500899844,1.5,453263360,"[{""baseline_escape_drive"":null,""collision_substeps"":0,""escape_drive_integral"":0.21524220570921898,""final_simulated_energy"":0.34089999103054414,""food"":0.0,""inference_mean_ms"":0.22639117242457965,""inference_wall_seconds"":0.016979337931843475,""motor_energy_demand"":0.00910000896945596,""reaction_seconds"":null,""recovery_seconds"":null,""simulation_seconds"":1.5}]",0.0,0,0.00910000896945596,0.7,0.0,not_applicable,stress,visual_noise,190023,recurrent-202,"[""recurrent-202""]",75,aa4b3cee902019b16faa0c35609e9e3aa006dbc0e2621dfb08ceab6de62fa6fb,stress--recurrent-202--visual_noise--190023.npz,20881bcb4fb5680e9e254a86f5fdb1e0f7c12992b9c7e7e4452475f0120926d1
completed,,75,0.26644466700963676,1.5,453263360,"[{""baseline_escape_drive"":null,""collision_substeps"":0,""escape_drive_integral"":0.21639115810394288,""final_simulated_energy"":0.3408465665805336,""food"":0.0,""inference_mean_ms"":0.23685382950740555,""inference_wall_seconds"":0.017764037213055417,""motor_energy_demand"":0.009153433419466018,""reaction_seconds"":null,""recovery_seconds"":null,""simulation_seconds"":1.5}]",0.0,0,0.009153433419466018,0.7,0.0,not_applicable,stress,visual_noise,190024,recurrent-202,"[""recurrent-202""]",75,aa4b3cee902019b16faa0c35609e9e3aa006dbc0e2621dfb08ceab6de62fa6fb,stress--recurrent-202--visual_noise--190024.npz,843ec9a3a5563fdaf01b3e23e14cf6ffa32a451de33128331d0f2792b6599f3c
completed,,75,0.28430699999444187,1.5,453279744,"[{""baseline_escape_drive"":null,""collision_substeps"":0,""escape_drive_integral"":0.21536587908864022,""final_simulated_energy"":0.34089049554541717,""food"":0.0,""inference_mean_ms"":0.2702560811303556,""inference_wall_seconds"":0.02026920608477667,""motor_energy_demand"":0.00910950445458293,""reaction_seconds"":null,""recovery_seconds"":null,""simulation_seconds"":1.5}]",0.0,0,0.00910950445458293,0.7,0.0,not_applicable,stress,visual_noise,190025,recurrent-202,"[""recurrent-202""]",75,aa4b3cee902019b16faa0c35609e9e3aa006dbc0e2621dfb08ceab6de62fa6fb,stress--recurrent-202--visual_noise--190025.npz,a2c0174108240a5422ffe95c985e8fb0d8b43ce8541959d1fd3e3853eefe2df2
completed,,75,0.2796786249964498,1.5,453279744,"[{""baseline_escape_drive"":null,""collision_substeps"":0,""escape_drive_integral"":0.2154697297513485,""final_simulated_energy"":0.34089237833365815,""food"":0.0,""inference_mean_ms"":0.2565716525229315,""inference_wall_seconds"":0.019242873939219862,""motor_energy_demand"":0.00910762166634202,""reaction_seconds"":null,""recovery_seconds"":null,""simulation_seconds"":1.5}]",0.0,0,0.00910762166634202,0.7,0.0,not_applicable,stress,visual_noise,190026,recurrent-202,"[""recurrent-202""]",75,aa4b3cee902019b16faa0c35609e9e3aa006dbc0e2621dfb08ceab6de62fa6fb,stress--recurrent-202--visual_noise--190026.npz,c5fc4f7671607da5c90478f02726ee92c4530356d46ca3521eead2a8be59777a
completed,,75,0.27320749999489635,1.5,453279744,"[{""baseline_escape_drive"":null,""collision_substeps"":0,""escape_drive_integral"":0.21616570591926576,""final_simulated_energy"":0.3408577272355564,""food"":0.0,""inference_mean_ms"":0.2320556144695729,""inference_wall_seconds"":0.017404171085217968,""motor_energy_demand"":0.009142272764444351,""reaction_seconds"":null,""recovery_seconds"":null,""simulation_seconds"":1.5}]",0.0,0,0.009142272764444351,0.7,0.0,not_applicable,stress,visual_noise,190027,recurrent-202,"[""recurrent-202""]",75,aa4b3cee902019b16faa0c35609e9e3aa006dbc0e2621dfb08ceab6de62fa6fb,stress--recurrent-202--visual_noise--190027.npz,eac34f3a9669a067c83ec2763c0c83dc852037e21cfebd177589e1e582e6ef1d
completed,,75,0.29014387499773875,1.5,453279744,"[{""baseline_escape_drive"":null,""collision_substeps"":0,""escape_drive_integral"":0.215287956148386,""final_simulated_energy"":0.3408971881903706,""food"":0.0,""inference_mean_ms"":0.2902850551375498,""inference_wall_seconds"":0.021771379135316238,""motor_energy_demand"":0.009102811809629201,""reaction_seconds"":null,""recovery_seconds"":null,""simulation_seconds"":1.5}]",0.0,0,0.009102811809629201,0.7,0.0,not_applicable,stress,visual_noise,190028,recurrent-202,"[""recurrent-202""]",75,aa4b3cee902019b16faa0c35609e9e3aa006dbc0e2621dfb08ceab6de62fa6fb,stress--recurrent-202--visual_noise--190028.npz,0f66353cdbfcf98f917b3b9cf4393fe506103cdacd68f770c2122ff4ce51f7ea
completed,,75,0.2929996669990942,1.5,453296128,"[{""baseline_escape_drive"":null,""collision_substeps"":0,""escape_drive_integral"":0.1857150162756443,""final_simulated_energy"":0.39732998904719974,""food"":0.11078386262059216,""inference_mean_ms"":0.28536553494632244,""inference_wall_seconds"":0.021402415120974183,""motor_energy_demand"":0.008061942263096571,""reaction_seconds"":null,""recovery_seconds"":null,""simulation_seconds"":1.5}]",0.11078386262059216,0,0.008061942263096571,0.5892161373794078,0.0,not_applicable,stress,visual_noise,190029,recurrent-202,"[""recurrent-202""]",75,aa4b3cee902019b16faa0c35609e9e3aa006dbc0e2621dfb08ceab6de62fa6fb,stress--recurrent-202--visual_noise--190029.npz,6b3bee728aa062342a1323f817e16553e4365af4ca91e850074130d45c237451
completed,,75,0.2781425830035005,1.5,453312512,"[{""baseline_escape_drive"":null,""collision_substeps"":0,""escape_drive_integral"":0.21539316833019256,""final_simulated_energy"":0.3408850580841297,""food"":0.0,""inference_mean_ms"":0.24836940225213766,""inference_wall_seconds"":0.018627705168910325,""motor_energy_demand"":0.009114941915869711,""reaction_seconds"":null,""recovery_seconds"":null,""simulation_seconds"":1.5}]",0.0,0,0.009114941915869711,0.7,0.0,not_applicable,stress,visual_noise,190030,recurrent-202,"[""recurrent-202""]",75,aa4b3cee902019b16faa0c35609e9e3aa006dbc0e2621dfb08ceab6de62fa6fb,stress--recurrent-202--visual_noise--190030.npz,764a5c656bf8ddc974e8ab39b0e994c344556347935193e4887a64180e2299ec
completed,,75,0.276465917006135,1.5,453443584,"[{""baseline_escape_drive"":null,""collision_substeps"":0,""escape_drive_integral"":0.1433185061812401,""final_simulated_energy"":0.3426464088347556,""food"":0.0,""inference_mean_ms"":0.2502083064367374,""inference_wall_seconds"":0.018765622982755303,""motor_energy_demand"":0.00735359116524458,""reaction_seconds"":null,""recovery_seconds"":null,""simulation_seconds"":1.5}]",0.0,0,0.00735359116524458,0.7,0.0,not_applicable,stress,clean,190001,recurrent-303,"[""recurrent-303""]",75,aa4b3cee902019b16faa0c35609e9e3aa006dbc0e2621dfb08ceab6de62fa6fb,stress--recurrent-303--clean--190001.npz,db62f9f98aaec8c1078ea1f10348c2610de0b927612d8c296cf94cec02bf7d4f
completed,,75,0.2898936250130646,1.5,453443584,"[{""baseline_escape_drive"":null,""collision_substeps"":0,""escape_drive_integral"":0.14359009325504304,""final_simulated_energy"":0.34263327910900143,""food"":0.0,""inference_mean_ms"":0.2666360912068437,""inference_wall_seconds"":0.019997706840513274,""motor_energy_demand"":0.007366720890998841,""reaction_seconds"":null,""recovery_seconds"":null,""simulation_seconds"":1.5}]",0.0,0,0.007366720890998841,0.7,0.0,not_applicable,stress,clean,190002,recurrent-303,"[""recurrent-303""]",75,aa4b3cee902019b16faa0c35609e9e3aa006dbc0e2621dfb08ceab6de62fa6fb,stress--recurrent-303--clean--190002.npz,6adc37a0111e6a27d629f2c40b1b7ee5e243b7902164a08083fb3493e3e16bb3
completed,,75,0.2963252080080565,1.5,453443584,"[{""baseline_escape_drive"":null,""collision_substeps"":0,""escape_drive_integral"":0.1441604420542717,""final_simulated_energy"":0.3426090220782163,""food"":0.0,""inference_mean_ms"":0.2720445076314112,""inference_wall_seconds"":0.020403338072355837,""motor_energy_demand"":0.0073909779217839235,""reaction_seconds"":null,""recovery_seconds"":null,""simulation_seconds"":1.5}]",0.0,0,0.0073909779217839235,0.7,0.0,not_applicable,stress,clean,190003,recurrent-303,"[""recurrent-303""]",75,aa4b3cee902019b16faa0c35609e9e3aa006dbc0e2621dfb08ceab6de62fa6fb,stress--recurrent-303--clean--190003.npz,ea1ea3a28e0b0296022d9b8bc98c2081cbc23b11b5512851336a4adc92bb5188
completed,,75,0.3070179999922402,1.5,453459968,"[{""baseline_escape_drive"":null,""collision_substeps"":0,""escape_drive_integral"":0.14333218827843666,""final_simulated_energy"":0.3426455362184345,""food"":0.0,""inference_mean_ms"":0.2714399981778115,""inference_wall_seconds"":0.020357999863335863,""motor_energy_demand"":0.007354463781565428,""reaction_seconds"":null,""recovery_seconds"":null,""simulation_seconds"":1.5}]",0.0,0,0.007354463781565428,0.7,0.0,not_applicable,stress,clean,190004,recurrent-303,"[""recurrent-303""]",75,aa4b3cee902019b16faa0c35609e9e3aa006dbc0e2621dfb08ceab6de62fa6fb,stress--recurrent-303--clean--190004.npz,ff9e07317e932b9cbf20ba559b593fbfcb48c5698f0e10177a630ab0e6067586
completed,,75,0.32658941598492675,1.5,453459968,"[{""baseline_escape_drive"":null,""collision_substeps"":0,""escape_drive_integral"":0.14307610780000687,""final_simulated_energy"":0.3426547464546562,""food"":0.0,""inference_mean_ms"":0.29513046494685113,""inference_wall_seconds"":0.022134784871013835,""motor_energy_demand"":0.007345253545343875,""reaction_seconds"":null,""recovery_seconds"":null,""simulation_seconds"":1.5}]",0.0,0,0.007345253545343875,0.7,0.0,not_applicable,stress,clean,190005,recurrent-303,"[""recurrent-303""]",75,aa4b3cee902019b16faa0c35609e9e3aa006dbc0e2621dfb08ceab6de62fa6fb,stress--recurrent-303--clean--190005.npz,84075ad5eeecd52b29fb2ddc7be66ca975639ec0421930bc3d95d419bfe2ddad
completed,,75,0.3270962909737136,1.5,453459968,"[{""baseline_escape_drive"":null,""collision_substeps"":0,""escape_drive_integral"":0.1430680999159813,""final_simulated_energy"":0.3426566294279697,""food"":0.0,""inference_mean_ms"":0.30937722612482804,""inference_wall_seconds"":0.023203291959362105,""motor_energy_demand"":0.0073433705720305446,""reaction_seconds"":null,""recovery_seconds"":null,""simulation_seconds"":1.5}]",0.0,0,0.0073433705720305446,0.7,0.0,not_applicable,stress,clean,190006,recurrent-303,"[""recurrent-303""]",75,aa4b3cee902019b16faa0c35609e9e3aa006dbc0e2621dfb08ceab6de62fa6fb,stress--recurrent-303--clean--190006.npz,3c185ea5669343e7f8a800d39a34eaa83490af3dc973698874f2aaa74b2802a6
completed,,75,0.33223245898261666,1.5,453459968,"[{""baseline_escape_drive"":null,""collision_substeps"":0,""escape_drive_integral"":0.14227020964026452,""final_simulated_energy"":0.3426887324140965,""food"":0.0,""inference_mean_ms"":0.34598385527109105,""inference_wall_seconds"":0.02594878914533183,""motor_energy_demand"":0.007311267585903406,""reaction_seconds"":null,""recovery_seconds"":null,""simulation_seconds"":1.5}]",0.0,0,0.007311267585903406,0.7,0.0,not_applicable,stress,clean,190007,recurrent-303,"[""recurrent-303""]",75,aa4b3cee902019b16faa0c35609e9e3aa006dbc0e2621dfb08ceab6de62fa6fb,stress--recurrent-303--clean--190007.npz,6555652d34d432566611bfabd17ed7c87b1782cd35f2a139d09a7a8572cdb99a
completed,,75,0.32065441698068753,1.5,453459968,"[{""baseline_escape_drive"":null,""collision_substeps"":0,""escape_drive_integral"":0.14250616431236268,""final_simulated_energy"":0.34267837037384485,""food"":0.0,""inference_mean_ms"":0.2947204924809436,""inference_wall_seconds"":0.02210403693607077,""motor_energy_demand"":0.0073216296261549,""reaction_seconds"":null,""recovery_seconds"":null,""simulation_seconds"":1.5}]",0.0,0,0.0073216296261549,0.7,0.0,not_applicable,stress,clean,190008,recurrent-303,"[""recurrent-303""]",75,aa4b3cee902019b16faa0c35609e9e3aa006dbc0e2621dfb08ceab6de62fa6fb,stress--recurrent-303--clean--190008.npz,9242e78244f4b30d30275695b2cd905dedb7c6d441ce0b799f5a048b28a50cad
completed,,75,0.2709897920140065,1.5,453459968,"[{""baseline_escape_drive"":null,""collision_substeps"":0,""escape_drive_integral"":0.14098996967077257,""final_simulated_energy"":0.342747370765507,""food"":0.0,""inference_mean_ms"":0.23305498529225588,""inference_wall_seconds"":0.01747912389691919,""motor_energy_demand"":0.0072526292344927785,""reaction_seconds"":null,""recovery_seconds"":null,""simulation_seconds"":1.5}]",0.0,0,0.0072526292344927785,0.7,0.0,not_applicable,stress,clean,190009,recurrent-303,"[""recurrent-303""]",75,aa4b3cee902019b16faa0c35609e9e3aa006dbc0e2621dfb08ceab6de62fa6fb,stress--recurrent-303--clean--190009.npz,78ead69bbccd104731cfe19a5f5e036cbf00c974a0f4911f3a7b2e9fd36dabae
completed,,75,0.2754018330015242,1.5,453476352,"[{""baseline_escape_drive"":null,""collision_substeps"":0,""escape_drive_integral"":0.14398729979991914,""final_simulated_energy"":0.34261534331262067,""food"":0.0,""inference_mean_ms"":0.23906107953128714,""inference_wall_seconds"":0.017929580964846537,""motor_energy_demand"":0.007384656687378883,""reaction_seconds"":null,""recovery_seconds"":null,""simulation_seconds"":1.5}]",0.0,0,0.007384656687378883,0.7,0.0,not_applicable,stress,clean,190010,recurrent-303,"[""recurrent-303""]",75,aa4b3cee902019b16faa0c35609e9e3aa006dbc0e2621dfb08ceab6de62fa6fb,stress--recurrent-303--clean--190010.npz,beee5529bcbd3003f8bba34a026afcc915b3989ebeff0a86fffab5742f241e5d
completed,,75,0.2791467500210274,1.5,453476352,"[{""baseline_escape_drive"":null,""collision_substeps"":0,""escape_drive_integral"":0.06899060605093837,""final_simulated_energy"":0.392743578342702,""food"":0.09567884117364883,""inference_mean_ms"":0.25949163866850233,""inference_wall_seconds"":0.019461872900137678,""motor_energy_demand"":0.005095842244122177,""reaction_seconds"":null,""recovery_seconds"":null,""simulation_seconds"":1.5}]",0.09567884117364883,0,0.005095842244122177,0.6043211588263513,0.0,not_applicable,stress,clean,190011,recurrent-303,"[""recurrent-303""]",75,aa4b3cee902019b16faa0c35609e9e3aa006dbc0e2621dfb08ceab6de62fa6fb,stress--recurrent-303--clean--190011.npz,22bb7feed54994989e67f4eac92546bf78467d711e95618867d50eff797a856a
completed,,75,0.2700990000157617,1.5,453476352,"[{""baseline_escape_drive"":null,""collision_substeps"":0,""escape_drive_integral"":0.1450735281407833,""final_simulated_energy"":0.3425708003769814,""food"":0.0,""inference_mean_ms"":0.23645274612742165,""inference_wall_seconds"":0.017733955959556624,""motor_energy_demand"":0.007429199623018503,""reaction_seconds"":null,""recovery_seconds"":null,""simulation_seconds"":1.5}]",0.0,0,0.007429199623018503,0.7,0.0,not_applicable,stress,clean,190012,recurrent-303,"[""recurrent-303""]",75,aa4b3cee902019b16faa0c35609e9e3aa006dbc0e2621dfb08ceab6de62fa6fb,stress--recurrent-303--clean--190012.npz,a6520753304977be0cb8d0aa596cadb4e54c9fefe2cd9cc39838223ab4d152cb
completed,,75,0.25936933400225826,1.5,453509120,"[{""baseline_escape_drive"":null,""collision_substeps"":0,""escape_drive_integral"":0.05495821360498667,""final_simulated_energy"":0.4596818832611665,""food"":0.22840530365705497,""inference_mean_ms"":0.22635389546242854,""inference_wall_seconds"":0.01697654215968214,""motor_energy_demand"":0.004520768567360937,""reaction_seconds"":null,""recovery_seconds"":null,""simulation_seconds"":1.5}]",0.22840530365705497,0,0.004520768567360937,0.47159469634294543,0.0,not_applicable,stress,clean,190013,recurrent-303,"[""recurrent-303""]",75,aa4b3cee902019b16faa0c35609e9e3aa006dbc0e2621dfb08ceab6de62fa6fb,stress--recurrent-303--clean--190013.npz,127987f0f63d7055ffbed395bd423ad5941093cb399a2a4b3df15fe2fa5e300b
completed,,75,0.25635304098250344,1.5,453525504,"[{""baseline_escape_drive"":null,""collision_substeps"":0,""escape_drive_integral"":0.14281096935272217,""final_simulated_energy"":0.3426653578448293,""food"":0.0,""inference_mean_ms"":0.2160833729431033,""inference_wall_seconds"":0.01620625297073275,""motor_energy_demand"":0.0073346421551704405,""reaction_seconds"":null,""recovery_seconds"":null,""simulation_seconds"":1.5}]",0.0,0,0.0073346421551704405,0.7,0.0,not_applicable,stress,clean,190014,recurrent-303,"[""recurrent-303""]",75,aa4b3cee902019b16faa0c35609e9e3aa006dbc0e2621dfb08ceab6de62fa6fb,stress--recurrent-303--clean--190014.npz,a1e6c47ef37e850db75e66eda2c06542e3dd2377ea7bdb19bc67e11d91c524cd
completed,,75,0.27303275000303984,1.5,453541888,"[{""baseline_escape_drive"":null,""collision_substeps"":0,""escape_drive_integral"":0.1413108702003956,""final_simulated_energy"":0.3427312111081189,""food"":0.0,""inference_mean_ms"":0.2438483185445269,""inference_wall_seconds"":0.018288623890839517,""motor_energy_demand"":0.007268788891881705,""reaction_seconds"":null,""recovery_seconds"":null,""simulation_seconds"":1.5}]",0.0,0,0.007268788891881705,0.7,0.0,not_applicable,stress,clean,190015,recurrent-303,"[""recurrent-303""]",75,aa4b3cee902019b16faa0c35609e9e3aa006dbc0e2621dfb08ceab6de62fa6fb,stress--recurrent-303--clean--190015.npz,c663e90a8bc81333a67c7cf7e285d17c3c3330f928aec270dd5fdc1fa18c834a
completed,,75,0.26355875001172535,1.5,453541888,"[{""baseline_escape_drive"":null,""collision_substeps"":0,""escape_drive_integral"":0.14387955591082574,""final_simulated_energy"":0.3426192935870588,""food"":0.0,""inference_mean_ms"":0.22824889436985055,""inference_wall_seconds"":0.01711866707773879,""motor_energy_demand"":0.007380706412941218,""reaction_seconds"":null,""recovery_seconds"":null,""simulation_seconds"":1.5}]",0.0,0,0.007380706412941218,0.7,0.0,not_applicable,stress,clean,190016,recurrent-303,"[""recurrent-303""]",75,aa4b3cee902019b16faa0c35609e9e3aa006dbc0e2621dfb08ceab6de62fa6fb,stress--recurrent-303--clean--190016.npz,8208e616e5ac478470dede02b81e8269d3c07ec9ab7d3e024741ec4ae1fa4675
completed,,75,0.25307608299772255,1.5,453558272,"[{""baseline_escape_drive"":null,""collision_substeps"":0,""escape_drive_integral"":0.1422194929420948,""final_simulated_energy"":0.3426894025303421,""food"":0.0,""inference_mean_ms"":0.21430886544597647,""inference_wall_seconds"":0.016073164908448234,""motor_energy_demand"":0.007310597469657659,""reaction_seconds"":null,""recovery_seconds"":null,""simulation_seconds"":1.5}]",0.0,0,0.007310597469657659,0.7,0.0,not_applicable,stress,clean,190017,recurrent-303,"[""recurrent-303""]",75,aa4b3cee902019b16faa0c35609e9e3aa006dbc0e2621dfb08ceab6de62fa6fb,stress--recurrent-303--clean--190017.npz,c9b52bf236758db7692ad1f8d58a78fdc0df53b2d31121fb59109063e76a100b
completed,,75,0.2535566249862313,1.5,453558272,"[{""baseline_escape_drive"":null,""collision_substeps"":0,""escape_drive_integral"":0.1444533982872963,""final_simulated_energy"":0.3425972580948473,""food"":0.0,""inference_mean_ms"":0.22229058706822494,""inference_wall_seconds"":0.01667179403011687,""motor_energy_demand"":0.007402741905152798,""reaction_seconds"":null,""recovery_seconds"":null,""simulation_seconds"":1.5}]",0.0,0,0.007402741905152798,0.7,0.0,not_applicable,stress,clean,190018,recurrent-303,"[""recurrent-303""]",75,aa4b3cee902019b16faa0c35609e9e3aa006dbc0e2621dfb08ceab6de62fa6fb,stress--recurrent-303--clean--190018.npz,7331ec9bd1db202851cef78aa94d5e5d13df3a76c714af785c562e0da7befa54
completed,,75,0.27147304100799374,1.5,453558272,"[{""baseline_escape_drive"":null,""collision_substeps"":0,""escape_drive_integral"":0.1419914186000824,""final_simulated_energy"":0.3426986742484567,""food"":0.0,""inference_mean_ms"":0.24620720146534344,""inference_wall_seconds"":0.018465540109900758,""motor_energy_demand"":0.007301325751543046,""reaction_seconds"":null,""recovery_seconds"":null,""simulation_seconds"":1.5}]",0.0,0,0.007301325751543046,0.7,0.0,not_applicable,stress,clean,190019,recurrent-303,"[""recurrent-303""]",75,aa4b3cee902019b16faa0c35609e9e3aa006dbc0e2621dfb08ceab6de62fa6fb,stress--recurrent-303--clean--190019.npz,49776196cee3df88039d102fb0ca8c7cbcb45686bda54a0ab0304702365088da
completed,,75,0.270586833008565,1.5,453574656,"[{""baseline_escape_drive"":null,""collision_substeps"":0,""escape_drive_integral"":0.14224522471427917,""final_simulated_energy"":0.34268801597178045,""food"":0.0,""inference_mean_ms"":0.23320776177570224,""inference_wall_seconds"":0.017490582133177668,""motor_energy_demand"":0.007311984028220178,""reaction_seconds"":null,""recovery_seconds"":null,""simulation_seconds"":1.5}]",0.0,0,0.007311984028220178,0.7,0.0,not_applicable,stress,clean,190020,recurrent-303,"[""recurrent-303""]",75,aa4b3cee902019b16faa0c35609e9e3aa006dbc0e2621dfb08ceab6de62fa6fb,stress--recurrent-303--clean--190020.npz,293166d0c6cf5520dc8f265d90de4eb497c23f2b293f3436dee3a400f2121cd2
completed,,75,0.25311049999436364,1.5,453574656,"[{""baseline_escape_drive"":null,""collision_substeps"":0,""escape_drive_integral"":0.14423115491867067,""final_simulated_energy"":0.3426073266243944,""food"":0.0,""inference_mean_ms"":0.21120393532328308,""inference_wall_seconds"":0.01584029514924623,""motor_energy_demand"":0.007392673375606536,""reaction_seconds"":null,""recovery_seconds"":null,""simulation_seconds"":1.5}]",0.0,0,0.007392673375606536,0.7,0.0,not_applicable,stress,clean,190021,recurrent-303,"[""recurrent-303""]",75,aa4b3cee902019b16faa0c35609e9e3aa006dbc0e2621dfb08ceab6de62fa6fb,stress--recurrent-303--clean--190021.npz,cad11861d1571967f0540a23ca17c6cf029c74cf4255e2783beaa2110b0bb9e9
completed,,75,0.25192337500629947,1.5,453574656,"[{""baseline_escape_drive"":null,""collision_substeps"":0,""escape_drive_integral"":0.1423081260919571,""final_simulated_energy"":0.342686467224956,""food"":0.0,""inference_mean_ms"":0.21419552193644148,""inference_wall_seconds"":0.01606466414523311,""motor_energy_demand"":0.007313532775044442,""reaction_seconds"":null,""recovery_seconds"":null,""simulation_seconds"":1.5}]",0.0,0,0.007313532775044442,0.7,0.0,not_applicable,stress,clean,190022,recurrent-303,"[""recurrent-303""]",75,aa4b3cee902019b16faa0c35609e9e3aa006dbc0e2621dfb08ceab6de62fa6fb,stress--recurrent-303--clean--190022.npz,285950cef15b1f2f37d26333d6580dfcd8aad7154cdbd36b7fe65737b447d77c
completed,,75,0.27125133300432935,1.5,453574656,"[{""baseline_escape_drive"":null,""collision_substeps"":0,""escape_drive_integral"":0.14181540429592132,""final_simulated_energy"":0.34270681468009956,""food"":0.0,""inference_mean_ms"":0.2443961057967196,""inference_wall_seconds"":0.01832970793475397,""motor_energy_demand"":0.007293185319900513,""reaction_seconds"":null,""recovery_seconds"":null,""simulation_seconds"":1.5}]",0.0,0,0.007293185319900513,0.7,0.0,not_applicable,stress,clean,190023,recurrent-303,"[""recurrent-303""]",75,aa4b3cee902019b16faa0c35609e9e3aa006dbc0e2621dfb08ceab6de62fa6fb,stress--recurrent-303--clean--190023.npz,947497a5ea76f12dd88c174974580a66fb6619d97d8e636b38565c9bb0e73acb
completed,,75,0.28886191599303856,1.5,453574656,"[{""baseline_escape_drive"":null,""collision_substeps"":0,""escape_drive_integral"":0.1435786171257496,""final_simulated_energy"":0.3426335086120663,""food"":0.0,""inference_mean_ms"":0.2671594813000411,""inference_wall_seconds"":0.02003696109750308,""motor_energy_demand"":0.007366491387933494,""reaction_seconds"":null,""recovery_seconds"":null,""simulation_seconds"":1.5}]",0.0,0,0.007366491387933494,0.7,0.0,not_applicable,stress,clean,190024,recurrent-303,"[""recurrent-303""]",75,aa4b3cee902019b16faa0c35609e9e3aa006dbc0e2621dfb08ceab6de62fa6fb,stress--recurrent-303--clean--190024.npz,6d80c6e4e7b11523ba388e640b7c21efa772848545753a6b2858faf0c10fc1f8
completed,,75,0.2904633749858476,1.5,453591040,"[{""baseline_escape_drive"":null,""collision_substeps"":0,""escape_drive_integral"":0.06238151660189033,""final_simulated_energy"":0.4364954820149949,""food"":0.18258683241903775,""inference_mean_ms"":0.26712394979161524,""inference_wall_seconds"":0.02003429623437114,""motor_energy_demand"":0.004797934194523841,""reaction_seconds"":null,""recovery_seconds"":null,""simulation_seconds"":1.5}]",0.18258683241903775,0,0.004797934194523841,0.5174131675809623,0.0,not_applicable,stress,clean,190025,recurrent-303,"[""recurrent-303""]",75,aa4b3cee902019b16faa0c35609e9e3aa006dbc0e2621dfb08ceab6de62fa6fb,stress--recurrent-303--clean--190025.npz,40a46697139251b03e7ee16c3ea6d3a244b4282f71c10a1b3a17abf12ba0f57f
completed,,75,0.27968441700795665,1.5,453607424,"[{""baseline_escape_drive"":null,""collision_substeps"":0,""escape_drive_integral"":0.14115916535258294,""final_simulated_energy"":0.34273852836713226,""food"":0.0,""inference_mean_ms"":0.24825785231466097,""inference_wall_seconds"":0.01861933892359957,""motor_energy_demand"":0.007261471632868052,""reaction_seconds"":null,""recovery_seconds"":null,""simulation_seconds"":1.5}]",0.0,0,0.007261471632868052,0.7,0.0,not_applicable,stress,clean,190026,recurrent-303,"[""recurrent-303""]",75,aa4b3cee902019b16faa0c35609e9e3aa006dbc0e2621dfb08ceab6de62fa6fb,stress--recurrent-303--clean--190026.npz,e3d99face8f241a2de36ed529db1943edbd7e9dadf44c99293effdf048bb2bb7
completed,,75,0.2820613329822663,1.5,453607424,"[{""baseline_escape_drive"":null,""collision_substeps"":0,""escape_drive_integral"":0.1409352733194828,""final_simulated_energy"":0.3427476915128528,""food"":0.0,""inference_mean_ms"":0.2633060677908361,""inference_wall_seconds"":0.019747955084312707,""motor_energy_demand"":0.007252308487147093,""reaction_seconds"":null,""recovery_seconds"":null,""simulation_seconds"":1.5}]",0.0,0,0.007252308487147093,0.7,0.0,not_applicable,stress,clean,190027,recurrent-303,"[""recurrent-303""]",75,aa4b3cee902019b16faa0c35609e9e3aa006dbc0e2621dfb08ceab6de62fa6fb,stress--recurrent-303--clean--190027.npz,91ec7074fe095f7bd68117062d14a2b5ecfcfc97c700839a8e7b7e284c619751
completed,,75,0.27129187498940155,1.5,453607424,"[{""baseline_escape_drive"":null,""collision_substeps"":0,""escape_drive_integral"":0.06519102059304714,""final_simulated_energy"":0.41765022633627025,""food"":0.14518727697432046,""inference_mean_ms"":0.23268330881061652,""inference_wall_seconds"":0.01745124816079624,""motor_energy_demand"":0.004943412150889635,""reaction_seconds"":null,""recovery_seconds"":null,""simulation_seconds"":1.5}]",0.14518727697432046,0,0.004943412150889635,0.5548127230256799,0.0,not_applicable,stress,clean,190028,recurrent-303,"[""recurrent-303""]",75,aa4b3cee902019b16faa0c35609e9e3aa006dbc0e2621dfb08ceab6de62fa6fb,stress--recurrent-303--clean--190028.npz,349ae0b65f79983c3f240ac5c9126820ea06143ab1f05f6f36acb44a060ae405
completed,,75,0.25382708400138654,1.5,453607424,"[{""baseline_escape_drive"":null,""collision_substeps"":0,""escape_drive_integral"":0.14101862743496896,""final_simulated_energy"":0.34274582927539954,""food"":0.0,""inference_mean_ms"":0.21635779994539917,""inference_wall_seconds"":0.016226834995904937,""motor_energy_demand"":0.007254170724600554,""reaction_seconds"":null,""recovery_seconds"":null,""simulation_seconds"":1.5}]",0.0,0,0.007254170724600554,0.7,0.0,not_applicable,stress,clean,190029,recurrent-303,"[""recurrent-303""]",75,aa4b3cee902019b16faa0c35609e9e3aa006dbc0e2621dfb08ceab6de62fa6fb,stress--recurrent-303--clean--190029.npz,1f13ea23189736aab9d60a22e7d4cede388aec4e2da25dfe6f3a4edc312491af
completed,,75,0.281458624987863,1.5,453623808,"[{""baseline_escape_drive"":null,""collision_substeps"":0,""escape_drive_integral"":0.14317499846220016,""final_simulated_energy"":0.34265088054925164,""food"":0.0,""inference_mean_ms"":0.26139891978042823,""inference_wall_seconds"":0.019604918983532116,""motor_energy_demand"":0.007349119450747967,""reaction_seconds"":null,""recovery_seconds"":null,""simulation_seconds"":1.5}]",0.0,0,0.007349119450747967,0.7,0.0,not_applicable,stress,clean,190030,recurrent-303,"[""recurrent-303""]",75,aa4b3cee902019b16faa0c35609e9e3aa006dbc0e2621dfb08ceab6de62fa6fb,stress--recurrent-303--clean--190030.npz,401a5addfb4d27c8d6988ecf2e7cbdefda812b0c8a6730b08b37af0105f57d7a
completed,,75,0.2756989999907091,1.5,453623808,"[{""baseline_escape_drive"":null,""collision_substeps"":0,""escape_drive_integral"":0.1432693350315094,""final_simulated_energy"":0.34263984762251376,""food"":0.0,""inference_mean_ms"":0.24324614748669166,""inference_wall_seconds"":0.018243461061501876,""motor_energy_demand"":0.007360152377486229,""reaction_seconds"":null,""recovery_seconds"":null,""simulation_seconds"":1.5}]",0.0,0,0.007360152377486229,0.7,0.0,not_applicable,stress,visual_noise,190001,recurrent-303,"[""recurrent-303""]",75,aa4b3cee902019b16faa0c35609e9e3aa006dbc0e2621dfb08ceab6de62fa6fb,stress--recurrent-303--visual_noise--190001.npz,c8221d605e4b72d5e15e04f655da6b250a47f7b8f2317aab62fe9cada2f177a6
completed,,75,0.27876858299714513,1.5,453640192,"[{""baseline_escape_drive"":null,""collision_substeps"":0,""escape_drive_integral"":0.14152810111641884,""final_simulated_energy"":0.34269071613982327,""food"":0.0,""inference_mean_ms"":0.24939774884842336,""inference_wall_seconds"":0.018704831163631752,""motor_energy_demand"":0.007309283860176802,""reaction_seconds"":null,""recovery_seconds"":null,""simulation_seconds"":1.5}]",0.0,0,0.007309283860176802,0.7,0.0,not_applicable,stress,visual_noise,190002,recurrent-303,"[""recurrent-303""]",75,aa4b3cee902019b16faa0c35609e9e3aa006dbc0e2621dfb08ceab6de62fa6fb,stress--recurrent-303--visual_noise--190002.npz,f93167d6d9a226d3e06062566aa909e49a74ad29b891646029b59dc450ec1abb
completed,,75,0.2563546250166837,1.5,453640192,"[{""baseline_escape_drive"":null,""collision_substeps"":0,""escape_drive_integral"":0.1403133362531662,""final_simulated_energy"":0.3427170947837831,""food"":0.0,""inference_mean_ms"":0.21759554743766785,""inference_wall_seconds"":0.01631966605782509,""motor_energy_demand"":0.007282905216217042,""reaction_seconds"":null,""recovery_seconds"":null,""simulation_seconds"":1.5}]",0.0,0,0.007282905216217042,0.7,0.0,not_applicable,stress,visual_noise,190003,recurrent-303,"[""recurrent-303""]",75,aa4b3cee902019b16faa0c35609e9e3aa006dbc0e2621dfb08ceab6de62fa6fb,stress--recurrent-303--visual_noise--190003.npz,e39cdf8bce5becf0720bd341edd83b5f39fc38d71a9aba3ee8ecd391866a05de
completed,,75,0.2772348749858793,1.5,453672960,"[{""baseline_escape_drive"":null,""collision_substeps"":0,""escape_drive_integral"":0.13934814274311066,""final_simulated_energy"":0.342750800745487,""food"":0.0,""inference_mean_ms"":0.2550682798027992,""inference_wall_seconds"":0.019130120985209942,""motor_energy_demand"":0.007249199254512787,""reaction_seconds"":null,""recovery_seconds"":null,""simulation_seconds"":1.5}]",0.0,0,0.007249199254512787,0.7,0.0,not_applicable,stress,visual_noise,190004,recurrent-303,"[""recurrent-303""]",75,aa4b3cee902019b16faa0c35609e9e3aa006dbc0e2621dfb08ceab6de62fa6fb,stress--recurrent-303--visual_noise--190004.npz,3eb62e06c5abffc3d291b27fa7c37c26fb5035f865def29223c536321f3fa759
completed,,75,0.26002612500451505,1.5,453672960,"[{""baseline_escape_drive"":null,""collision_substeps"":0,""escape_drive_integral"":0.1388087196648121,""final_simulated_energy"":0.34277753562107693,""food"":0.0,""inference_mean_ms"":0.22921556063617268,""inference_wall_seconds"":0.017191167047712952,""motor_energy_demand"":0.007222464378923178,""reaction_seconds"":null,""recovery_seconds"":null,""simulation_seconds"":1.5}]",0.0,0,0.007222464378923178,0.7,0.0,not_applicable,stress,visual_noise,190005,recurrent-303,"[""recurrent-303""]",75,aa4b3cee902019b16faa0c35609e9e3aa006dbc0e2621dfb08ceab6de62fa6fb,stress--recurrent-303--visual_noise--190005.npz,6b50d622be6230b3ee789c52be40a3a22655ad2d79253c1890bc3129faa767df
completed,,75,0.25561187497805804,1.5,453672960,"[{""baseline_escape_drive"":null,""collision_substeps"":0,""escape_drive_integral"":0.14076696798205376,""final_simulated_energy"":0.3427244055418672,""food"":0.0,""inference_mean_ms"":0.2162417738387982,""inference_wall_seconds"":0.016218133037909865,""motor_energy_demand"":0.007275594458132983,""reaction_seconds"":null,""recovery_seconds"":null,""simulation_seconds"":1.5}]",0.0,0,0.007275594458132983,0.7,0.0,not_applicable,stress,visual_noise,190006,recurrent-303,"[""recurrent-303""]",75,aa4b3cee902019b16faa0c35609e9e3aa006dbc0e2621dfb08ceab6de62fa6fb,stress--recurrent-303--visual_noise--190006.npz,fc82a2b5f0d61f85c0d3b5e1afb8b7fad00f99d4053b6e63b18f2731179a118f
completed,,75,0.26276358400355093,1.5,453672960,"[{""baseline_escape_drive"":null,""collision_substeps"":0,""escape_drive_integral"":0.1399756669998169,""final_simulated_energy"":0.3427582522481678,""food"":0.0,""inference_mean_ms"":0.23325713196148473,""inference_wall_seconds"":0.017494284897111356,""motor_energy_demand"":0.007241747751832009,""reaction_seconds"":null,""recovery_seconds"":null,""simulation_seconds"":1.5}]",0.0,0,0.007241747751832009,0.7,0.0,not_applicable,stress,visual_noise,190007,recurrent-303,"[""recurrent-303""]",75,aa4b3cee902019b16faa0c35609e9e3aa006dbc0e2621dfb08ceab6de62fa6fb,stress--recurrent-303--visual_noise--190007.npz,36497d586fdd6b0cc1d7e7e0c887bbde2f64aec78d2eaf9c42bbab568f3da2eb
completed,,75,0.2782833329983987,1.5,453689344,"[{""baseline_escape_drive"":null,""collision_substeps"":0,""escape_drive_integral"":0.13891258642077448,""final_simulated_energy"":0.3427738222245873,""food"":0.0,""inference_mean_ms"":0.2507865328031282,""inference_wall_seconds"":0.018808989960234612,""motor_energy_demand"":0.007226177775412798,""reaction_seconds"":null,""recovery_seconds"":null,""simulation_seconds"":1.5}]",0.0,0,0.007226177775412798,0.7,0.0,not_applicable,stress,visual_noise,190008,recurrent-303,"[""recurrent-303""]",75,aa4b3cee902019b16faa0c35609e9e3aa006dbc0e2621dfb08ceab6de62fa6fb,stress--recurrent-303--visual_noise--190008.npz,5659c23577d5e331c7e7000b37429ebbf09eeab4fbf991e5483b2b3891b726e3
completed,,75,0.26546683299238794,1.5,453705728,"[{""baseline_escape_drive"":null,""collision_substeps"":0,""escape_drive_integral"":0.14001831963658334,""final_simulated_energy"":0.3427694651676715,""food"":0.0,""inference_mean_ms"":0.23528382764197886,""inference_wall_seconds"":0.017646287073148414,""motor_energy_demand"":0.007230534832328558,""reaction_seconds"":null,""recovery_seconds"":null,""simulation_seconds"":1.5}]",0.0,0,0.007230534832328558,0.7,0.0,not_applicable,stress,visual_noise,190009,recurrent-303,"[""recurrent-303""]",75,aa4b3cee902019b16faa0c35609e9e3aa006dbc0e2621dfb08ceab6de62fa6fb,stress--recurrent-303--visual_noise--190009.npz,dec4e4ddab5487773645a5fba31e02d15c82ff04783d51745ad92c2a8cc59b0a
completed,,75,0.25937679200433195,1.5,453722112,"[{""baseline_escape_drive"":null,""collision_substeps"":0,""escape_drive_integral"":0.14165275737643243,""final_simulated_energy"":0.3426827164159715,""food"":0.0,""inference_mean_ms"":0.22084610653109848,""inference_wall_seconds"":0.016563457989832386,""motor_energy_demand"":0.007317283584028483,""reaction_seconds"":null,""recovery_seconds"":null,""simulation_seconds"":1.5}]",0.0,0,0.007317283584028483,0.7,0.0,not_applicable,stress,visual_noise,190010,recurrent-303,"[""recurrent-303""]",75,aa4b3cee902019b16faa0c35609e9e3aa006dbc0e2621dfb08ceab6de62fa6fb,stress--recurrent-303--visual_noise--190010.npz,47ec8cffba5bc1bc4a2945e6e42ea998100ca964e587d2df652bcad4174c977e
completed,,75,0.28374166702269576,1.5,453722112,"[{""baseline_escape_drive"":null,""collision_substeps"":0,""escape_drive_integral"":0.0677960853278637,""final_simulated_energy"":0.3861961346507813,""food"":0.08251469507813454,""inference_mean_ms"":0.2644322265405208,""inference_wall_seconds"":0.01983241699053906,""motor_energy_demand"":0.005061212888285517,""reaction_seconds"":null,""recovery_seconds"":null,""simulation_seconds"":1.5}]",0.08251469507813454,0,0.005061212888285517,0.6174853049218656,0.0,not_applicable,stress,visual_noise,190011,recurrent-303,"[""recurrent-303""]",75,aa4b3cee902019b16faa0c35609e9e3aa006dbc0e2621dfb08ceab6de62fa6fb,stress--recurrent-303--visual_noise--190011.npz,22a8d7455f0145fa9d1f28d68918e9d636a692e2cba57fff3eda5a7fba3cdb97
completed,,75,0.27376883299439214,1.5,453738496,"[{""baseline_escape_drive"":null,""collision_substeps"":0,""escape_drive_integral"":0.1450282397866249,""final_simulated_energy"":0.34257755004614543,""food"":0.0,""inference_mean_ms"":0.23811387984702984,""inference_wall_seconds"":0.01785854098852724,""motor_energy_demand"":0.007422449953854085,""reaction_seconds"":null,""recovery_seconds"":null,""simulation_seconds"":1.5}]",0.0,0,0.007422449953854085,0.7,0.0,not_applicable,stress,visual_noise,190012,recurrent-303,"[""recurrent-303""]",75,aa4b3cee902019b16faa0c35609e9e3aa006dbc0e2621dfb08ceab6de62fa6fb,stress--recurrent-303--visual_noise--190012.npz,63f93cf8ae05f0a207a0c57162b7109d26d720bdf8b34f696820710e5f3fbd30
completed,,75,0.3429230829933658,1.5,453738496,"[{""baseline_escape_drive"":null,""collision_substeps"":0,""escape_drive_integral"":0.056652430035173895,""final_simulated_energy"":0.445832865772806,""food"":0.20091501429677017,""inference_mean_ms"":0.29670112067833543,""inference_wall_seconds"":0.022252584050875157,""motor_energy_demand"":0.004624641375578939,""reaction_seconds"":null,""recovery_seconds"":null,""simulation_seconds"":1.5}]",0.20091501429677017,0,0.004624641375578939,0.49908498570323023,0.0,not_applicable,stress,visual_noise,190013,recurrent-303,"[""recurrent-303""]",75,aa4b3cee902019b16faa0c35609e9e3aa006dbc0e2621dfb08ceab6de62fa6fb,stress--recurrent-303--visual_noise--190013.npz,b6bccb8edfc2c71bbab667267f2029cf1a50e87ad674b6ebbb0bc5ee5ff294fd
completed,,75,0.27880266701686196,1.5,453754880,"[{""baseline_escape_drive"":null,""collision_substeps"":0,""escape_drive_integral"":0.14067713841795923,""final_simulated_energy"":0.34272629949972033,""food"":0.0,""inference_mean_ms"":0.24890833534300325,""inference_wall_seconds"":0.018668125150725245,""motor_energy_demand"":0.007273700500279666,""reaction_seconds"":null,""recovery_seconds"":null,""simulation_seconds"":1.5}]",0.0,0,0.007273700500279666,0.7,0.0,not_applicable,stress,visual_noise,190014,recurrent-303,"[""recurrent-303""]",75,aa4b3cee902019b16faa0c35609e9e3aa006dbc0e2621dfb08ceab6de62fa6fb,stress--recurrent-303--visual_noise--190014.npz,0e3f300f10da923704538606c0183c1e855965b65048522cabaca0b92347420e
completed,,75,0.27877945799264126,1.5,453754880,"[{""baseline_escape_drive"":null,""collision_substeps"":0,""escape_drive_integral"":0.13850189000368118,""final_simulated_energy"":0.3428042998227474,""food"":0.0,""inference_mean_ms"":0.25347553387594723,""inference_wall_seconds"":0.01901066504069604,""motor_energy_demand"":0.007195700177252293,""reaction_seconds"":null,""recovery_seconds"":null,""simulation_seconds"":1.5}]",0.0,0,0.007195700177252293,0.7,0.0,not_applicable,stress,visual_noise,190015,recurrent-303,"[""recurrent-303""]",75,aa4b3cee902019b16faa0c35609e9e3aa006dbc0e2621dfb08ceab6de62fa6fb,stress--recurrent-303--visual_noise--190015.npz,fd56d083c3817a1333b42b1a1e18a12ebf45cad02f6c6bab5d7d924f786f15d1
completed,,75,0.2533591669925954,1.5,453754880,"[{""baseline_escape_drive"":null,""collision_substeps"":0,""escape_drive_integral"":0.14233480110764504,""final_simulated_energy"":0.3426620496954028,""food"":0.0,""inference_mean_ms"":0.21517441413986185,""inference_wall_seconds"":0.01613808106048964,""motor_energy_demand"":0.007337950304597616,""reaction_seconds"":null,""recovery_seconds"":null,""simulation_seconds"":1.5}]",0.0,0,0.007337950304597616,0.7,0.0,not_applicable,stress,visual_noise,190016,recurrent-303,"[""recurrent-303""]",75,aa4b3cee902019b16faa0c35609e9e3aa006dbc0e2621dfb08ceab6de62fa6fb,stress--recurrent-303--visual_noise--190016.npz,22c003294bf8164f8b76a37ba31486c9901134bb3631ff0208c5169488ee51d8
completed,,75,0.2599778330186382,1.5,453754880,"[{""baseline_escape_drive"":null,""collision_substeps"":0,""escape_drive_integral"":0.140326406955719,""final_simulated_energy"":0.34273660137116857,""food"":0.0,""inference_mean_ms"":0.2336744925317665,""inference_wall_seconds"":0.017525586939882487,""motor_energy_demand"":0.00726339862883091,""reaction_seconds"":null,""recovery_seconds"":null,""simulation_seconds"":1.5}]",0.0,0,0.00726339862883091,0.7,0.0,not_applicable,stress,visual_noise,190017,recurrent-303,"[""recurrent-303""]",75,aa4b3cee902019b16faa0c35609e9e3aa006dbc0e2621dfb08ceab6de62fa6fb,stress--recurrent-303--visual_noise--190017.npz,f9d22d544e69466d34ea4c9b2b54514f28cc288d5ad26be11a91b6c9c0c06993
completed,,75,0.27019983300124295,1.5,453771264,"[{""baseline_escape_drive"":null,""collision_substeps"":0,""escape_drive_integral"":0.14026789739727974,""final_simulated_energy"":0.3427236572737993,""food"":0.0,""inference_mean_ms"":0.24340110714547336,""inference_wall_seconds"":0.018255083035910502,""motor_energy_demand"":0.00727634272620082,""reaction_seconds"":null,""recovery_seconds"":null,""simulation_seconds"":1.5}]",0.0,0,0.00727634272620082,0.7,0.0,not_applicable,stress,visual_noise,190018,recurrent-303,"[""recurrent-303""]",75,aa4b3cee902019b16faa0c35609e9e3aa006dbc0e2621dfb08ceab6de62fa6fb,stress--recurrent-303--visual_noise--190018.npz,fdedc34804526fd386a2333e471dffc34bb3c60f8864ae4ac898ec63b0b0c68c
completed,,75,0.26326462501310743,1.5,453787648,"[{""baseline_escape_drive"":null,""collision_substeps"":0,""escape_drive_integral"":0.14020714536309242,""final_simulated_energy"":0.3427364723850783,""food"":0.0,""inference_mean_ms"":0.23355382727459073,""inference_wall_seconds"":0.017516537045594305,""motor_energy_demand"":0.007263527614921331,""reaction_seconds"":null,""recovery_seconds"":null,""simulation_seconds"":1.5}]",0.0,0,0.007263527614921331,0.7,0.0,not_applicable,stress,visual_noise,190019,recurrent-303,"[""recurrent-303""]",75,aa4b3cee902019b16faa0c35609e9e3aa006dbc0e2621dfb08ceab6de62fa6fb,stress--recurrent-303--visual_noise--190019.npz,f81ca98fdda87c3e767301d996ea19ba3b8416359f2a3679da1d552a03ad001a
completed,,75,0.2590993750200141,1.5,453787648,"[{""baseline_escape_drive"":null,""collision_substeps"":0,""escape_drive_integral"":0.13995166704058648,""final_simulated_energy"":0.3427557824085651,""food"":0.0,""inference_mean_ms"":0.2267883469661077,""inference_wall_seconds"":0.017009126022458076,""motor_energy_demand"":0.007244217591434717,""reaction_seconds"":null,""recovery_seconds"":null,""simulation_seconds"":1.5}]",0.0,0,0.007244217591434717,0.7,0.0,not_applicable,stress,visual_noise,190020,recurrent-303,"[""recurrent-303""]",75,aa4b3cee902019b16faa0c35609e9e3aa006dbc0e2621dfb08ceab6de62fa6fb,stress--recurrent-303--visual_noise--190020.npz,3a2d370da0ee79da3bf46102e361f69ff7a30574209999d34fc776aeb12b47b5
completed,,75,0.2621425410034135,1.5,453787648,"[{""baseline_escape_drive"":null,""collision_substeps"":0,""escape_drive_integral"":0.14192846208810805,""final_simulated_energy"":0.34268349043458657,""food"":0.0,""inference_mean_ms"":0.2323500261021157,""inference_wall_seconds"":0.01742625195765868,""motor_energy_demand"":0.007316509565412997,""reaction_seconds"":null,""recovery_seconds"":null,""simulation_seconds"":1.5}]",0.0,0,0.007316509565412997,0.7,0.0,not_applicable,stress,visual_noise,190021,recurrent-303,"[""recurrent-303""]",75,aa4b3cee902019b16faa0c35609e9e3aa006dbc0e2621dfb08ceab6de62fa6fb,stress--recurrent-303--visual_noise--190021.npz,886b59252e9e83008e47a755cb968a971753be9e1430fed4091446f71bcea4e6
completed,,75,0.2787744579836726,1.5,453804032,"[{""baseline_escape_drive"":null,""collision_substeps"":0,""escape_drive_integral"":0.1402381853759289,""final_simulated_energy"":0.3427478945867716,""food"":0.0,""inference_mean_ms"":0.25077111980256933,""inference_wall_seconds"":0.0188078339851927,""motor_energy_demand"":0.0072521054132282745,""reaction_seconds"":null,""recovery_seconds"":null,""simulation_seconds"":1.5}]",0.0,0,0.0072521054132282745,0.7,0.0,not_applicable,stress,visual_noise,190022,recurrent-303,"[""recurrent-303""]",75,aa4b3cee902019b16faa0c35609e9e3aa006dbc0e2621dfb08ceab6de62fa6fb,stress--recurrent-303--visual_noise--190022.npz,f9db17a4afc9454479a77bd0d849821a9e4268ae46feb3bc6f948daffc38b108
completed,,75,0.2580015829880722,1.5,453804032,"[{""baseline_escape_drive"":null,""collision_substeps"":0,""escape_drive_integral"":0.1397253851592541,""final_simulated_energy"":0.3427662005452814,""food"":0.0,""inference_mean_ms"":0.22117724060080945,""inference_wall_seconds"":0.01658829304506071,""motor_energy_demand"":0.0072337994547188285,""reaction_seconds"":null,""recovery_seconds"":null,""simulation_seconds"":1.5}]",0.0,0,0.0072337994547188285,0.7,0.0,not_applicable,stress,visual_noise,190023,recurrent-303,"[""recurrent-303""]",75,aa4b3cee902019b16faa0c35609e9e3aa006dbc0e2621dfb08ceab6de62fa6fb,stress--recurrent-303--visual_noise--190023.npz,7c839b6e762a85badc05b43f12882ddd2424e1df0e526b7da350920b3486b93b
completed,,75,0.2533887909958139,1.5,453820416,"[{""baseline_escape_drive"":null,""collision_substeps"":0,""escape_drive_integral"":0.14146112754940987,""final_simulated_energy"":0.3426850217081604,""food"":0.0,""inference_mean_ms"":0.21811333019286394,""inference_wall_seconds"":0.016358499764464796,""motor_energy_demand"":0.0073149782918393615,""reaction_seconds"":null,""recovery_seconds"":null,""simulation_seconds"":1.5}]",0.0,0,0.0073149782918393615,0.7,0.0,not_applicable,stress,visual_noise,190024,recurrent-303,"[""recurrent-303""]",75,aa4b3cee902019b16faa0c35609e9e3aa006dbc0e2621dfb08ceab6de62fa6fb,stress--recurrent-303--visual_noise--190024.npz,406ea9d1916627d18f03f8cb9f5754081313a0a3842a27f8ebd55fc7068df4db
completed,,75,0.2909892080060672,1.5,453836800,"[{""baseline_escape_drive"":null,""collision_substeps"":0,""escape_drive_integral"":0.06178179692476988,""final_simulated_energy"":0.4321680821780486,""food"":0.1739129034429789,""inference_mean_ms"":0.29576282599009573,""inference_wall_seconds"":0.02218221194925718,""motor_energy_demand"":0.0047883695434406395,""reaction_seconds"":null,""recovery_seconds"":null,""simulation_seconds"":1.5}]",0.1739129034429789,0,0.0047883695434406395,0.526087096557021,0.0,not_applicable,stress,visual_noise,190025,recurrent-303,"[""recurrent-303""]",75,aa4b3cee902019b16faa0c35609e9e3aa006dbc0e2621dfb08ceab6de62fa6fb,stress--recurrent-303--visual_noise--190025.npz,ef91739725c0be16ce2bbe1264c2ad2f931f0e62a2d5bb1b2b0cdde5f5538f8f
completed,,75,0.27539829100714996,1.5,453836800,"[{""baseline_escape_drive"":null,""collision_substeps"":0,""escape_drive_integral"":0.13786048606038093,""final_simulated_energy"":0.34282788418009913,""food"":0.0,""inference_mean_ms"":0.24296713061630726,""inference_wall_seconds"":0.018222534796223044,""motor_energy_demand"":0.007172115819901227,""reaction_seconds"":null,""recovery_seconds"":null,""simulation_seconds"":1.5}]",0.0,0,0.007172115819901227,0.7,0.0,not_applicable,stress,visual_noise,190026,recurrent-303,"[""recurrent-303""]",75,aa4b3cee902019b16faa0c35609e9e3aa006dbc0e2621dfb08ceab6de62fa6fb,stress--recurrent-303--visual_noise--190026.npz,2a4e20f195e5aa69371329731245827978b0aecd0991d438dd4617635085f7fe
completed,,75,0.2777340830070898,1.5,453836800,"[{""baseline_escape_drive"":null,""collision_substeps"":0,""escape_drive_integral"":0.13794682428240776,""final_simulated_energy"":0.3428397405706347,""food"":0.0,""inference_mean_ms"":0.24102278674642247,""inference_wall_seconds"":0.018076709005981684,""motor_energy_demand"":0.007160259429365397,""reaction_seconds"":null,""recovery_seconds"":null,""simulation_seconds"":1.5}]",0.0,0,0.007160259429365397,0.7,0.0,not_applicable,stress,visual_noise,190027,recurrent-303,"[""recurrent-303""]",75,aa4b3cee902019b16faa0c35609e9e3aa006dbc0e2621dfb08ceab6de62fa6fb,stress--recurrent-303--visual_noise--190027.npz,b96ec53a57b53e3edbf723e8724a511c7a16ff2be1c55e881c603d64db684722
completed,,75,0.27008754198323004,1.5,453853184,"[{""baseline_escape_drive"":null,""collision_substeps"":0,""escape_drive_integral"":0.06387303290888667,""final_simulated_energy"":0.41661660730754996,""food"":0.1430298317968845,""inference_mean_ms"":0.22967609072414538,""inference_wall_seconds"":0.017225706804310903,""motor_energy_demand"":0.004898308590892703,""reaction_seconds"":null,""recovery_seconds"":null,""simulation_seconds"":1.5}]",0.1430298317968845,0,0.004898308590892703,0.5569701682031148,0.0,not_applicable,stress,visual_noise,190028,recurrent-303,"[""recurrent-303""]",75,aa4b3cee902019b16faa0c35609e9e3aa006dbc0e2621dfb08ceab6de62fa6fb,stress--recurrent-303--visual_noise--190028.npz,a61eede1c5a38f8783f9e4902d08f5e7a1a61914696d7f386d02bd3ee7f8d76c
completed,,75,0.2801900419872254,1.5,453853184,"[{""baseline_escape_drive"":null,""collision_substeps"":0,""escape_drive_integral"":0.13704419285058975,""final_simulated_energy"":0.3428594078931213,""food"":0.0,""inference_mean_ms"":0.26209216138037544,""inference_wall_seconds"":0.019656912103528157,""motor_energy_demand"":0.007140592106878757,""reaction_seconds"":null,""recovery_seconds"":null,""simulation_seconds"":1.5}]",0.0,0,0.007140592106878757,0.7,0.0,not_applicable,stress,visual_noise,190029,recurrent-303,"[""recurrent-303""]",75,aa4b3cee902019b16faa0c35609e9e3aa006dbc0e2621dfb08ceab6de62fa6fb,stress--recurrent-303--visual_noise--190029.npz,b5fe8664b9c2b2208a1dc7a9013c2083a1008f321d7c87274d29385c8ba99fd7
completed,,75,0.2615287500084378,1.5,453853184,"[{""baseline_escape_drive"":null,""collision_substeps"":0,""escape_drive_integral"":0.14128215119242668,""final_simulated_energy"":0.3426955592088403,""food"":0.0,""inference_mean_ms"":0.23164658496777218,""inference_wall_seconds"":0.017373493872582912,""motor_energy_demand"":0.007304440791159869,""reaction_seconds"":null,""recovery_seconds"":null,""simulation_seconds"":1.5}]",0.0,0,0.007304440791159869,0.7,0.0,not_applicable,stress,visual_noise,190030,recurrent-303,"[""recurrent-303""]",75,aa4b3cee902019b16faa0c35609e9e3aa006dbc0e2621dfb08ceab6de62fa6fb,stress--recurrent-303--visual_noise--190030.npz,d4b5992b6de3d0da5e7a98f8164de0173a16f9a3ab77437ecff72fd94f1e8a8f
completed,,100,10.207923499983735,2.0,467189760,"[{""baseline_escape_drive"":null,""collision_substeps"":18,""escape_drive_integral"":0.21880656853318214,""final_simulated_energy"":0.6997148153593425,""food"":0.11848360272929653,""inference_mean_ms"":0.4569254192756489,""inference_wall_seconds"":0.04569254192756489,""motor_energy_demand"":0.009526986005306243,""reaction_seconds"":null,""recovery_seconds"":null,""simulation_seconds"":2.0},{""baseline_escape_drive"":null,""collision_substeps"":74,""escape_drive_integral"":0.9289167705364525,""final_simulated_energy"":0.6442630634085598,""food"":0.029992609386658618,""inference_mean_ms"":0.34077127173077315,""inference_wall_seconds"":0.034077127173077315,""motor_energy_demand"":0.020733241284769027,""reaction_seconds"":null,""recovery_seconds"":null,""simulation_seconds"":2.0},{""baseline_escape_drive"":null,""collision_substeps"":95,""escape_drive_integral"":1.6596296811103821,""final_simulated_energy"":0.6725199917822612,""food"":0.11045434406747896,""inference_mean_ms"":0.28941333992406726,""inference_wall_seconds"":0.028941333992406726,""motor_energy_demand"":0.03270718025147915,""reaction_seconds"":null,""recovery_seconds"":null,""simulation_seconds"":2.0},{""baseline_escape_drive"":null,""collision_substeps"":39,""escape_drive_integral"":0.35039267610758545,""final_simulated_energy"":0.6841909707967908,""food"":0.0868124671730713,""inference_mean_ms"":0.20204625034239143,""inference_wall_seconds"":0.020204625034239143,""motor_energy_demand"":0.009215262789744884,""reaction_seconds"":null,""recovery_seconds"":null,""simulation_seconds"":2.0},{""baseline_escape_drive"":null,""collision_substeps"":134,""escape_drive_integral"":0.09404773497954011,""final_simulated_energy"":0.704750474799516,""food"":0.12074014248244108,""inference_mean_ms"":0.17642080114455894,""inference_wall_seconds"":0.017642080114455894,""motor_energy_demand"":0.005619596441704779,""reaction_seconds"":null,""recovery_seconds"":null,""simulation_seconds"":2.0},{""baseline_escape_drive"":null,""collision_substeps"":61,""escape_drive_integral"":0.11823766253888607,""final_simulated_energy"":0.7031167116115955,""food"":0.12085235450866927,""inference_mean_ms"":0.1704637610237114,""inference_wall_seconds"":0.01704637610237114,""motor_energy_demand"":0.007309465642739087,""reaction_seconds"":null,""recovery_seconds"":null,""simulation_seconds"":2.0},{""baseline_escape_drive"":null,""collision_substeps"":80,""escape_drive_integral"":1.0013029616698623,""final_simulated_energy"":0.6600951441234507,""food"":0.06067980905126095,""inference_mean_ms"":0.26599587756209075,""inference_wall_seconds"":0.026599587756209075,""motor_energy_demand"":0.020244760402180255,""reaction_seconds"":null,""recovery_seconds"":null,""simulation_seconds"":2.0},{""baseline_escape_drive"":null,""collision_substeps"":37,""escape_drive_integral"":0.060043254978954796,""final_simulated_energy"":0.7038984606712961,""food"":0.11926231751939194,""inference_mean_ms"":0.181129147822503,""inference_wall_seconds"":0.0181129147822503,""motor_energy_demand"":0.0057326980884000655,""reaction_seconds"":null,""recovery_seconds"":null,""simulation_seconds"":2.0},{""baseline_escape_drive"":null,""collision_substeps"":0,""escape_drive_integral"":0.022913396507501602,""final_simulated_energy"":0.7058472339960046,""food"":0.12016823042319198,""inference_mean_ms"":0.16224580904236063,""inference_wall_seconds"":0.016224580904236063,""motor_energy_demand"":0.004236881215590985,""reaction_seconds"":null,""recovery_seconds"":null,""simulation_seconds"":2.0},{""baseline_escape_drive"":null,""collision_substeps"":134,""escape_drive_integral"":1.618419086574614,""final_simulated_energy"":0.6791332378507199,""food"":0.11255412265853923,""inference_mean_ms"":65.30020836769836,""inference_wall_seconds"":6.530020836769836,""motor_energy_demand"":0.02714382347854761,""reaction_seconds"":null,""recovery_seconds"":null,""simulation_seconds"":2.0}]",1.0,672,0.14246989560046208,1.0,0.0,not_applicable,shared,clean,290001,shared_population,"[""recurrent-202"",""hybrid-202"",""hybrid-303"",""recurrent-101"",""feedforward-101"",""feedforward-202"",""hybrid-101"",""recurrent-303"",""feedforward-303"",""connectome""]",100,aa4b3cee902019b16faa0c35609e9e3aa006dbc0e2621dfb08ceab6de62fa6fb,shared--shared_population--clean--290001.npz,e9e7798cdbc1e94b36d064c604a319020f29fc3f69592396134cf256b4beda73
completed,,100,10.171405542001594,2.0,468631552,"[{""baseline_escape_drive"":null,""collision_substeps"":122,""escape_drive_integral"":1.6338233786717775,""final_simulated_energy"":0.6791156172614519,""food"":0.11308627234783283,""inference_mean_ms"":65.3096054319758,""inference_wall_seconds"":6.53096054319758,""motor_energy_demand"":0.02742751891246314,""reaction_seconds"":null,""recovery_seconds"":null,""simulation_seconds"":2.0},{""baseline_escape_drive"":null,""collision_substeps"":20,""escape_drive_integral"":0.2150626077502966,""final_simulated_energy"":0.6997841975726683,""food"":0.11834853248800019,""inference_mean_ms"":0.49538035906152805,""inference_wall_seconds"":0.0495380359061528,""motor_energy_demand"":0.00939006867133081,""reaction_seconds"":null,""recovery_seconds"":null,""simulation_seconds"":2.0},{""baseline_escape_drive"":null,""collision_substeps"":75,""escape_drive_integral"":0.933402303410694,""final_simulated_energy"":0.6441771766256588,""food"":0.029931702909274504,""inference_mean_ms"":0.36777333909412846,""inference_wall_seconds"":0.036777333909412846,""motor_energy_demand"":0.020788674828978254,""reaction_seconds"":null,""recovery_seconds"":null,""simulation_seconds"":2.0},{""baseline_escape_drive"":null,""collision_substeps"":91,""escape_drive_integral"":1.657642377614975,""final_simulated_energy"":0.6726161427426909,""food"":0.11057494290721062,""inference_mean_ms"":0.3021738212555647,""inference_wall_seconds"":0.03021738212555647,""motor_energy_demand"":0.032671328710913654,""reaction_seconds"":null,""recovery_seconds"":null,""simulation_seconds"":2.0},{""baseline_escape_drive"":null,""collision_substeps"":36,""escape_drive_integral"":0.3442771929129958,""final_simulated_energy"":0.684623845365596,""food"":0.0874976979829541,""inference_mean_ms"":0.20597372844349593,""inference_wall_seconds"":0.020597372844349593,""motor_energy_demand"":0.009125003625880928,""reaction_seconds"":null,""recovery_seconds"":null,""simulation_seconds"":2.0},{""baseline_escape_drive"":null,""collision_substeps"":122,""escape_drive_integral"":0.08550332594662904,""final_simulated_energy"":0.7042484041110575,""food"":0.12041632710116927,""inference_mean_ms"":0.1796637091320008,""inference_wall_seconds"":0.01796637091320008,""motor_energy_demand"":0.00595975943952799,""reaction_seconds"":null,""recovery_seconds"":null,""simulation_seconds"":2.0},{""baseline_escape_drive"":null,""collision_substeps"":60,""escape_drive_integral"":0.12002285638358444,""final_simulated_energy"":0.7028546658688876,""food"":0.12061133541605595,""inference_mean_ms"":0.17673750960966572,""inference_wall_seconds"":0.017673750960966572,""motor_energy_demand"":0.007451001839139499,""reaction_seconds"":null,""recovery_seconds"":null,""simulation_seconds"":2.0},{""baseline_escape_drive"":null,""collision_substeps"":83,""escape_drive_integral"":1.0615974186360837,""final_simulated_energy"":0.6592148788770233,""food"":0.06064522167040823,""inference_mean_ms"":0.273700789839495,""inference_wall_seconds"":0.027370078983949497,""motor_energy_demand"":0.021107731958180664,""reaction_seconds"":null,""recovery_seconds"":null,""simulation_seconds"":2.0},{""baseline_escape_drive"":null,""collision_substeps"":39,""escape_drive_integral"":0.06225661924108863,""final_simulated_energy"":0.7036725920223956,""food"":0.11897617258831006,""inference_mean_ms"":0.19617548095993698,""inference_wall_seconds"":0.019617548095993698,""motor_energy_demand"":0.0058154942717589435,""reaction_seconds"":null,""recovery_seconds"":null,""simulation_seconds"":2.0},{""baseline_escape_drive"":null,""collision_substeps"":0,""escape_drive_integral"":0.02352074729744345,""final_simulated_energy"":0.7057056785917872,""food"":0.11991179458878437,""inference_mean_ms"":0.1765200006775558,""inference_wall_seconds"":0.01765200006775558,""motor_energy_demand"":0.004250218702605926,""reaction_seconds"":null,""recovery_seconds"":null,""simulation_seconds"":2.0}]",1.0,648,0.14398680096077981,1.0,0.0,not_applicable,shared,clean,290002,shared_population,"[""connectome"",""recurrent-202"",""hybrid-202"",""hybrid-303"",""recurrent-101"",""feedforward-101"",""feedforward-202"",""hybrid-101"",""recurrent-303"",""feedforward-303""]",100,aa4b3cee902019b16faa0c35609e9e3aa006dbc0e2621dfb08ceab6de62fa6fb,shared--shared_population--clean--290002.npz,4e73f1b58fea456e51a336628200cd1902395d82e75395261ac79b23295f5eec
completed,,100,10.164743082976202,2.0,469909504,"[{""baseline_escape_drive"":null,""collision_substeps"":0,""escape_drive_integral"":0.022678555250167848,""final_simulated_energy"":0.7057543498085137,""food"":0.1199844577796152,""inference_mean_ms"":0.35839334945194423,""inference_wall_seconds"":0.03583933494519442,""motor_energy_demand"":0.00423787908129394,""reaction_seconds"":null,""recovery_seconds"":null,""simulation_seconds"":2.0},{""baseline_escape_drive"":null,""collision_substeps"":128,""escape_drive_integral"":1.8277770700309162,""final_simulated_energy"":0.6752898085590852,""food"":0.11120941105898494,""inference_mean_ms"":65.20418920030352,""inference_wall_seconds"":6.520418920030352,""motor_energy_demand"":0.03031489697040691,""reaction_seconds"":null,""recovery_seconds"":null,""simulation_seconds"":2.0},{""baseline_escape_drive"":null,""collision_substeps"":18,""escape_drive_integral"":0.2159346753358841,""final_simulated_energy"":0.6997483932461694,""food"":0.11834912130730284,""inference_mean_ms"":0.46744495135499164,""inference_wall_seconds"":0.046744495135499164,""motor_energy_demand"":0.009426167407482863,""reaction_seconds"":null,""recovery_seconds"":null,""simulation_seconds"":2.0},{""baseline_escape_drive"":null,""collision_substeps"":72,""escape_drive_integral"":0.9622257800307125,""final_simulated_energy"":0.6450604556215277,""food"":0.03255586712073545,""inference_mean_ms"":0.36230129073373973,""inference_wall_seconds"":0.03623012907337397,""motor_energy_demand"":0.021217477938840164,""reaction_seconds"":null,""recovery_seconds"":null,""simulation_seconds"":2.0},{""baseline_escape_drive"":null,""collision_substeps"":99,""escape_drive_integral"":1.6593118014931678,""final_simulated_energy"":0.6725713861713413,""food"":0.11073309541476012,""inference_mean_ms"":0.30125205928925425,""inference_wall_seconds"":0.030125205928925425,""motor_energy_demand"":0.03279516153603792,""reaction_seconds"":null,""recovery_seconds"":null,""simulation_seconds"":2.0},{""baseline_escape_drive"":null,""collision_substeps"":45,""escape_drive_integral"":0.342269812785089,""final_simulated_energy"":0.6855423624643816,""food"":0.08921411384629602,""inference_mean_ms"":0.21071834868052974,""inference_wall_seconds"":0.021071834868052974,""motor_energy_demand"":0.009064694458767774,""reaction_seconds"":null,""recovery_seconds"":null,""simulation_seconds"":2.0},{""baseline_escape_drive"":null,""collision_substeps"":128,""escape_drive_integral"":0.08327905546873808,""final_simulated_energy"":0.7041701237646462,""food"":0.12050262149966652,""inference_mean_ms"":0.18199663114501163,""inference_wall_seconds"":0.018199663114501163,""motor_energy_demand"":0.006081186985187232,""reaction_seconds"":null,""recovery_seconds"":null,""simulation_seconds"":2.0},{""baseline_escape_drive"":null,""collision_substeps"":63,""escape_drive_integral"":0.11914986326824874,""final_simulated_energy"":0.7029397175468377,""food"":0.1206734193521591,""inference_mean_ms"":0.1768216901109554,""inference_wall_seconds"":0.01768216901109554,""motor_energy_demand"":0.007396992129241117,""reaction_seconds"":null,""recovery_seconds"":null,""simulation_seconds"":2.0},{""baseline_escape_drive"":null,""collision_substeps"":76,""escape_drive_integral"":1.0738036847859622,""final_simulated_energy"":0.6576209897685145,""food"":0.057755168864003094,""inference_mean_ms"":0.27477623138111085,""inference_wall_seconds"":0.027477623138111085,""motor_energy_demand"":0.02125659466348588,""reaction_seconds"":null,""recovery_seconds"":null,""simulation_seconds"":2.0},{""baseline_escape_drive"":null,""collision_substeps"":36,""escape_drive_integral"":0.05951459411531687,""final_simulated_energy"":0.7038060186937307,""food"":0.11902272375647652,""inference_mean_ms"":0.20128124859184027,""inference_wall_seconds"":0.020128124859184027,""motor_energy_demand"":0.005705343184508385,""reaction_seconds"":null,""recovery_seconds"":null,""simulation_seconds"":2.0}]",0.9999999999999998,665,0.1474963943552522,1.0,0.0,not_applicable,shared,clean,290003,shared_population,"[""feedforward-303"",""connectome"",""recurrent-202"",""hybrid-202"",""hybrid-303"",""recurrent-101"",""feedforward-101"",""feedforward-202"",""hybrid-101"",""recurrent-303""]",100,aa4b3cee902019b16faa0c35609e9e3aa006dbc0e2621dfb08ceab6de62fa6fb,shared--shared_population--clean--290003.npz,86d33cc2e9abad79f5e696f4da6175971c919b643ba2bc589fa71e7953392186
completed,,100,10.05498924999847,2.0,470532096,"[{""baseline_escape_drive"":null,""collision_substeps"":35,""escape_drive_integral"":0.057433839328587054,""final_simulated_energy"":0.7038589917914866,""food"":0.11893852732999581,""inference_mean_ms"":0.37262002064380795,""inference_wall_seconds"":0.037262002064380795,""motor_energy_demand"":0.005610271873511375,""reaction_seconds"":null,""recovery_seconds"":null,""simulation_seconds"":2.0},{""baseline_escape_drive"":null,""collision_substeps"":0,""escape_drive_integral"":0.022925442322157322,""final_simulated_energy"":0.7056803556517619,""food"":0.11984205734721794,""inference_mean_ms"":0.2037828991888091,""inference_wall_seconds"":0.02037828991888091,""motor_energy_demand"":0.00424067302184645,""reaction_seconds"":null,""recovery_seconds"":null,""simulation_seconds"":2.0},{""baseline_escape_drive"":null,""collision_substeps"":115,""escape_drive_integral"":1.7319672929870669,""final_simulated_energy"":0.677641124868972,""food"":0.11325078614204569,""inference_mean_ms"":64.22521918750135,""inference_wall_seconds"":6.422521918750135,""motor_energy_demand"":0.028984268202050602,""reaction_seconds"":null,""recovery_seconds"":null,""simulation_seconds"":2.0},{""baseline_escape_drive"":null,""collision_substeps"":15,""escape_drive_integral"":0.2188875551521778,""final_simulated_energy"":0.6995539703506322,""food"":0.11816618542494288,""inference_mean_ms"":0.4557862796355039,""inference_wall_seconds"":0.04557862796355039,""motor_energy_demand"":0.009529122361838819,""reaction_seconds"":null,""recovery_seconds"":null,""simulation_seconds"":2.0},{""baseline_escape_drive"":null,""collision_substeps"":70,""escape_drive_integral"":0.9357071574404836,""final_simulated_energy"":0.6436485693840044,""food"":0.029122904677340695,""inference_mean_ms"":0.3562316985335201,""inference_wall_seconds"":0.03562316985335201,""motor_energy_demand"":0.02091288295466453,""reaction_seconds"":null,""recovery_seconds"":null,""simulation_seconds"":2.0},{""baseline_escape_drive"":null,""collision_substeps"":91,""escape_drive_integral"":1.6594195210933687,""final_simulated_energy"":0.6727382231362623,""food"":0.11070549501041041,""inference_mean_ms"":0.3079404414165765,""inference_wall_seconds"":0.03079404414165765,""motor_energy_demand"":0.03261452436894179,""reaction_seconds"":null,""recovery_seconds"":null,""simulation_seconds"":2.0},{""baseline_escape_drive"":null,""collision_substeps"":36,""escape_drive_integral"":0.35038248473778366,""final_simulated_energy"":0.6853983988065374,""food"":0.08920290430343253,""inference_mean_ms"":0.2013953696587123,""inference_wall_seconds"":0.02013953696587123,""motor_energy_demand"":0.009203053345177322,""reaction_seconds"":null,""recovery_seconds"":null,""simulation_seconds"":2.0},{""baseline_escape_drive"":null,""collision_substeps"":115,""escape_drive_integral"":0.08275341210886836,""final_simulated_energy"":0.7041818681680695,""food"":0.12037239162849506,""inference_mean_ms"":0.17876082070870325,""inference_wall_seconds"":0.017876082070870325,""motor_energy_demand"":0.006004327646177263,""reaction_seconds"":null,""recovery_seconds"":null,""simulation_seconds"":2.0},{""baseline_escape_drive"":null,""collision_substeps"":51,""escape_drive_integral"":0.11815422245301306,""final_simulated_energy"":0.7029299303845044,""food"":0.12048995327459777,""inference_mean_ms"":0.1736316885217093,""inference_wall_seconds"":0.01736316885217093,""motor_energy_demand"":0.0073150462527945635,""reaction_seconds"":null,""recovery_seconds"":null,""simulation_seconds"":2.0},{""baseline_escape_drive"":null,""collision_substeps"":86,""escape_drive_integral"":1.0946151211485267,""final_simulated_energy"":0.6583242720487766,""food"":0.059908794861521314,""inference_mean_ms"":0.2795358607545495,""inference_wall_seconds"":0.02795358607545495,""motor_energy_demand"":0.021630125381983813,""reaction_seconds"":null,""recovery_seconds"":null,""simulation_seconds"":2.0}]",1.0,614,0.14604429540898653,1.0,0.0,not_applicable,shared,clean,290004,shared_population,"[""recurrent-303"",""feedforward-303"",""connectome"",""recurrent-202"",""hybrid-202"",""hybrid-303"",""recurrent-101"",""feedforward-101"",""feedforward-202"",""hybrid-101""]",100,aa4b3cee902019b16faa0c35609e9e3aa006dbc0e2621dfb08ceab6de62fa6fb,shared--shared_population--clean--290004.npz,b9a14805935f81828b3c037d6116fbf3bb2f43e6d966a6890cb99fb97e78ef8a
completed,,100,11.783824999991339,2.0,470548480,"[{""baseline_escape_drive"":null,""collision_substeps"":65,""escape_drive_integral"":1.0993000623956324,""final_simulated_energy"":0.6587931184836487,""food"":0.06098312440790467,""inference_mean_ms"":0.5530820804415271,""inference_wall_seconds"":0.05530820804415271,""motor_energy_demand"":0.021698443720303474,""reaction_seconds"":null,""recovery_seconds"":null,""simulation_seconds"":2.0},{""baseline_escape_drive"":null,""collision_substeps"":35,""escape_drive_integral"":0.05906777154654264,""final_simulated_energy"":0.7036242445821242,""food"":0.11862676035812633,""inference_mean_ms"":0.26414040970848873,""inference_wall_seconds"":0.026414040970848873,""motor_energy_demand"":0.0056891355969384315,""reaction_seconds"":null,""recovery_seconds"":null,""simulation_seconds"":2.0},{""baseline_escape_drive"":null,""collision_substeps"":0,""escape_drive_integral"":0.022618315140716733,""final_simulated_energy"":0.7055540574149648,""food"":0.11957622212378187,""inference_mean_ms"":0.21240628004306927,""inference_wall_seconds"":0.021240628004306927,""motor_energy_demand"":0.004234053646926768,""reaction_seconds"":null,""recovery_seconds"":null,""simulation_seconds"":2.0},{""baseline_escape_drive"":null,""collision_substeps"":120,""escape_drive_integral"":1.6263388775539032,""final_simulated_energy"":0.6792450225207425,""food"":0.11300903934198045,""inference_mean_ms"":74.41576048120623,""inference_wall_seconds"":7.4415760481206235,""motor_energy_demand"":0.02725949715024649,""reaction_seconds"":null,""recovery_seconds"":null,""simulation_seconds"":2.0},{""baseline_escape_drive"":null,""collision_substeps"":11,""escape_drive_integral"":0.21728039205074312,""final_simulated_energy"":0.6995086169053435,""food"":0.11796430807646346,""inference_mean_ms"":0.5053937493357807,""inference_wall_seconds"":0.050539374933578074,""motor_energy_demand"":0.009473537132889034,""reaction_seconds"":null,""recovery_seconds"":null,""simulation_seconds"":2.0},{""baseline_escape_drive"":null,""collision_substeps"":68,""escape_drive_integral"":0.9072025183960796,""final_simulated_energy"":0.6436745072164899,""food"":0.028098939440576037,""inference_mean_ms"":0.4064496114733629,""inference_wall_seconds"":0.04064496114733629,""motor_energy_demand"":0.020374962503798312,""reaction_seconds"":null,""recovery_seconds"":null,""simulation_seconds"":2.0},{""baseline_escape_drive"":null,""collision_substeps"":94,""escape_drive_integral"":1.6522090780735017,""final_simulated_energy"":0.6725276416409789,""food"":0.10985415059105001,""inference_mean_ms"":0.3379170998232439,""inference_wall_seconds"":0.03379170998232439,""motor_energy_demand"":0.03239943365454674,""reaction_seconds"":null,""recovery_seconds"":null,""simulation_seconds"":2.0},{""baseline_escape_drive"":null,""collision_substeps"":37,""escape_drive_integral"":0.3513355181366205,""final_simulated_energy"":0.6865357137280357,""food"":0.09147044622889672,""inference_mean_ms"":0.22991292033111677,""inference_wall_seconds"":0.022991292033111677,""motor_energy_demand"":0.009199509386413264,""reaction_seconds"":null,""recovery_seconds"":null,""simulation_seconds"":2.0},{""baseline_escape_drive"":null,""collision_substeps"":33,""escape_drive_integral"":0.08408312488347292,""final_simulated_energy"":0.7039959269768852,""food"":0.12013402877601267,""inference_mean_ms"":0.20206291053909808,""inference_wall_seconds"":0.02020629105390981,""motor_energy_demand"":0.006071087411120535,""reaction_seconds"":null,""recovery_seconds"":null,""simulation_seconds"":2.0},{""baseline_escape_drive"":null,""collision_substeps"":120,""escape_drive_integral"":0.11969050327781589,""final_simulated_energy"":0.7027552763587934,""food"":0.12028298065520761,""inference_mean_ms"":0.20024581055622548,""inference_wall_seconds"":0.020024581055622548,""motor_energy_demand"":0.007386213968810626,""reaction_seconds"":null,""recovery_seconds"":null,""simulation_seconds"":2.0}]",0.9999999999999998,583,0.14378587417199368,1.0,0.0,not_applicable,shared,clean,290005,shared_population,"[""hybrid-101"",""recurrent-303"",""feedforward-303"",""connectome"",""recurrent-202"",""hybrid-202"",""hybrid-303"",""recurrent-101"",""feedforward-101"",""feedforward-202""]",100,aa4b3cee902019b16faa0c35609e9e3aa006dbc0e2621dfb08ceab6de62fa6fb,shared--shared_population--clean--290005.npz,882b1855537fc2760d305b73b0b184c743420fcb4cabbe9b67a8dfb751d876b8
completed,,100,14.924467957986053,2.0,409894912,"[{""baseline_escape_drive"":null,""collision_substeps"":58,""escape_drive_integral"":0.11688202511984855,""final_simulated_energy"":0.7030840654828984,""food"":0.12081351765188716,""inference_mean_ms"":0.5252549800206907,""inference_wall_seconds"":0.05252549800206907,""motor_energy_demand"":0.007322693343046123,""reaction_seconds"":null,""recovery_seconds"":null,""simulation_seconds"":2.0},{""baseline_escape_drive"":null,""collision_substeps"":67,""escape_drive_integral"":1.0651066401973366,""final_simulated_energy"":0.6590569226113867,""food"":0.06049871713946908,""inference_mean_ms"":0.5187396390829235,""inference_wall_seconds"":0.05187396390829235,""motor_energy_demand"":0.021192435958348212,""reaction_seconds"":null,""recovery_seconds"":null,""simulation_seconds"":2.0},{""baseline_escape_drive"":null,""collision_substeps"":36,""escape_drive_integral"":0.058689521048218014,""final_simulated_energy"":0.7039273673310563,""food"":0.11918994995554223,""inference_mean_ms"":0.3077033016597852,""inference_wall_seconds"":0.03077033016597852,""motor_energy_demand"":0.005667607646714896,""reaction_seconds"":null,""recovery_seconds"":null,""simulation_seconds"":2.0},{""baseline_escape_drive"":null,""collision_substeps"":0,""escape_drive_integral"":0.02270618602167815,""final_simulated_energy"":0.7058111352508828,""food"":0.12009175968776999,""inference_mean_ms"":0.26317125011701137,""inference_wall_seconds"":0.026317125011701137,""motor_energy_demand"":0.004234744593002834,""reaction_seconds"":null,""recovery_seconds"":null,""simulation_seconds"":2.0},{""baseline_escape_drive"":null,""collision_substeps"":129,""escape_drive_integral"":1.8350780669410205,""final_simulated_energy"":0.6746730916498173,""food"":0.11031466514786854,""inference_mean_ms"":94.35602000099607,""inference_wall_seconds"":9.435602000099607,""motor_energy_demand"":0.0304842409241158,""reaction_seconds"":null,""recovery_seconds"":null,""simulation_seconds"":2.0},{""baseline_escape_drive"":null,""collision_substeps"":15,""escape_drive_integral"":0.21890554934740067,""final_simulated_energy"":0.6996615299963841,""food"":0.11838095889893875,""inference_mean_ms"":0.6255454407073557,""inference_wall_seconds"":0.06255454407073557,""motor_energy_demand"":0.009528949453085661,""reaction_seconds"":null,""recovery_seconds"":null,""simulation_seconds"":2.0},{""baseline_escape_drive"":null,""collision_substeps"":67,""escape_drive_integral"":0.9747338350303472,""final_simulated_energy"":0.6449339426533214,""food"":0.03271985829447991,""inference_mean_ms"":0.5042982895975001,""inference_wall_seconds"":0.05042982895975001,""motor_energy_demand"":0.021425986493919046,""reaction_seconds"":null,""recovery_seconds"":null,""simulation_seconds"":2.0},{""baseline_escape_drive"":null,""collision_substeps"":98,""escape_drive_integral"":1.6604768577218056,""final_simulated_energy"":0.6757935947029554,""food"":0.11709787029539818,""inference_mean_ms"":0.4475671093678102,""inference_wall_seconds"":0.04475671093678102,""motor_energy_demand"":0.03275534044474363,""reaction_seconds"":null,""recovery_seconds"":null,""simulation_seconds"":2.0},{""baseline_escape_drive"":null,""collision_substeps"":46,""escape_drive_integral"":0.35220940712839366,""final_simulated_energy"":0.6839050357867067,""food"":0.08631500006374475,""inference_mean_ms"":0.2975587628316134,""inference_wall_seconds"":0.029755876283161342,""motor_energy_demand"":0.009252464245166628,""reaction_seconds"":null,""recovery_seconds"":null,""simulation_seconds"":2.0},{""baseline_escape_drive"":null,""collision_substeps"":128,""escape_drive_integral"":0.09936505088582635,""final_simulated_energy"":0.7044969524029427,""food"":0.12064714087535587,""inference_mean_ms"":0.2576354204211384,""inference_wall_seconds"":0.02576354204211384,""motor_energy_demand"":0.005826618034734858,""reaction_seconds"":null,""recovery_seconds"":null,""simulation_seconds"":2.0}]",1.0060694380104545,644,0.14769108113687768,0.9939305619895458,0.0,not_applicable,shared,clean,290006,shared_population,"[""feedforward-202"",""hybrid-101"",""recurrent-303"",""feedforward-303"",""connectome"",""recurrent-202"",""hybrid-202"",""hybrid-303"",""recurrent-101"",""feedforward-101""]",100,aa4b3cee902019b16faa0c35609e9e3aa006dbc0e2621dfb08ceab6de62fa6fb,shared--shared_population--clean--290006.npz,b19cda03e376ac0b6d75a296ca2d52c60559cb4e262f0efb3c22a57dff6a0fa6
completed,,100,13.534500167006627,2.0,386793472,"[{""baseline_escape_drive"":null,""collision_substeps"":44,""escape_drive_integral"":0.08844829695299268,""final_simulated_energy"":0.7046444448472395,""food"":0.12094940837279512,""inference_mean_ms"":0.4742299686768092,""inference_wall_seconds"":0.04742299686768092,""motor_energy_demand"":0.005830259339157492,""reaction_seconds"":null,""recovery_seconds"":null,""simulation_seconds"":2.0},{""baseline_escape_drive"":null,""collision_substeps"":132,""escape_drive_integral"":0.11901102628093213,""final_simulated_energy"":0.7032103056361935,""food"":0.12106608725038916,""inference_mean_ms"":0.27917466999497265,""inference_wall_seconds"":0.027917466999497265,""motor_energy_demand"":0.007322737989001908,""reaction_seconds"":null,""recovery_seconds"":null,""simulation_seconds"":2.0},{""baseline_escape_drive"":null,""collision_substeps"":60,""escape_drive_integral"":1.0169714007526636,""final_simulated_energy"":0.6590171313832941,""food"":0.05902724153657576,""inference_mean_ms"":0.43156211002497,""inference_wall_seconds"":0.043156211002497,""motor_energy_demand"":0.02049648938499391,""reaction_seconds"":null,""recovery_seconds"":null,""simulation_seconds"":2.0},{""baseline_escape_drive"":null,""collision_substeps"":37,""escape_drive_integral"":0.06045329904183745,""final_simulated_energy"":0.7039825264038153,""food"":0.11946333816755807,""inference_mean_ms"":0.2679999696556479,""inference_wall_seconds"":0.026799996965564787,""motor_energy_demand"":0.00574914267996326,""reaction_seconds"":null,""recovery_seconds"":null,""simulation_seconds"":2.0},{""baseline_escape_drive"":null,""collision_substeps"":0,""escape_drive_integral"":0.02304816449061036,""final_simulated_energy"":0.7059623302255743,""food"":0.12040735850587386,""inference_mean_ms"":0.23061670042807236,""inference_wall_seconds"":0.023061670042807236,""motor_energy_demand"":0.004241349027361721,""reaction_seconds"":null,""recovery_seconds"":null,""simulation_seconds"":2.0},{""baseline_escape_drive"":null,""collision_substeps"":132,""escape_drive_integral"":1.7506532546355595,""final_simulated_energy"":0.6758102013501021,""food"":0.10996643240961,""inference_mean_ms"":86.24313329928555,""inference_wall_seconds"":8.624313329928555,""motor_energy_demand"":0.029173014854700773,""reaction_seconds"":null,""recovery_seconds"":null,""simulation_seconds"":2.0},{""baseline_escape_drive"":null,""collision_substeps"":19,""escape_drive_integral"":0.21736169286072254,""final_simulated_energy"":0.6999130298755799,""food"":0.11877307112852402,""inference_mean_ms"":0.5764091602759436,""inference_wall_seconds"":0.05764091602759436,""motor_energy_demand"":0.009473505688682198,""reaction_seconds"":null,""recovery_seconds"":null,""simulation_seconds"":2.0},{""baseline_escape_drive"":null,""collision_substeps"":73,""escape_drive_integral"":0.9262840708252043,""final_simulated_energy"":0.6443816634226401,""food"":0.0302794011942847,""inference_mean_ms"":0.4626700087101199,""inference_wall_seconds"":0.04626700087101199,""motor_energy_demand"":0.02075803717450239,""reaction_seconds"":null,""recovery_seconds"":null,""simulation_seconds"":2.0},{""baseline_escape_drive"":null,""collision_substeps"":97,""escape_drive_integral"":1.665454674065113,""final_simulated_energy"":0.6731429410717428,""food"":0.11148431102048209,""inference_mean_ms"":0.3968782792799175,""inference_wall_seconds"":0.03968782792799175,""motor_energy_demand"":0.032599214438498024,""reaction_seconds"":null,""recovery_seconds"":null,""simulation_seconds"":2.0},{""baseline_escape_drive"":null,""collision_substeps"":60,""escape_drive_integral"":0.3486385128647089,""final_simulated_energy"":0.6851176010783329,""food"":0.08858335041390684,""inference_mean_ms"":0.26605418825056404,""inference_wall_seconds"":0.026605418825056404,""motor_energy_demand"":0.00917407412862056,""reaction_seconds"":null,""recovery_seconds"":null,""simulation_seconds"":2.0}]",0.9999999999999997,654,0.14481782470548224,1.0,0.0,not_applicable,shared,clean,290007,shared_population,"[""feedforward-101"",""feedforward-202"",""hybrid-101"",""recurrent-303"",""feedforward-303"",""connectome"",""recurrent-202"",""hybrid-202"",""hybrid-303"",""recurrent-101""]",100,aa4b3cee902019b16faa0c35609e9e3aa006dbc0e2621dfb08ceab6de62fa6fb,shared--shared_population--clean--290007.npz,cf9bc6ef4951b6ceb191ba074cb896d1abb70e87ccea5c253d0c417a8836b460
completed,,100,10.800709792005364,2.0,384057344,"[{""baseline_escape_drive"":null,""collision_substeps"":55,""escape_drive_integral"":0.341512095015496,""final_simulated_energy"":0.6859189076163213,""food"":0.0898959059512555,""inference_mean_ms"":0.4191695005283691,""inference_wall_seconds"":0.04191695005283691,""motor_energy_demand"":0.009029045359306037,""reaction_seconds"":null,""recovery_seconds"":null,""simulation_seconds"":2.0},{""baseline_escape_drive"":null,""collision_substeps"":84,""escape_drive_integral"":0.09332514388486743,""final_simulated_energy"":0.7044558798638417,""food"":0.12041758256009082,""inference_mean_ms"":0.21812585124280304,""inference_wall_seconds"":0.021812585124280304,""motor_energy_demand"":0.005752911416203715,""reaction_seconds"":null,""recovery_seconds"":null,""simulation_seconds"":2.0},{""baseline_escape_drive"":null,""collision_substeps"":126,""escape_drive_integral"":0.11943312007002532,""final_simulated_energy"":0.7029122587988273,""food"":0.12056469445165746,""inference_mean_ms"":0.19212332903407514,""inference_wall_seconds"":0.019212332903407514,""motor_energy_demand"":0.0073700884270016115,""reaction_seconds"":null,""recovery_seconds"":null,""simulation_seconds"":2.0},{""baseline_escape_drive"":null,""collision_substeps"":65,""escape_drive_integral"":1.0297690418362617,""final_simulated_energy"":0.6574199632680762,""food"":0.05605485590166937,""inference_mean_ms"":0.3264017010224052,""inference_wall_seconds"":0.03264017010224052,""motor_energy_demand"":0.020607464682757856,""reaction_seconds"":null,""recovery_seconds"":null,""simulation_seconds"":2.0},{""baseline_escape_drive"":null,""collision_substeps"":36,""escape_drive_integral"":0.05947418842464686,""final_simulated_energy"":0.7037875451732961,""food"":0.11897179702285192,""inference_mean_ms"":0.21846750954864547,""inference_wall_seconds"":0.021846750954864547,""motor_energy_demand"":0.005698353338129818,""reaction_seconds"":null,""recovery_seconds"":null,""simulation_seconds"":2.0},{""baseline_escape_drive"":null,""collision_substeps"":0,""escape_drive_integral"":0.022925221617333593,""final_simulated_energy"":0.7057125156530761,""food"":0.1199057719898371,""inference_mean_ms"":0.18354161904426292,""inference_wall_seconds"":0.01835416190442629,""motor_energy_demand"":0.004240370341842064,""reaction_seconds"":null,""recovery_seconds"":null,""simulation_seconds"":2.0},{""baseline_escape_drive"":null,""collision_substeps"":127,""escape_drive_integral"":1.8342926118411356,""final_simulated_energy"":0.6760655033352679,""food"":0.113303860489143,""inference_mean_ms"":68.31502048065886,""inference_wall_seconds"":6.831502048065886,""motor_energy_demand"":0.03058642690930143,""reaction_seconds"":null,""recovery_seconds"":null,""simulation_seconds"":2.0},{""baseline_escape_drive"":null,""collision_substeps"":21,""escape_drive_integral"":0.2181188903003931,""final_simulated_energy"":0.6996491814483669,""food"":0.11829306185796218,""inference_mean_ms"":0.466353299561888,""inference_wall_seconds"":0.0466353299561888,""motor_energy_demand"":0.009497349480614066,""reaction_seconds"":null,""recovery_seconds"":null,""simulation_seconds"":2.0},{""baseline_escape_drive"":null,""collision_substeps"":69,""escape_drive_integral"":0.9189686098415405,""final_simulated_energy"":0.6452257842596457,""food"":0.031673546671707256,""inference_mean_ms"":0.3713687416166067,""inference_wall_seconds"":0.03713687416166067,""motor_energy_demand"":0.02061098907620646,""reaction_seconds"":null,""recovery_seconds"":null,""simulation_seconds"":2.0},{""baseline_escape_drive"":null,""collision_substeps"":103,""escape_drive_integral"":1.6612488770484926,""final_simulated_energy"":0.6726676825767839,""food"":0.1109189231038257,""inference_mean_ms"":0.3167345910333097,""inference_wall_seconds"":0.03167345910333097,""motor_energy_demand"":0.03279177897512913,""reaction_seconds"":null,""recovery_seconds"":null,""simulation_seconds"":2.0}]",1.0000000000000002,686,0.14618477800649218,1.0,0.0,not_applicable,shared,clean,290008,shared_population,"[""recurrent-101"",""feedforward-101"",""feedforward-202"",""hybrid-101"",""recurrent-303"",""feedforward-303"",""connectome"",""recurrent-202"",""hybrid-202"",""hybrid-303""]",100,aa4b3cee902019b16faa0c35609e9e3aa006dbc0e2621dfb08ceab6de62fa6fb,shared--shared_population--clean--290008.npz,62ebb389b488690b2e3f936c7cc75d17e17654231bc7e3f34fc31b4fc91fc100
completed,,100,13.54825887500192,2.0,384090112,"[{""baseline_escape_drive"":null,""collision_substeps"":94,""escape_drive_integral"":1.655350243151188,""final_simulated_energy"":0.6733398210561935,""food"":0.11152742300463793,""inference_mean_ms"":0.6369242098298855,""inference_wall_seconds"":0.06369242098298855,""motor_energy_demand"":0.032423890446126466,""reaction_seconds"":null,""recovery_seconds"":null,""simulation_seconds"":2.0},{""baseline_escape_drive"":null,""collision_substeps"":40,""escape_drive_integral"":0.3472094250842929,""final_simulated_energy"":0.6851583411027801,""food"":0.088627345118547,""inference_mean_ms"":0.2965520601719618,""inference_wall_seconds"":0.02965520601719618,""motor_energy_demand"":0.009155331456493585,""reaction_seconds"":null,""recovery_seconds"":null,""simulation_seconds"":2.0},{""baseline_escape_drive"":null,""collision_substeps"":16,""escape_drive_integral"":0.0827993292734027,""final_simulated_energy"":0.704571258249258,""food"":0.12109906239727934,""inference_mean_ms"":0.24079917056951672,""inference_wall_seconds"":0.024079917056951672,""motor_energy_demand"":0.0059782729493826625,""reaction_seconds"":null,""recovery_seconds"":null,""simulation_seconds"":2.0},{""baseline_escape_drive"":null,""collision_substeps"":129,""escape_drive_integral"":0.11714691197499633,""final_simulated_energy"":0.703337479677258,""food"":0.12119986761547855,""inference_mean_ms"":0.23103836021618918,""inference_wall_seconds"":0.023103836021618918,""motor_energy_demand"":0.00726245413048193,""reaction_seconds"":null,""recovery_seconds"":null,""simulation_seconds"":2.0},{""baseline_escape_drive"":null,""collision_substeps"":65,""escape_drive_integral"":1.0461406081914901,""final_simulated_energy"":0.6574307799462266,""food"":0.056833138704456033,""inference_mean_ms"":0.3729025079519488,""inference_wall_seconds"":0.03729025079519488,""motor_energy_demand"":0.02098578940600157,""reaction_seconds"":null,""recovery_seconds"":null,""simulation_seconds"":2.0},{""baseline_escape_drive"":null,""collision_substeps"":38,""escape_drive_integral"":0.05788017239421606,""final_simulated_energy"":0.7041853733196413,""food"":0.11962700557692314,""inference_mean_ms"":0.2645316516282037,""inference_wall_seconds"":0.02645316516282037,""motor_energy_demand"":0.005628129468820989,""reaction_seconds"":null,""recovery_seconds"":null,""simulation_seconds"":2.0},{""baseline_escape_drive"":null,""collision_substeps"":0,""escape_drive_integral"":0.022552772262133657,""final_simulated_energy"":0.7060354188761593,""food"":0.12054028530591199,""inference_mean_ms"":0.23018791223876178,""inference_wall_seconds"":0.023018791223876178,""motor_energy_demand"":0.004234723776797764,""reaction_seconds"":null,""recovery_seconds"":null,""simulation_seconds"":2.0},{""baseline_escape_drive"":null,""collision_substeps"":129,""escape_drive_integral"":1.8392343055190639,""final_simulated_energy"":0.6759700951888279,""food"":0.11298303379426217,""inference_mean_ms"":85.35559919051593,""inference_wall_seconds"":8.535559919051593,""motor_energy_demand"":0.030521421708301574,""reaction_seconds"":null,""recovery_seconds"":null,""simulation_seconds"":2.0},{""baseline_escape_drive"":null,""collision_substeps"":16,""escape_drive_integral"":0.21697533875703812,""final_simulated_energy"":0.7000051194842303,""food"":0.11893360040310054,""inference_mean_ms"":0.5602216476108879,""inference_wall_seconds"":0.05602216476108879,""motor_energy_demand"":0.00946168071731925,""reaction_seconds"":null,""recovery_seconds"":null,""simulation_seconds"":2.0},{""baseline_escape_drive"":null,""collision_substeps"":70,""escape_drive_integral"":0.9444363418966532,""final_simulated_energy"":0.6433477706165923,""food"":0.02862923807940359,""inference_mean_ms"":0.4532183182891458,""inference_wall_seconds"":0.04532183182891458,""motor_energy_demand"":0.02096684842310846,""reaction_seconds"":null,""recovery_seconds"":null,""simulation_seconds"":2.0}]",1.0000000000000002,597,0.14661854248283426,1.0,0.0,not_applicable,shared,clean,290009,shared_population,"[""hybrid-303"",""recurrent-101"",""feedforward-101"",""feedforward-202"",""hybrid-101"",""recurrent-303"",""feedforward-303"",""connectome"",""recurrent-202"",""hybrid-202""]",100,aa4b3cee902019b16faa0c35609e9e3aa006dbc0e2621dfb08ceab6de62fa6fb,shared--shared_population--clean--290009.npz,eab5419adbbdac8f61dbae3263bd9f4427fa8f01ff4f7277ee38f3bad6040cc4
completed,,100,12.49867975001689,2.0,385220608,"[{""baseline_escape_drive"":null,""collision_substeps"":72,""escape_drive_integral"":0.9572288806922734,""final_simulated_energy"":0.6444840962837121,""food"":0.031533255998426886,""inference_mean_ms"":0.6410520596546121,""inference_wall_seconds"":0.06410520596546121,""motor_energy_demand"":0.021282531715501103,""reaction_seconds"":null,""recovery_seconds"":null,""simulation_seconds"":2.0},{""baseline_escape_drive"":null,""collision_substeps"":102,""escape_drive_integral"":1.6642581605911255,""final_simulated_energy"":0.6725438565394757,""food"":0.11038036710450584,""inference_mean_ms"":0.4009099508402869,""inference_wall_seconds"":0.04009099508402869,""motor_energy_demand"":0.03264632701277733,""reaction_seconds"":null,""recovery_seconds"":null,""simulation_seconds"":2.0},{""baseline_escape_drive"":null,""collision_substeps"":47,""escape_drive_integral"":0.3552814552932978,""final_simulated_energy"":0.6852473702594765,""food"":0.08906735625992214,""inference_mean_ms"":0.2686337925842963,""inference_wall_seconds"":0.02686337925842963,""motor_energy_demand"":0.00928630787048489,""reaction_seconds"":null,""recovery_seconds"":null,""simulation_seconds"":2.0},{""baseline_escape_drive"":null,""collision_substeps"":128,""escape_drive_integral"":0.08603818325325847,""final_simulated_energy"":0.7041890649496487,""food"":0.12029835152296207,""inference_mean_ms"":0.23771331849275157,""inference_wall_seconds"":0.023771331849275157,""motor_energy_demand"":0.005960110811833293,""reaction_seconds"":null,""recovery_seconds"":null,""simulation_seconds"":2.0},{""baseline_escape_drive"":null,""collision_substeps"":51,""escape_drive_integral"":0.11958798876963556,""final_simulated_energy"":0.7028489685441429,""food"":0.12042263243385341,""inference_mean_ms"":0.22355247958330438,""inference_wall_seconds"":0.022355247958330438,""motor_energy_demand"":0.0073623476727842346,""reaction_seconds"":null,""recovery_seconds"":null,""simulation_seconds"":2.0},{""baseline_escape_drive"":null,""collision_substeps"":87,""escape_drive_integral"":1.0526321400702,""final_simulated_energy"":0.6595086366209318,""food"":0.060941121103452955,""inference_mean_ms"":0.34578702005092055,""inference_wall_seconds"":0.034578702005092055,""motor_energy_demand"":0.020961923930793998,""reaction_seconds"":null,""recovery_seconds"":null,""simulation_seconds"":2.0},{""baseline_escape_drive"":null,""collision_substeps"":36,""escape_drive_integral"":0.0619989144615829,""final_simulated_energy"":0.7036242892512421,""food"":0.11885618545620039,""inference_mean_ms"":0.24092082923743874,""inference_wall_seconds"":0.024092082923743874,""motor_energy_demand"":0.005803803476858885,""reaction_seconds"":null,""recovery_seconds"":null,""simulation_seconds"":2.0},{""baseline_escape_drive"":null,""collision_substeps"":0,""escape_drive_integral"":0.023270179517567158,""final_simulated_energy"":0.7056242427903406,""food"":0.11973466369792428,""inference_mean_ms"":0.21916377067100257,""inference_wall_seconds"":0.021916377067100257,""motor_energy_demand"":0.004243089058622718,""reaction_seconds"":null,""recovery_seconds"":null,""simulation_seconds"":2.0},{""baseline_escape_drive"":null,""collision_substeps"":128,""escape_drive_integral"":1.6670519408873363,""final_simulated_energy"":0.6772432395383992,""food"":0.1106241837459175,""inference_mean_ms"":82.5202391599305,""inference_wall_seconds"":8.25202391599305,""motor_energy_demand"":0.028068852334559417,""reaction_seconds"":null,""recovery_seconds"":null,""simulation_seconds"":2.0},{""baseline_escape_drive"":null,""collision_substeps"":17,""escape_drive_integral"":0.2155529873073101,""final_simulated_energy"":0.6996610622355612,""food"":0.11814188267683474,""inference_mean_ms"":0.5393133105826564,""inference_wall_seconds"":0.05393133105826564,""motor_energy_demand"":0.009409879102855921,""reaction_seconds"":null,""recovery_seconds"":null,""simulation_seconds"":2.0}]",1.0000000000000002,668,0.1450251729870718,1.0,0.0,not_applicable,shared,clean,290010,shared_population,"[""hybrid-202"",""hybrid-303"",""recurrent-101"",""feedforward-101"",""feedforward-202"",""hybrid-101"",""recurrent-303"",""feedforward-303"",""connectome"",""recurrent-202""]",100,aa4b3cee902019b16faa0c35609e9e3aa006dbc0e2621dfb08ceab6de62fa6fb,shared--shared_population--clean--290010.npz,6024c2fcad78a61e1c3fa9d543de0161e23d54d1476bbde8f226e84a6dbda01f
completed,,100,13.27929970898549,2.0,385253376,"[{""baseline_escape_drive"":null,""collision_substeps"":47,""escape_drive_integral"":1.0623500269651414,""final_simulated_energy"":0.6574737538646149,""food"":0.05722409439950856,""inference_mean_ms"":0.667888768366538,""inference_wall_seconds"":0.0667888768366538,""motor_energy_demand"":0.021138293335139745,""reaction_seconds"":null,""recovery_seconds"":null,""simulation_seconds"":2.0},{""baseline_escape_drive"":null,""collision_substeps"":105,""escape_drive_integral"":0.8367776772007346,""final_simulated_energy"":0.6465100138394141,""food"":0.031735379370707174,""inference_mean_ms"":0.4424353194190189,""inference_wall_seconds"":0.04424353194190189,""motor_energy_demand"":0.019357675845939667,""reaction_seconds"":null,""recovery_seconds"":null,""simulation_seconds"":2.0},{""baseline_escape_drive"":null,""collision_substeps"":128,""escape_drive_integral"":1.6827127419205656,""final_simulated_energy"":0.6775891339401267,""food"":0.11169459539816441,""inference_mean_ms"":83.79794502223376,""inference_wall_seconds"":8.379794502223376,""motor_energy_demand"":0.0282581637589542,""reaction_seconds"":null,""recovery_seconds"":null,""simulation_seconds"":2.0},{""baseline_escape_drive"":null,""collision_substeps"":85,""escape_drive_integral"":1.6600404530763626,""final_simulated_energy"":0.6725423449386642,""food"":0.11056510709553767,""inference_mean_ms"":0.8420825508073904,""inference_wall_seconds"":0.08420825508073904,""motor_energy_demand"":0.03274020860910415,""reaction_seconds"":null,""recovery_seconds"":null,""simulation_seconds"":2.0},{""baseline_escape_drive"":null,""collision_substeps"":33,""escape_drive_integral"":0.216253661736846,""final_simulated_energy"":0.6999742030306604,""food"":0.11881589373433614,""inference_mean_ms"":0.34351547044934705,""inference_wall_seconds"":0.034351547044934705,""motor_energy_demand"":0.0094337438365072,""reaction_seconds"":null,""recovery_seconds"":null,""simulation_seconds"":2.0},{""baseline_escape_drive"":null,""collision_substeps"":0,""escape_drive_integral"":0.0602893397025764,""final_simulated_energy"":0.7040202142328366,""food"":0.1194872119484424,""inference_mean_ms"":0.3195012692594901,""inference_wall_seconds"":0.03195012692594901,""motor_energy_demand"":0.005723391741383821,""reaction_seconds"":null,""recovery_seconds"":null,""simulation_seconds"":2.0},{""baseline_escape_drive"":null,""collision_substeps"":37,""escape_drive_integral"":0.08417449560016393,""final_simulated_energy"":0.7043523927373535,""food"":0.12089127312132945,""inference_mean_ms"":0.26821209874469787,""inference_wall_seconds"":0.026821209874469787,""motor_energy_demand"":0.006093243823312223,""reaction_seconds"":null,""recovery_seconds"":null,""simulation_seconds"":2.0},{""baseline_escape_drive"":null,""collision_substeps"":0,""escape_drive_integral"":0.11814088065177203,""final_simulated_energy"":0.7031684827261685,""food"":0.12107588730487781,""inference_mean_ms"":0.24200416868552566,""inference_wall_seconds"":0.024200416868552566,""motor_energy_demand"":0.007369460926270112,""reaction_seconds"":null,""recovery_seconds"":null,""simulation_seconds"":2.0},{""baseline_escape_drive"":null,""collision_substeps"":0,""escape_drive_integral"":0.0230025469372049,""final_simulated_energy"":0.7059312436813131,""food"":0.12034087258628812,""inference_mean_ms"":0.23822793998988345,""inference_wall_seconds"":0.023822793998988345,""motor_energy_demand"":0.00423919261183124,""reaction_seconds"":null,""recovery_seconds"":null,""simulation_seconds"":2.0},{""baseline_escape_drive"":null,""collision_substeps"":18,""escape_drive_integral"":0.3546935670077801,""final_simulated_energy"":0.684823737519357,""food"":0.08816968504080855,""inference_mean_ms"":0.26983002928318456,""inference_wall_seconds"":0.026983002928318456,""motor_energy_demand"":0.009261105001047255,""reaction_seconds"":null,""recovery_seconds"":null,""simulation_seconds"":2.0}]",1.0000000000000002,453,0.1436144794894896,1.0,0.0,not_applicable,shared,clean,290011,shared_population,"[""hybrid-101"",""hybrid-202"",""connectome"",""hybrid-303"",""recurrent-202"",""recurrent-303"",""feedforward-101"",""feedforward-202"",""feedforward-303"",""recurrent-101""]",100,aa4b3cee902019b16faa0c35609e9e3aa006dbc0e2621dfb08ceab6de62fa6fb,shared--shared_population--clean--290011.npz,d05800c9754125b8fb3fca8d2abe1fa9ef0f871416ca64c53f0f1ff4bb9e95a3
completed,,100,11.508914750011172,2.0,381730816,"[{""baseline_escape_drive"":null,""collision_substeps"":22,""escape_drive_integral"":0.34323038468137385,""final_simulated_energy"":0.6835848234337274,""food"":0.08537779723168759,""inference_mean_ms"":0.46262291172752157,""inference_wall_seconds"":0.04626229117275216,""motor_energy_demand"":0.009104075182117522,""reaction_seconds"":null,""recovery_seconds"":null,""simulation_seconds"":2.0},{""baseline_escape_drive"":null,""collision_substeps"":40,""escape_drive_integral"":1.0665899002552033,""final_simulated_energy"":0.6586388941178004,""food"":0.05968930677181011,""inference_mean_ms"":0.4060241687693633,""inference_wall_seconds"":0.04060241687693633,""motor_energy_demand"":0.021205759268105032,""reaction_seconds"":null,""recovery_seconds"":null,""simulation_seconds"":2.0},{""baseline_escape_drive"":null,""collision_substeps"":104,""escape_drive_integral"":0.8619756346475334,""final_simulated_energy"":0.6453017584046483,""food"":0.030021492859095944,""inference_mean_ms"":0.3340704704169184,""inference_wall_seconds"":0.03340704704169184,""motor_energy_demand"":0.019708988024899732,""reaction_seconds"":null,""recovery_seconds"":null,""simulation_seconds"":2.0},{""baseline_escape_drive"":null,""collision_substeps"":124,""escape_drive_integral"":1.7321660773810845,""final_simulated_energy"":0.677942548338079,""food"":0.11354092870518143,""inference_mean_ms"":72.32899580907542,""inference_wall_seconds"":7.232899580907542,""motor_energy_demand"":0.028827916014510617,""reaction_seconds"":null,""recovery_seconds"":null,""simulation_seconds"":2.0},{""baseline_escape_drive"":null,""collision_substeps"":70,""escape_drive_integral"":1.659608011841774,""final_simulated_energy"":0.6730519307562859,""food"":0.11111569529417414,""inference_mean_ms"":0.6444374710554257,""inference_wall_seconds"":0.06444374710554257,""motor_energy_demand"":0.03250591689079999,""reaction_seconds"":null,""recovery_seconds"":null,""simulation_seconds"":2.0},{""baseline_escape_drive"":null,""collision_substeps"":8,""escape_drive_integral"":0.21856868714094163,""final_simulated_energy"":0.6998173233687319,""food"":0.11867011480767219,""inference_mean_ms"":0.2715200596139766,""inference_wall_seconds"":0.027152005961397663,""motor_energy_demand"":0.009517734035104513,""reaction_seconds"":null,""recovery_seconds"":null,""simulation_seconds"":2.0},{""baseline_escape_drive"":null,""collision_substeps"":28,""escape_drive_integral"":0.06060798795893788,""final_simulated_energy"":0.7039182783575054,""food"":0.11934257361625557,""inference_mean_ms"":0.24142382171703503,""inference_wall_seconds"":0.024142382171703503,""motor_energy_demand"":0.005753008450623601,""reaction_seconds"":null,""recovery_seconds"":null,""simulation_seconds"":2.0},{""baseline_escape_drive"":null,""collision_substeps"":23,""escape_drive_integral"":0.08199588218703867,""final_simulated_energy"":0.7043763858744919,""food"":0.12084899454598151,""inference_mean_ms"":0.21462207834701985,""inference_wall_seconds"":0.021462207834701985,""motor_energy_demand"":0.006048111398499459,""reaction_seconds"":null,""recovery_seconds"":null,""simulation_seconds"":2.0},{""baseline_escape_drive"":null,""collision_substeps"":29,""escape_drive_integral"":0.11743523385375738,""final_simulated_energy"":0.703160577872648,""food"":0.12106214327795811,""inference_mean_ms"":0.21257333224639297,""inference_wall_seconds"":0.021257333224639297,""motor_energy_demand"":0.007370493766330182,""reaction_seconds"":null,""recovery_seconds"":null,""simulation_seconds"":2.0},{""baseline_escape_drive"":null,""collision_substeps"":0,""escape_drive_integral"":0.022604958429001273,""final_simulated_energy"":0.7059288706180435,""food"":0.12033095289018375,""inference_mean_ms"":0.21331205120077357,""inference_wall_seconds"":0.021331205120077357,""motor_energy_demand"":0.004236605827049353,""reaction_seconds"":null,""recovery_seconds"":null,""simulation_seconds"":2.0}]",1.0000000000000004,448,0.14427860885804,1.0,0.0,not_applicable,shared,clean,290012,shared_population,"[""recurrent-101"",""hybrid-101"",""hybrid-202"",""connectome"",""hybrid-303"",""recurrent-202"",""recurrent-303"",""feedforward-101"",""feedforward-202"",""feedforward-303""]",100,aa4b3cee902019b16faa0c35609e9e3aa006dbc0e2621dfb08ceab6de62fa6fb,shared--shared_population--clean--290012.npz,2748efac5b077b1d589bfd0d4c37f46a1705179b82666721ad65293226204ece
completed,,100,10.44571512498078,2.0,382894080,"[{""baseline_escape_drive"":null,""collision_substeps"":0,""escape_drive_integral"":0.02347909764852375,""final_simulated_energy"":0.7057579037278483,""food"":0.12001249524742871,""inference_mean_ms"":0.3783241589553654,""inference_wall_seconds"":0.03783241589553654,""motor_energy_demand"":0.004248343895864674,""reaction_seconds"":null,""recovery_seconds"":null,""simulation_seconds"":2.0},{""baseline_escape_drive"":null,""collision_substeps"":15,""escape_drive_integral"":0.3453042665868998,""final_simulated_energy"":0.6856232190124276,""food"":0.08946367715346495,""inference_mean_ms"":0.25526716985041276,""inference_wall_seconds"":0.025526716985041276,""motor_energy_demand"":0.009108619564305991,""reaction_seconds"":null,""recovery_seconds"":null,""simulation_seconds"":2.0},{""baseline_escape_drive"":null,""collision_substeps"":48,""escape_drive_integral"":1.0284609917923808,""final_simulated_energy"":0.658904267851669,""food"":0.05908737631051858,""inference_mean_ms"":0.3238553783739917,""inference_wall_seconds"":0.03238553783739917,""motor_energy_demand"":0.020639420303590592,""reaction_seconds"":null,""recovery_seconds"":null,""simulation_seconds"":2.0},{""baseline_escape_drive"":null,""collision_substeps"":93,""escape_drive_integral"":0.8399217022769153,""final_simulated_energy"":0.644705912574818,""food"":0.028384783329384978,""inference_mean_ms"":0.28934870031662285,""inference_wall_seconds"":0.028934870031662285,""motor_energy_demand"":0.019486479089874772,""reaction_seconds"":null,""recovery_seconds"":null,""simulation_seconds"":2.0},{""baseline_escape_drive"":null,""collision_substeps"":139,""escape_drive_integral"":1.8942423843984446,""final_simulated_energy"":0.6751409815646741,""food"":0.11342247824491435,""inference_mean_ms"":66.36256708938163,""inference_wall_seconds"":6.636256708938163,""motor_energy_demand"":0.03157025755778219,""reaction_seconds"":null,""recovery_seconds"":null,""simulation_seconds"":2.0},{""baseline_escape_drive"":null,""collision_substeps"":100,""escape_drive_integral"":1.6592836895585061,""final_simulated_energy"":0.6726211239955932,""food"":0.11092441534541114,""inference_mean_ms"":0.5789066906436346,""inference_wall_seconds"":0.057890669064363465,""motor_energy_demand"":0.03284108367711305,""reaction_seconds"":null,""recovery_seconds"":null,""simulation_seconds"":2.0},{""baseline_escape_drive"":null,""collision_substeps"":54,""escape_drive_integral"":0.21849945336580276,""final_simulated_energy"":0.6996604104932218,""food"":0.11833562657874064,""inference_mean_ms"":0.2500766690354794,""inference_wall_seconds"":0.025007666903547943,""motor_energy_demand"":0.009507402796149254,""reaction_seconds"":null,""recovery_seconds"":null,""simulation_seconds"":2.0},{""baseline_escape_drive"":null,""collision_substeps"":13,""escape_drive_integral"":0.061424417812377216,""final_simulated_energy"":0.7037690611376116,""food"":0.11909675402195594,""inference_mean_ms"":0.2301941200857982,""inference_wall_seconds"":0.02301941200857982,""motor_energy_demand"":0.0057793158733658485,""reaction_seconds"":null,""recovery_seconds"":null,""simulation_seconds"":2.0},{""baseline_escape_drive"":null,""collision_substeps"":57,""escape_drive_integral"":0.08598902940750122,""final_simulated_energy"":0.7041506636585751,""food"":0.12054052626030176,""inference_mean_ms"":0.1897941398783587,""inference_wall_seconds"":0.01897941398783587,""motor_energy_demand"":0.006119599471576511,""reaction_seconds"":null,""recovery_seconds"":null,""simulation_seconds"":2.0},{""baseline_escape_drive"":null,""collision_substeps"":0,""escape_drive_integral"":0.11920278232079,""final_simulated_energy"":0.7029461936437933,""food"":0.12073186750787933,""inference_mean_ms"":0.18762707739369944,""inference_wall_seconds"":0.018762707739369944,""motor_energy_demand"":0.007419740110146814,""reaction_seconds"":null,""recovery_seconds"":null,""simulation_seconds"":2.0}]",1.0000000000000004,519,0.1467202623397697,1.0,0.0,not_applicable,shared,clean,290013,shared_population,"[""feedforward-303"",""recurrent-101"",""hybrid-101"",""hybrid-202"",""connectome"",""hybrid-303"",""recurrent-202"",""recurrent-303"",""feedforward-101"",""feedforward-202""]",100,aa4b3cee902019b16faa0c35609e9e3aa006dbc0e2621dfb08ceab6de62fa6fb,shared--shared_population--clean--290013.npz,bbc9a248331e7f11a65e5877cd5f4e50b4967093386bf3777d604a0a48a77a10
completed,,100,9.989849292003782,2.0,382992384,"[{""baseline_escape_drive"":null,""collision_substeps"":30,""escape_drive_integral"":0.11647833742201329,""final_simulated_energy"":0.7030968217600453,""food"":0.12076675149622325,""inference_mean_ms"":0.3535937794367783,""inference_wall_seconds"":0.03535937794367783,""motor_energy_demand"":0.00728655398806557,""reaction_seconds"":null,""recovery_seconds"":null,""simulation_seconds"":2.0},{""baseline_escape_drive"":null,""collision_substeps"":0,""escape_drive_integral"":0.022259568073786797,""final_simulated_energy"":0.7058145972462211,""food"":0.12008804817352081,""inference_mean_ms"":0.2029003613279201,""inference_wall_seconds"":0.02029003613279201,""motor_energy_demand"":0.004229426840539092,""reaction_seconds"":null,""recovery_seconds"":null,""simulation_seconds"":2.0},{""baseline_escape_drive"":null,""collision_substeps"":22,""escape_drive_integral"":0.352139341365546,""final_simulated_energy"":0.6846038982931671,""food"":0.08769157636787038,""inference_mean_ms"":0.2144883992150426,""inference_wall_seconds"":0.02144883992150426,""motor_energy_demand"":0.009241889890767635,""reaction_seconds"":null,""recovery_seconds"":null,""simulation_seconds"":2.0},{""baseline_escape_drive"":null,""collision_substeps"":42,""escape_drive_integral"":1.0672754979878665,""final_simulated_energy"":0.6577942500874151,""food"":0.057829257303576555,""inference_mean_ms"":0.3204549406655133,""inference_wall_seconds"":0.03204549406655133,""motor_energy_demand"":0.02112037856437266,""reaction_seconds"":null,""recovery_seconds"":null,""simulation_seconds"":2.0},{""baseline_escape_drive"":null,""collision_substeps"":100,""escape_drive_integral"":0.9072725894860924,""final_simulated_energy"":0.6444239528537857,""food"":0.029469826954666614,""inference_mean_ms"":0.28360077005345374,""inference_wall_seconds"":0.028360077005345374,""motor_energy_demand"":0.020310960623547435,""reaction_seconds"":null,""recovery_seconds"":null,""simulation_seconds"":2.0},{""baseline_escape_drive"":null,""collision_substeps"":122,""escape_drive_integral"":1.7856428626017233,""final_simulated_energy"":0.6775572580856614,""food"":0.11441926652221958,""inference_mean_ms"":63.30355209094706,""inference_wall_seconds"":6.330355209094705,""motor_energy_demand"":0.029652375175446374,""reaction_seconds"":null,""recovery_seconds"":null,""simulation_seconds"":2.0},{""baseline_escape_drive"":null,""collision_substeps"":82,""escape_drive_integral"":1.664034350514412,""final_simulated_energy"":0.6729483058315695,""food"":0.11143262987140667,""inference_mean_ms"":0.5664341305964626,""inference_wall_seconds"":0.056643413059646264,""motor_energy_demand"":0.032768009104132655,""reaction_seconds"":null,""recovery_seconds"":null,""simulation_seconds"":2.0},{""baseline_escape_drive"":null,""collision_substeps"":0,""escape_drive_integral"":0.21648013636469843,""final_simulated_energy"":0.6998445907217489,""food"":0.11856909630481784,""inference_mean_ms"":0.2374766909633763,""inference_wall_seconds"":0.02374766909633763,""motor_energy_demand"":0.009439957430660725,""reaction_seconds"":null,""recovery_seconds"":null,""simulation_seconds"":2.0},{""baseline_escape_drive"":null,""collision_substeps"":45,""escape_drive_integral"":0.061657227016985415,""final_simulated_energy"":0.7037528161669931,""food"":0.11909553355679667,""inference_mean_ms"":0.2104020700789988,""inference_wall_seconds"":0.02104020700789988,""motor_energy_demand"":0.005794950611405075,""reaction_seconds"":null,""recovery_seconds"":null,""simulation_seconds"":2.0},{""baseline_escape_drive"":null,""collision_substeps"":4,""escape_drive_integral"":0.08116982078179717,""final_simulated_energy"":0.7042775572610653,""food"":0.12063801344890135,""inference_mean_ms"":0.17788625875255093,""inference_wall_seconds"":0.017788625875255093,""motor_energy_demand"":0.006041449463386089,""reaction_seconds"":null,""recovery_seconds"":null,""simulation_seconds"":2.0}]",0.9999999999999997,447,0.1458859516923233,1.0,0.0,not_applicable,shared,clean,290014,shared_population,"[""feedforward-202"",""feedforward-303"",""recurrent-101"",""hybrid-101"",""hybrid-202"",""connectome"",""hybrid-303"",""recurrent-202"",""recurrent-303"",""feedforward-101""]",100,aa4b3cee902019b16faa0c35609e9e3aa006dbc0e2621dfb08ceab6de62fa6fb,shared--shared_population--clean--290014.npz,7d892e4cd83bb3d7e72df145fc1d4ea5472f9550af6e0f470096318ada4b2852
completed,,100,9.609935624990612,2.0,383582208,"[{""baseline_escape_drive"":null,""collision_substeps"":0,""escape_drive_integral"":0.082976069226861,""final_simulated_energy"":0.7042176714058606,""food"":0.12042172076225673,""inference_mean_ms"":0.3365591529291123,""inference_wall_seconds"":0.03365591529291123,""motor_energy_demand"":0.005993188975267112,""reaction_seconds"":null,""recovery_seconds"":null,""simulation_seconds"":2.0},{""baseline_escape_drive"":null,""collision_substeps"":1,""escape_drive_integral"":0.11706474005710334,""final_simulated_energy"":0.702981396386201,""food"":0.12052652327586377,""inference_mean_ms"":0.19369870016817003,""inference_wall_seconds"":0.019369870016817003,""motor_energy_demand"":0.007281865251730197,""reaction_seconds"":null,""recovery_seconds"":null,""simulation_seconds"":2.0},{""baseline_escape_drive"":null,""collision_substeps"":27,""escape_drive_integral"":0.02259872356429696,""final_simulated_energy"":0.7057043266457775,""food"":0.11987832162151085,""inference_mean_ms"":0.1708371180575341,""inference_wall_seconds"":0.01708371180575341,""motor_energy_demand"":0.004234834164977073,""reaction_seconds"":null,""recovery_seconds"":null,""simulation_seconds"":2.0},{""baseline_escape_drive"":null,""collision_substeps"":13,""escape_drive_integral"":0.34658675841987135,""final_simulated_energy"":0.6841139277793504,""food"":0.08650362808723806,""inference_mean_ms"":0.20164289133390412,""inference_wall_seconds"":0.02016428913339041,""motor_energy_demand"":0.009137886264268312,""reaction_seconds"":null,""recovery_seconds"":null,""simulation_seconds"":2.0},{""baseline_escape_drive"":null,""collision_substeps"":30,""escape_drive_integral"":1.0527501121163367,""final_simulated_energy"":0.6597958371831906,""food"":0.06151780336001086,""inference_mean_ms"":0.2921558398520574,""inference_wall_seconds"":0.02921558398520574,""motor_energy_demand"":0.0209630644968152,""reaction_seconds"":null,""recovery_seconds"":null,""simulation_seconds"":2.0},{""baseline_escape_drive"":null,""collision_substeps"":104,""escape_drive_integral"":0.9069954551290721,""final_simulated_energy"":0.6447000553541596,""food"":0.030224847212669482,""inference_mean_ms"":0.265662579331547,""inference_wall_seconds"":0.026566257933154702,""motor_energy_demand"":0.020412368252174927,""reaction_seconds"":null,""recovery_seconds"":null,""simulation_seconds"":2.0},{""baseline_escape_drive"":null,""collision_substeps"":124,""escape_drive_integral"":1.7471792362657617,""final_simulated_energy"":0.677185062642265,""food"":0.11330404614113862,""inference_mean_ms"":60.74007497081766,""inference_wall_seconds"":6.074007497081766,""motor_energy_demand"":0.029466960428303168,""reaction_seconds"":null,""recovery_seconds"":null,""simulation_seconds"":2.0},{""baseline_escape_drive"":null,""collision_substeps"":83,""escape_drive_integral"":1.661397525370121,""final_simulated_energy"":0.6723962546688722,""food"":0.1103813550049866,""inference_mean_ms"":0.5379016656661406,""inference_wall_seconds"":0.05379016656661406,""motor_energy_demand"":0.0327944228336215,""reaction_seconds"":null,""recovery_seconds"":null,""simulation_seconds"":2.0},{""baseline_escape_drive"":null,""collision_substeps"":0,""escape_drive_integral"":0.21722972363233567,""final_simulated_energy"":0.6996816489952604,""food"":0.11830270145412143,""inference_mean_ms"":0.22620085015660152,""inference_wall_seconds"":0.022620085015660152,""motor_energy_demand"":0.009469701731801033,""reaction_seconds"":null,""recovery_seconds"":null,""simulation_seconds"":2.0},{""baseline_escape_drive"":null,""collision_substeps"":43,""escape_drive_integral"":0.061068242248147726,""final_simulated_energy"":0.7036917235776456,""food"":0.1189390530802037,""inference_mean_ms"":0.19796706008492038,""inference_wall_seconds"":0.019796706008492038,""motor_energy_demand"":0.005777802962455899,""reaction_seconds"":null,""recovery_seconds"":null,""simulation_seconds"":2.0}]",1.0,425,0.14553209536141443,1.0,0.0,not_applicable,shared,clean,290015,shared_population,"[""feedforward-101"",""feedforward-202"",""feedforward-303"",""recurrent-101"",""hybrid-101"",""hybrid-202"",""connectome"",""hybrid-303"",""recurrent-202"",""recurrent-303""]",100,aa4b3cee902019b16faa0c35609e9e3aa006dbc0e2621dfb08ceab6de62fa6fb,shared--shared_population--clean--290015.npz,37e217e63c530203a7b338b9fd921329e1a290dc888b95a63b45db09fe562d8b
completed,,100,9.70373229199322,2.0,383631360,"[{""baseline_escape_drive"":null,""collision_substeps"":26,""escape_drive_integral"":0.05689535796642303,""final_simulated_energy"":0.70416340061709,""food"":0.11949582952618162,""inference_mean_ms"":0.4007746305433102,""inference_wall_seconds"":0.04007746305433102,""motor_energy_demand"":0.005584514146000147,""reaction_seconds"":null,""recovery_seconds"":null,""simulation_seconds"":2.0},{""baseline_escape_drive"":null,""collision_substeps"":26,""escape_drive_integral"":0.08092814741656185,""final_simulated_energy"":0.7045282080055233,""food"":0.12094487367823888,""inference_mean_ms"":0.2006357692880556,""inference_wall_seconds"":0.02006357692880556,""motor_energy_demand"":0.005944228833597153,""reaction_seconds"":null,""recovery_seconds"":null,""simulation_seconds"":2.0},{""baseline_escape_drive"":null,""collision_substeps"":0,""escape_drive_integral"":0.11671228418126703,""final_simulated_energy"":0.7032641048157171,""food"":0.12105808504181961,""inference_mean_ms"":0.1796688191825524,""inference_wall_seconds"":0.01796688191825524,""motor_energy_demand"":0.007264937705192716,""reaction_seconds"":null,""recovery_seconds"":null,""simulation_seconds"":2.0},{""baseline_escape_drive"":null,""collision_substeps"":0,""escape_drive_integral"":0.02238076858688146,""final_simulated_energy"":0.7059592741822764,""food"":0.12037593288385838,""inference_mean_ms"":0.17305458954069763,""inference_wall_seconds"":0.017305458954069763,""motor_energy_demand"":0.004228692259653472,""reaction_seconds"":null,""recovery_seconds"":null,""simulation_seconds"":2.0},{""baseline_escape_drive"":null,""collision_substeps"":4,""escape_drive_integral"":0.35011028138920663,""final_simulated_energy"":0.6859502474523407,""food"":0.09027488760554615,""inference_mean_ms"":0.19298126047942787,""inference_wall_seconds"":0.019298126047942787,""motor_energy_demand"":0.00918719635043293,""reaction_seconds"":null,""recovery_seconds"":null,""simulation_seconds"":2.0},{""baseline_escape_drive"":null,""collision_substeps"":21,""escape_drive_integral"":1.1661174858361483,""final_simulated_energy"":0.6554525880057368,""food"":0.05614637657999988,""inference_mean_ms"":0.28952172986464575,""inference_wall_seconds"":0.028952172986464575,""motor_energy_demand"":0.02262060028426349,""reaction_seconds"":null,""recovery_seconds"":null,""simulation_seconds"":2.0},{""baseline_escape_drive"":null,""collision_substeps"":98,""escape_drive_integral"":0.9013929130043835,""final_simulated_energy"":0.6441703722836459,""food"":0.02891538505891594,""inference_mean_ms"":0.26076502253999934,""inference_wall_seconds"":0.026076502253999934,""motor_energy_demand"":0.02028732024581172,""reaction_seconds"":null,""recovery_seconds"":null,""simulation_seconds"":2.0},{""baseline_escape_drive"":null,""collision_substeps"":128,""escape_drive_integral"":1.6660216071462333,""final_simulated_energy"":0.6784688280481724,""food"":0.11299849361111768,""inference_mean_ms"":61.14470663043903,""inference_wall_seconds"":6.114470663043903,""motor_energy_demand"":0.028030418757385427,""reaction_seconds"":null,""recovery_seconds"":null,""simulation_seconds"":2.0},{""baseline_escape_drive"":null,""collision_substeps"":102,""escape_drive_integral"":1.6569103199243547,""final_simulated_energy"":0.6726323142655583,""food"":0.11093116543330431,""inference_mean_ms"":0.5556779314065352,""inference_wall_seconds"":0.05556779314065352,""motor_energy_demand"":0.032833268451094626,""reaction_seconds"":null,""recovery_seconds"":null,""simulation_seconds"":2.0},{""baseline_escape_drive"":null,""collision_substeps"":5,""escape_drive_integral"":0.21634963490068912,""final_simulated_energy"":0.6999983684411006,""food"":0.11885897058101788,""inference_mean_ms"":0.22857337986351922,""inference_wall_seconds"":0.022857337986351922,""motor_energy_demand"":0.009431116849407555,""reaction_seconds"":null,""recovery_seconds"":null,""simulation_seconds"":2.0}]",1.0000000000000002,410,0.14541229388283924,1.0,0.0,not_applicable,shared,clean,290016,shared_population,"[""recurrent-303"",""feedforward-101"",""feedforward-202"",""feedforward-303"",""recurrent-101"",""hybrid-101"",""hybrid-202"",""connectome"",""hybrid-303"",""recurrent-202""]",100,aa4b3cee902019b16faa0c35609e9e3aa006dbc0e2621dfb08ceab6de62fa6fb,shared--shared_population--clean--290016.npz,7c0e3dcfd6a467b12f31dd3f1812a5c7cf2ddf4faeb9c559166b1e75cfe670d2
completed,,100,8.902271708997432,2.0,383647744,"[{""baseline_escape_drive"":null,""collision_substeps"":53,""escape_drive_integral"":0.21892890855669975,""final_simulated_energy"":0.6994809368403179,""food"":0.11802330165354871,""inference_mean_ms"":0.30837044992949814,""inference_wall_seconds"":0.030837044992949814,""motor_energy_demand"":0.009530713986456395,""reaction_seconds"":null,""recovery_seconds"":null,""simulation_seconds"":2.0},{""baseline_escape_drive"":null,""collision_substeps"":13,""escape_drive_integral"":0.05953142059966922,""final_simulated_energy"":0.7036988903171575,""food"":0.11882155648145963,""inference_mean_ms"":0.1886999877751805,""inference_wall_seconds"":0.01886999877751805,""motor_energy_demand"":0.0057118879235722115,""reaction_seconds"":null,""recovery_seconds"":null,""simulation_seconds"":2.0},{""baseline_escape_drive"":null,""collision_substeps"":43,""escape_drive_integral"":0.0851824601739645,""final_simulated_energy"":0.7041178748978145,""food"":0.1203032871881566,""inference_mean_ms"":0.15391039982205257,""inference_wall_seconds"":0.015391039982205257,""motor_energy_demand"":0.006033768696263433,""reaction_seconds"":null,""recovery_seconds"":null,""simulation_seconds"":2.0},{""baseline_escape_drive"":null,""collision_substeps"":0,""escape_drive_integral"":0.11877722127363086,""final_simulated_energy"":0.7028736724334218,""food"":0.12043767862185933,""inference_mean_ms"":0.15006203204393387,""inference_wall_seconds"":0.015006203204393387,""motor_energy_demand"":0.007345166877508162,""reaction_seconds"":null,""recovery_seconds"":null,""simulation_seconds"":2.0},{""baseline_escape_drive"":null,""collision_substeps"":0,""escape_drive_integral"":0.02231227861251682,""final_simulated_energy"":0.7056109747767885,""food"":0.11967382119926126,""inference_mean_ms"":0.14848414080915973,""inference_wall_seconds"":0.014848414080915973,""motor_energy_demand"":0.0042259358228417115,""reaction_seconds"":null,""recovery_seconds"":null,""simulation_seconds"":2.0},{""baseline_escape_drive"":null,""collision_substeps"":19,""escape_drive_integral"":0.34637665707618,""final_simulated_energy"":0.6856950309475583,""food"":0.08965526371774696,""inference_mean_ms"":0.1615461881738156,""inference_wall_seconds"":0.01615461881738156,""motor_energy_demand"":0.009132600911315531,""reaction_seconds"":null,""recovery_seconds"":null,""simulation_seconds"":2.0},{""baseline_escape_drive"":null,""collision_substeps"":55,""escape_drive_integral"":1.047327534481883,""final_simulated_energy"":0.659281576808149,""food"":0.060440751315017686,""inference_mean_ms"":0.24966796830995008,""inference_wall_seconds"":0.02496679683099501,""motor_energy_demand"":0.02093879884935916,""reaction_seconds"":null,""recovery_seconds"":null,""simulation_seconds"":2.0},{""baseline_escape_drive"":null,""collision_substeps"":102,""escape_drive_integral"":0.8828450981620699,""final_simulated_energy"":0.6450454774867681,""food"":0.030320757794646092,""inference_mean_ms"":0.23275752901099622,""inference_wall_seconds"":0.023275752901099622,""motor_energy_demand"":0.02011490141055547,""reaction_seconds"":null,""recovery_seconds"":null,""simulation_seconds"":2.0},{""baseline_escape_drive"":null,""collision_substeps"":133,""escape_drive_integral"":1.6940700984343613,""final_simulated_energy"":0.6776195218639757,""food"":0.11195794488582317,""inference_mean_ms"":56.706539989681914,""inference_wall_seconds"":5.6706539989681914,""motor_energy_demand"":0.028359450578934325,""reaction_seconds"":null,""recovery_seconds"":null,""simulation_seconds"":2.0},{""baseline_escape_drive"":null,""collision_substeps"":100,""escape_drive_integral"":1.6582009559869766,""final_simulated_energy"":0.6725012705968925,""food"":0.1103656371424813,""inference_mean_ms"":0.4597437914344482,""inference_wall_seconds"":0.04597437914344482,""motor_energy_demand"":0.03268154797434807,""reaction_seconds"":null,""recovery_seconds"":null,""simulation_seconds"":2.0}]",1.0000000000000007,518,0.14407477303115448,1.0,0.0,not_applicable,shared,clean,290017,shared_population,"[""recurrent-202"",""recurrent-303"",""feedforward-101"",""feedforward-202"",""feedforward-303"",""recurrent-101"",""hybrid-101"",""hybrid-202"",""connectome"",""hybrid-303""]",100,aa4b3cee902019b16faa0c35609e9e3aa006dbc0e2621dfb08ceab6de62fa6fb,shared--shared_population--clean--290017.npz,bbc3d615213d617c20cab73d2af7e05433610d066e3e95894820d0512fb86045
completed,,100,8.818231040990213,2.0,383713280,"[{""baseline_escape_drive"":null,""collision_substeps"":88,""escape_drive_integral"":1.6599664756655694,""final_simulated_energy"":0.6731417867084155,""food"":0.11169469004964973,""inference_mean_ms"":0.48563624877715483,""inference_wall_seconds"":0.04856362487771548,""motor_energy_demand"":0.03270555831640958,""reaction_seconds"":null,""recovery_seconds"":null,""simulation_seconds"":2.0},{""baseline_escape_drive"":null,""collision_substeps"":0,""escape_drive_integral"":0.21532323315739632,""final_simulated_energy"":0.6997706266428328,""food"":0.11833905026074377,""inference_mean_ms"":0.19637877849163488,""inference_wall_seconds"":0.019637877849163488,""motor_energy_demand"":0.009398898487538101,""reaction_seconds"":null,""recovery_seconds"":null,""simulation_seconds"":2.0},{""baseline_escape_drive"":null,""collision_substeps"":47,""escape_drive_integral"":0.05812208758667112,""final_simulated_energy"":0.7038393312387201,""food"":0.11898577657860214,""inference_mean_ms"":0.17398999159922823,""inference_wall_seconds"":0.017398999159922823,""motor_energy_demand"":0.005653557050582021,""reaction_seconds"":null,""recovery_seconds"":null,""simulation_seconds"":2.0},{""baseline_escape_drive"":null,""collision_substeps"":0,""escape_drive_integral"":0.0823699850589037,""final_simulated_energy"":0.7041835779770572,""food"":0.12047622650059508,""inference_mean_ms"":0.1609125197865069,""inference_wall_seconds"":0.01609125197865069,""motor_energy_demand"":0.006054535273239016,""reaction_seconds"":null,""recovery_seconds"":null,""simulation_seconds"":2.0},{""baseline_escape_drive"":null,""collision_substeps"":24,""escape_drive_integral"":0.11735605892725288,""final_simulated_energy"":0.7030020529917784,""food"":0.12059442144387623,""inference_mean_ms"":0.1505408392404206,""inference_wall_seconds"":0.015054083924042061,""motor_energy_demand"":0.00729515773016028,""reaction_seconds"":null,""recovery_seconds"":null,""simulation_seconds"":2.0},{""baseline_escape_drive"":null,""collision_substeps"":0,""escape_drive_integral"":0.022502821716479958,""final_simulated_energy"":0.705722346768404,""food"":0.11990993332041547,""inference_mean_ms"":0.14662248897366226,""inference_wall_seconds"":0.014662248897366226,""motor_energy_demand"":0.004232619891804643,""reaction_seconds"":null,""recovery_seconds"":null,""simulation_seconds"":2.0},{""baseline_escape_drive"":null,""collision_substeps"":13,""escape_drive_integral"":0.33877142891287804,""final_simulated_energy"":0.6856227753171277,""food"":0.08922383560857705,""inference_mean_ms"":0.15982713957782835,""inference_wall_seconds"":0.015982713957782835,""motor_energy_demand"":0.008989142487160862,""reaction_seconds"":null,""recovery_seconds"":null,""simulation_seconds"":2.0},{""baseline_escape_drive"":null,""collision_substeps"":20,""escape_drive_integral"":1.0696023415774107,""final_simulated_energy"":0.6580741081079052,""food"":0.05875546155749853,""inference_mean_ms"":0.2324899609084241,""inference_wall_seconds"":0.02324899609084241,""motor_energy_demand"":0.021303622670844194,""reaction_seconds"":null,""recovery_seconds"":null,""simulation_seconds"":2.0},{""baseline_escape_drive"":null,""collision_substeps"":81,""escape_drive_integral"":0.8436463638581335,""final_simulated_energy"":0.6449485791107866,""food"":0.02866952839531905,""inference_mean_ms"":0.2245453593786806,""inference_wall_seconds"":0.02245453593786806,""motor_energy_demand"":0.019386185086872433,""reaction_seconds"":null,""recovery_seconds"":null,""simulation_seconds"":2.0},{""baseline_escape_drive"":null,""collision_substeps"":114,""escape_drive_integral"":1.606565733445109,""final_simulated_energy"":0.6797330572790828,""food"":0.1133510762847226,""inference_mean_ms"":56.00138623121893,""inference_wall_seconds"":5.600138623121893,""motor_energy_demand"":0.026942480863276698,""reaction_seconds"":null,""recovery_seconds"":null,""simulation_seconds"":2.0}]",0.9999999999999997,387,0.14196175785788784,1.0,0.0,not_applicable,shared,clean,290018,shared_population,"[""hybrid-303"",""recurrent-202"",""recurrent-303"",""feedforward-101"",""feedforward-202"",""feedforward-303"",""recurrent-101"",""hybrid-101"",""hybrid-202"",""connectome""]",100,aa4b3cee902019b16faa0c35609e9e3aa006dbc0e2621dfb08ceab6de62fa6fb,shared--shared_population--clean--290018.npz,aaac9b5f8a5ee0aba6f5e76408ce8d63556ecb1ba318247889886634dbbec7e2
completed,,100,8.50917620799737,2.0,383746048,"[{""baseline_escape_drive"":null,""collision_substeps"":82,""escape_drive_integral"":1.8346448451653021,""final_simulated_energy"":0.6743993002131566,""food"":0.11012920881910246,""inference_mean_ms"":55.886336229450535,""inference_wall_seconds"":5.5886336229450535,""motor_energy_demand"":0.030665304196394464,""reaction_seconds"":null,""recovery_seconds"":null,""simulation_seconds"":2.0},{""baseline_escape_drive"":null,""collision_substeps"":94,""escape_drive_integral"":1.65846500903368,""final_simulated_energy"":0.6727353241843375,""food"":0.11088210623331624,""inference_mean_ms"":0.48323368828278035,""inference_wall_seconds"":0.048323368828278035,""motor_energy_demand"":0.03270572893232108,""reaction_seconds"":null,""recovery_seconds"":null,""simulation_seconds"":2.0},{""baseline_escape_drive"":null,""collision_substeps"":46,""escape_drive_integral"":0.2154626528173685,""final_simulated_energy"":0.6995643150724133,""food"":0.11793234875940597,""inference_mean_ms"":0.20339286857051775,""inference_wall_seconds"":0.020339286857051775,""motor_energy_demand"":0.009401859307289121,""reaction_seconds"":null,""recovery_seconds"":null,""simulation_seconds"":2.0},{""baseline_escape_drive"":null,""collision_substeps"":34,""escape_drive_integral"":0.058437931500375274,""final_simulated_energy"":0.7036388093615339,""food"":0.11858251015134441,""inference_mean_ms"":0.1755187415983528,""inference_wall_seconds"":0.01755187415983528,""motor_energy_demand"":0.005652445714138449,""reaction_seconds"":null,""recovery_seconds"":null,""simulation_seconds"":2.0},{""baseline_escape_drive"":null,""collision_substeps"":34,""escape_drive_integral"":0.08539475047960877,""final_simulated_energy"":0.7041636208044469,""food"":0.12000955379998583,""inference_mean_ms"":0.15514165221247822,""inference_wall_seconds"":0.015514165221247822,""motor_energy_demand"":0.00584115609554574,""reaction_seconds"":null,""recovery_seconds"":null,""simulation_seconds"":2.0},{""baseline_escape_drive"":null,""collision_substeps"":0,""escape_drive_integral"":0.11728990850970149,""final_simulated_energy"":0.7027464711992405,""food"":0.12016049931220162,""inference_mean_ms"":0.1509929189342074,""inference_wall_seconds"":0.015099291893420741,""motor_energy_demand"":0.007333778456859291,""reaction_seconds"":null,""recovery_seconds"":null,""simulation_seconds"":2.0},{""baseline_escape_drive"":null,""collision_substeps"":0,""escape_drive_integral"":0.022748477272689343,""final_simulated_energy"":0.705501319694576,""food"":0.11947771520558997,""inference_mean_ms"":0.15216998814139515,""inference_wall_seconds"":0.015216998814139515,""motor_energy_demand"":0.004237537908218801,""reaction_seconds"":null,""recovery_seconds"":null,""simulation_seconds"":2.0},{""baseline_escape_drive"":null,""collision_substeps"":18,""escape_drive_integral"":0.35365080723538994,""final_simulated_energy"":0.686193695883516,""food"":0.09085529967518169,""inference_mean_ms"":0.16432665142929181,""inference_wall_seconds"":0.01643266514292918,""motor_energy_demand"":0.00923395395407453,""reaction_seconds"":null,""recovery_seconds"":null,""simulation_seconds"":2.0},{""baseline_escape_drive"":null,""collision_substeps"":45,""escape_drive_integral"":1.0642611126229167,""final_simulated_energy"":0.6598299345142712,""food"":0.06189125833927586,""inference_mean_ms"":0.23743960075080395,""inference_wall_seconds"":0.023743960075080395,""motor_energy_demand"":0.021115694655366245,""reaction_seconds"":null,""recovery_seconds"":null,""simulation_seconds"":2.0},{""baseline_escape_drive"":null,""collision_substeps"":91,""escape_drive_integral"":0.8855654185824097,""final_simulated_energy"":0.6448432076839454,""food"":0.030079499704596238,""inference_mean_ms"":0.23989916080608964,""inference_wall_seconds"":0.023989916080608964,""motor_energy_demand"":0.020196542168351594,""reaction_seconds"":null,""recovery_seconds"":null,""simulation_seconds"":2.0}]",1.0000000000000004,444,0.1463840013885593,1.0,0.0,not_applicable,shared,clean,290019,shared_population,"[""connectome"",""hybrid-303"",""recurrent-202"",""recurrent-303"",""feedforward-101"",""feedforward-202"",""feedforward-303"",""recurrent-101"",""hybrid-101"",""hybrid-202""]",100,aa4b3cee902019b16faa0c35609e9e3aa006dbc0e2621dfb08ceab6de62fa6fb,shared--shared_population--clean--290019.npz,412d8db6a71b77b15ad52be13d92e98b3b7948901fd24511b9abeb6a318c6d5b
completed,,100,8.679722915985622,2.0,383762432,"[{""baseline_escape_drive"":null,""collision_substeps"":30,""escape_drive_integral"":1.0050662148185074,""final_simulated_energy"":0.643128219498303,""food"":0.030034394364729818,""inference_mean_ms"":0.3685758906067349,""inference_wall_seconds"":0.03685758906067349,""motor_energy_demand"":0.021888977684061978,""reaction_seconds"":null,""recovery_seconds"":null,""simulation_seconds"":2.0},{""baseline_escape_drive"":null,""collision_substeps"":40,""escape_drive_integral"":1.9450685127378833,""final_simulated_energy"":0.7019315537769796,""food"":0.16830030567236037,""inference_mean_ms"":55.321693358710036,""inference_wall_seconds"":5.532169335871004,""motor_energy_demand"":0.032218599059199195,""reaction_seconds"":null,""recovery_seconds"":null,""simulation_seconds"":2.0},{""baseline_escape_drive"":null,""collision_substeps"":78,""escape_drive_integral"":1.667197350859642,""final_simulated_energy"":0.6730298598030481,""food"":0.11171557629054191,""inference_mean_ms"":0.4459858298650943,""inference_wall_seconds"":0.04459858298650943,""motor_energy_demand"":0.03282792834222317,""reaction_seconds"":null,""recovery_seconds"":null,""simulation_seconds"":2.0},{""baseline_escape_drive"":null,""collision_substeps"":0,""escape_drive_integral"":0.21841933444142342,""final_simulated_energy"":0.6999103190694086,""food"":0.11885111002133844,""inference_mean_ms"":0.19421786884777248,""inference_wall_seconds"":0.019421786884777248,""motor_energy_demand"":0.009515235941261054,""reaction_seconds"":null,""recovery_seconds"":null,""simulation_seconds"":2.0},{""baseline_escape_drive"":null,""collision_substeps"":38,""escape_drive_integral"":0.060562692917883396,""final_simulated_energy"":0.7040398775160455,""food"":0.11957101392249482,""inference_mean_ms"":0.1699112681671977,""inference_wall_seconds"":0.01699112681671977,""motor_energy_demand"":0.0057456294452026485,""reaction_seconds"":null,""recovery_seconds"":null,""simulation_seconds"":2.0},{""baseline_escape_drive"":null,""collision_substeps"":0,""escape_drive_integral"":0.08283253967761993,""final_simulated_energy"":0.7044597313793093,""food"":0.12104728647941851,""inference_mean_ms"":0.14905705960700288,""inference_wall_seconds"":0.014905705960700288,""motor_energy_demand"":0.006063911860398948,""reaction_seconds"":null,""recovery_seconds"":null,""simulation_seconds"":2.0},{""baseline_escape_drive"":null,""collision_substeps"":0,""escape_drive_integral"":0.11705129247158766,""final_simulated_energy"":0.7033263937741457,""food"":0.12116311615176933,""inference_mean_ms"":0.14448964182520285,""inference_wall_seconds"":0.014448964182520285,""motor_energy_demand"":0.007255164301740006,""reaction_seconds"":null,""recovery_seconds"":null,""simulation_seconds"":2.0},{""baseline_escape_drive"":null,""collision_substeps"":0,""escape_drive_integral"":0.022534682182595134,""final_simulated_energy"":0.7060060045985268,""food"":0.12047796838638308,""inference_mean_ms"":0.14152118121273816,""inference_wall_seconds"":0.014152118121273816,""motor_energy_demand"":0.004232979594664648,""reaction_seconds"":null,""recovery_seconds"":null,""simulation_seconds"":2.0},{""baseline_escape_drive"":null,""collision_substeps"":19,""escape_drive_integral"":0.34180185386911033,""final_simulated_energy"":0.6840748053829263,""food"":0.08627524471683239,""inference_mean_ms"":0.15812461002497002,""inference_wall_seconds"":0.015812461002497002,""motor_energy_demand"":0.00906281697548926,""reaction_seconds"":null,""recovery_seconds"":null,""simulation_seconds"":2.0},{""baseline_escape_drive"":null,""collision_substeps"":26,""escape_drive_integral"":1.1280797490850092,""final_simulated_energy"":0.6573578328166604,""food"":0.05901666265444365,""inference_mean_ms"":0.22896415001014248,""inference_wall_seconds"":0.022896415001014248,""motor_energy_demand"":0.022150498510561882,""reaction_seconds"":null,""recovery_seconds"":null,""simulation_seconds"":2.0}]",1.0564526786603123,231,0.15096174171480278,0.9435473213396878,0.0,not_applicable,shared,clean,290020,shared_population,"[""hybrid-202"",""connectome"",""hybrid-303"",""recurrent-202"",""recurrent-303"",""feedforward-101"",""feedforward-202"",""feedforward-303"",""recurrent-101"",""hybrid-101""]",100,aa4b3cee902019b16faa0c35609e9e3aa006dbc0e2621dfb08ceab6de62fa6fb,shared--shared_population--clean--290020.npz,725dfa5cc62efa328ca99b4f1d9355ed557d1d42dc0d3fa09f0e98e683298515
completed,,100,8.39213995798491,2.0,383795200,"[{""baseline_escape_drive"":null,""collision_substeps"":0,""escape_drive_integral"":0.05979101803153753,""final_simulated_energy"":0.7037269450347227,""food"":0.11888460707838208,""inference_mean_ms"":0.27212328976020217,""inference_wall_seconds"":0.027212328976020217,""motor_energy_demand"":0.005715358504466714,""reaction_seconds"":null,""recovery_seconds"":null,""simulation_seconds"":2.0},{""baseline_escape_drive"":null,""collision_substeps"":0,""escape_drive_integral"":0.21849085703492166,""final_simulated_energy"":0.6996111033705138,""food"":0.11824505713974548,""inference_mean_ms"":0.17643411818426102,""inference_wall_seconds"":0.017643411818426102,""motor_energy_demand"":0.009511425199359658,""reaction_seconds"":null,""recovery_seconds"":null,""simulation_seconds"":2.0},{""baseline_escape_drive"":null,""collision_substeps"":129,""escape_drive_integral"":1.8327090447776215,""final_simulated_energy"":0.6767813639912245,""food"":0.11414228053403115,""inference_mean_ms"":53.96797213004902,""inference_wall_seconds"":5.396797213004902,""motor_energy_demand"":0.030289776275790048,""reaction_seconds"":null,""recovery_seconds"":null,""simulation_seconds"":2.0},{""baseline_escape_drive"":null,""collision_substeps"":57,""escape_drive_integral"":1.0160184519737958,""final_simulated_energy"":0.6592626730993988,""food"":0.059488700390726894,""inference_mean_ms"":0.4406962008215487,""inference_wall_seconds"":0.04406962008215487,""motor_energy_demand"":0.020481677095964552,""reaction_seconds"":null,""recovery_seconds"":null,""simulation_seconds"":2.0},{""baseline_escape_drive"":null,""collision_substeps"":86,""escape_drive_integral"":0.8460446484386921,""final_simulated_energy"":0.6453557085221083,""food"":0.029840542389267564,""inference_mean_ms"":0.25920038926415145,""inference_wall_seconds"":0.025920038926415145,""motor_energy_demand"":0.019564562672525647,""reaction_seconds"":null,""recovery_seconds"":null,""simulation_seconds"":2.0},{""baseline_escape_drive"":null,""collision_substeps"":109,""escape_drive_integral"":1.661527019739151,""final_simulated_energy"":0.6728143627966113,""food"":0.11083173375262091,""inference_mean_ms"":0.24110416939947754,""inference_wall_seconds"":0.024110416939947754,""motor_energy_demand"":0.032601504079699514,""reaction_seconds"":null,""recovery_seconds"":null,""simulation_seconds"":2.0},{""baseline_escape_drive"":null,""collision_substeps"":71,""escape_drive_integral"":0.023250103322789074,""final_simulated_energy"":0.7056651124675745,""food"":0.11981594279655729,""inference_mean_ms"":0.15388876985525712,""inference_wall_seconds"":0.015388876985525712,""motor_energy_demand"":0.004242858930705116,""reaction_seconds"":null,""recovery_seconds"":null,""simulation_seconds"":2.0},{""baseline_escape_drive"":null,""collision_substeps"":46,""escape_drive_integral"":0.11925922943279148,""final_simulated_energy"":0.70285354333898,""food"":0.12053018243670344,""inference_mean_ms"":0.1480358192929998,""inference_wall_seconds"":0.01480358192929998,""motor_energy_demand"":0.0074115478793717925,""reaction_seconds"":null,""recovery_seconds"":null,""simulation_seconds"":2.0},{""baseline_escape_drive"":null,""collision_substeps"":129,""escape_drive_integral"":0.3407000771723688,""final_simulated_energy"":0.6848763903054084,""food"":0.08786033920851517,""inference_mean_ms"":0.15937165066134185,""inference_wall_seconds"":0.015937165066134185,""motor_energy_demand"":0.009053779298849403,""reaction_seconds"":null,""recovery_seconds"":null,""simulation_seconds"":2.0},{""baseline_escape_drive"":null,""collision_substeps"":25,""escape_drive_integral"":0.08267861317843199,""final_simulated_energy"":0.7042305441797039,""food"":0.12036061427345018,""inference_mean_ms"":0.14189098874339834,""inference_wall_seconds"":0.014189098874339834,""motor_energy_demand"":0.005949762957021595,""reaction_seconds"":null,""recovery_seconds"":null,""simulation_seconds"":2.0}]",1.0000000000000002,652,0.14482225289375403,1.0,0.0,not_applicable,shared,clean,290021,shared_population,"[""recurrent-303"",""recurrent-202"",""connectome"",""hybrid-101"",""hybrid-202"",""hybrid-303"",""feedforward-303"",""feedforward-202"",""recurrent-101"",""feedforward-101""]",100,aa4b3cee902019b16faa0c35609e9e3aa006dbc0e2621dfb08ceab6de62fa6fb,shared--shared_population--clean--290021.npz,1fce2030ba762016abc07f2a0a57f5cca3febf8e4de3f0ec2dcb2c4a5d2935b3
completed,,100,8.266605707991403,2.0,383811584,"[{""baseline_escape_drive"":null,""collision_substeps"":0,""escape_drive_integral"":0.08664000893011689,""final_simulated_energy"":0.7041120369596285,""food"":0.12056144243919564,""inference_mean_ms"":0.24426713032880795,""inference_wall_seconds"":0.024426713032880798,""motor_energy_demand"":0.006168684259969741,""reaction_seconds"":null,""recovery_seconds"":null,""simulation_seconds"":2.0},{""baseline_escape_drive"":null,""collision_substeps"":0,""escape_drive_integral"":0.06007823234423995,""final_simulated_energy"":0.7038255554782699,""food"":0.11909357410556097,""inference_mean_ms"":0.18279838986927643,""inference_wall_seconds"":0.018279838986927643,""motor_energy_demand"":0.005721231574509293,""reaction_seconds"":null,""recovery_seconds"":null,""simulation_seconds"":2.0},{""baseline_escape_drive"":null,""collision_substeps"":1,""escape_drive_integral"":0.21987683922052384,""final_simulated_energy"":0.6995756054224318,""food"":0.11828583172772968,""inference_mean_ms"":0.16505539242643863,""inference_wall_seconds"":0.016505539242643863,""motor_energy_demand"":0.009567310441434385,""reaction_seconds"":null,""recovery_seconds"":null,""simulation_seconds"":2.0},{""baseline_escape_drive"":null,""collision_substeps"":128,""escape_drive_integral"":1.754354877391699,""final_simulated_energy"":0.676688096665208,""food"":0.11212491705303985,""inference_mean_ms"":54.06544585188385,""inference_wall_seconds"":5.406544585188385,""motor_energy_demand"":0.029374361861311142,""reaction_seconds"":null,""recovery_seconds"":null,""simulation_seconds"":2.0},{""baseline_escape_drive"":null,""collision_substeps"":55,""escape_drive_integral"":1.10063068266958,""final_simulated_energy"":0.6577575420879204,""food"":0.05903070159241437,""inference_mean_ms"":0.44541510025737807,""inference_wall_seconds"":0.04454151002573781,""motor_energy_demand"":0.02175780870828778,""reaction_seconds"":null,""recovery_seconds"":null,""simulation_seconds"":2.0},{""baseline_escape_drive"":null,""collision_substeps"":86,""escape_drive_integral"":0.8808228259067983,""final_simulated_energy"":0.6441428986900806,""food"":0.028395682227806297,""inference_mean_ms"":0.25777916132938117,""inference_wall_seconds"":0.025777916132938117,""motor_energy_demand"":0.020054942423822362,""reaction_seconds"":null,""recovery_seconds"":null,""simulation_seconds"":2.0},{""baseline_escape_drive"":null,""collision_substeps"":103,""escape_drive_integral"":1.655583010315895,""final_simulated_energy"":0.6734796521084475,""food"":0.11213979556063298,""inference_mean_ms"":0.23885626025730744,""inference_wall_seconds"":0.023885626025730744,""motor_energy_demand"":0.03259024567186832,""reaction_seconds"":null,""recovery_seconds"":null,""simulation_seconds"":2.0},{""baseline_escape_drive"":null,""collision_substeps"":69,""escape_drive_integral"":0.02338010667357594,""final_simulated_energy"":0.7057596408392761,""food"":0.12000881657556259,""inference_mean_ms"":0.15457417030120268,""inference_wall_seconds"":0.015457417030120268,""motor_energy_demand"":0.004244767448506319,""reaction_seconds"":null,""recovery_seconds"":null,""simulation_seconds"":2.0},{""baseline_escape_drive"":null,""collision_substeps"":51,""escape_drive_integral"":0.11972936356905849,""final_simulated_energy"":0.7029216807303718,""food"":0.12077091672222776,""inference_mean_ms"":0.1445770391728729,""inference_wall_seconds"":0.01445770391728729,""motor_energy_demand"":0.007463777630743571,""reaction_seconds"":null,""recovery_seconds"":null,""simulation_seconds"":2.0},{""baseline_escape_drive"":null,""collision_substeps"":128,""escape_drive_integral"":0.3449590026400983,""final_simulated_energy"":0.685693073437681,""food"":0.08958832199582997,""inference_mean_ms"":0.16009128041332588,""inference_wall_seconds"":0.016009128041332588,""motor_energy_demand"":0.00910108756023459,""reaction_seconds"":null,""recovery_seconds"":null,""simulation_seconds"":2.0}]",1.0,621,0.1460442175806875,1.0,0.0,not_applicable,shared,clean,290022,shared_population,"[""feedforward-101"",""recurrent-303"",""recurrent-202"",""connectome"",""hybrid-101"",""hybrid-202"",""hybrid-303"",""feedforward-303"",""feedforward-202"",""recurrent-101""]",100,aa4b3cee902019b16faa0c35609e9e3aa006dbc0e2621dfb08ceab6de62fa6fb,shared--shared_population--clean--290022.npz,ea661bff80d119430092d6d91dc8c9b14c4a96add812acf8292db2a69e2f8230
completed,,100,8.687805124995066,2.0,383811584,"[{""baseline_escape_drive"":null,""collision_substeps"":34,""escape_drive_integral"":0.33245949167758226,""final_simulated_energy"":0.6850840994845995,""food"":0.0880030856156205,""inference_mean_ms"":0.29864418029319495,""inference_wall_seconds"":0.029864418029319495,""motor_energy_demand"":0.008917443323209881,""reaction_seconds"":null,""recovery_seconds"":null,""simulation_seconds"":2.0},{""baseline_escape_drive"":null,""collision_substeps"":34,""escape_drive_integral"":0.08911418488249183,""final_simulated_energy"":0.7045702041904998,""food"":0.12064768244889056,""inference_mean_ms"":0.17013382952427492,""inference_wall_seconds"":0.01701338295242749,""motor_energy_demand"":0.005753637033945414,""reaction_seconds"":null,""recovery_seconds"":null,""simulation_seconds"":2.0},{""baseline_escape_drive"":null,""collision_substeps"":0,""escape_drive_integral"":0.0587738380022347,""final_simulated_energy"":0.703896693459041,""food"":0.11913821588192078,""inference_mean_ms"":0.1728321102564223,""inference_wall_seconds"":0.01728321102564223,""motor_energy_demand"":0.005672414481919258,""reaction_seconds"":null,""recovery_seconds"":null,""simulation_seconds"":2.0},{""baseline_escape_drive"":null,""collision_substeps"":0,""escape_drive_integral"":0.21645839504897596,""final_simulated_energy"":0.6998202115794547,""food"":0.11852850220149376,""inference_mean_ms"":0.16522627149242908,""inference_wall_seconds"":0.016522627149242908,""motor_energy_demand"":0.009444039521291851,""reaction_seconds"":null,""recovery_seconds"":null,""simulation_seconds"":2.0},{""baseline_escape_drive"":null,""collision_substeps"":133,""escape_drive_integral"":1.8444041801014996,""final_simulated_energy"":0.6751828385521649,""food"":0.11164167048935783,""inference_mean_ms"":54.909530839941,""inference_wall_seconds"":5.4909530839941,""motor_energy_demand"":0.030637996692513696,""reaction_seconds"":null,""recovery_seconds"":null,""simulation_seconds"":2.0},{""baseline_escape_drive"":null,""collision_substeps"":51,""escape_drive_integral"":1.0904132092744112,""final_simulated_energy"":0.6587532954068726,""food"":0.060644048677879814,""inference_mean_ms"":0.4602046005311422,""inference_wall_seconds"":0.04602046005311422,""motor_energy_demand"":0.02156872893206775,""reaction_seconds"":null,""recovery_seconds"":null,""simulation_seconds"":2.0},{""baseline_escape_drive"":null,""collision_substeps"":83,""escape_drive_integral"":0.8817215719632805,""final_simulated_energy"":0.6446991078135271,""food"":0.029496408267333293,""inference_mean_ms"":0.26810581010067835,""inference_wall_seconds"":0.026810581010067835,""motor_energy_demand"":0.020049096320141107,""reaction_seconds"":null,""recovery_seconds"":null,""simulation_seconds"":2.0},{""baseline_escape_drive"":null,""collision_substeps"":115,""escape_drive_integral"":1.6448338800668716,""final_simulated_energy"":0.6730460418381023,""food"":0.11096980220113842,""inference_mean_ms"":0.24695415049791336,""inference_wall_seconds"":0.024695415049791336,""motor_energy_demand"":0.032438859262466424,""reaction_seconds"":null,""recovery_seconds"":null,""simulation_seconds"":2.0},{""baseline_escape_drive"":null,""collision_substeps"":59,""escape_drive_integral"":0.02232403973583132,""final_simulated_energy"":0.705829082305829,""food"":0.12012578276426068,""inference_mean_ms"":0.15687032806454226,""inference_wall_seconds"":0.015687032806454226,""motor_energy_demand"":0.004233809076300822,""reaction_seconds"":null,""recovery_seconds"":null,""simulation_seconds"":2.0},{""baseline_escape_drive"":null,""collision_substeps"":133,""escape_drive_integral"":0.11679866832681,""final_simulated_energy"":0.7031258429465448,""food"":0.12080480145210475,""inference_mean_ms"":0.15120960248168558,""inference_wall_seconds"":0.015120960248168558,""motor_energy_demand"":0.007276557779507713,""reaction_seconds"":null,""recovery_seconds"":null,""simulation_seconds"":2.0}]",1.0000000000000004,642,0.1459925824233639,1.0,0.0,not_applicable,shared,clean,290023,shared_population,"[""recurrent-101"",""feedforward-101"",""recurrent-303"",""recurrent-202"",""connectome"",""hybrid-101"",""hybrid-202"",""hybrid-303"",""feedforward-303"",""feedforward-202""]",100,aa4b3cee902019b16faa0c35609e9e3aa006dbc0e2621dfb08ceab6de62fa6fb,shared--shared_population--clean--290023.npz,cfa8ba97d99f87ed7cb420901730bb812d44896e37bf5139ee97a6ec48425a92
completed,,100,7.937618750002002,2.0,382812160,"[{""baseline_escape_drive"":null,""collision_substeps"":50,""escape_drive_integral"":0.11957254911307245,""final_simulated_energy"":0.7029578541249025,""food"":0.12066763485402572,""inference_mean_ms"":0.23787126876413822,""inference_wall_seconds"":0.023787126876413822,""motor_energy_demand"":0.007375963302110321,""reaction_seconds"":null,""recovery_seconds"":null,""simulation_seconds"":2.0},{""baseline_escape_drive"":null,""collision_substeps"":24,""escape_drive_integral"":0.3508013001084328,""final_simulated_energy"":0.686039920308856,""food"":0.09047327458747759,""inference_mean_ms"":0.18444124085363,""inference_wall_seconds"":0.018444124085363,""motor_energy_demand"":0.009196716984882948,""reaction_seconds"":null,""recovery_seconds"":null,""simulation_seconds"":2.0},{""baseline_escape_drive"":null,""collision_substeps"":0,""escape_drive_integral"":0.08469088124111294,""final_simulated_energy"":0.7041182647313639,""food"":0.12051807495040764,""inference_mean_ms"":0.14458707068115473,""inference_wall_seconds"":0.014458707068115473,""motor_energy_demand"":0.006140772743839771,""reaction_seconds"":null,""recovery_seconds"":null,""simulation_seconds"":2.0},{""baseline_escape_drive"":null,""collision_substeps"":0,""escape_drive_integral"":0.060736217554658654,""final_simulated_energy"":0.7037491231052411,""food"":0.11902636270493314,""inference_mean_ms"":0.15872420102823526,""inference_wall_seconds"":0.015872420102823526,""motor_energy_demand"":0.005764058247227223,""reaction_seconds"":null,""recovery_seconds"":null,""simulation_seconds"":2.0},{""baseline_escape_drive"":null,""collision_substeps"":0,""escape_drive_integral"":0.21612696141004561,""final_simulated_energy"":0.6998010548585943,""food"":0.11845511861955908,""inference_mean_ms"":0.15410420019179583,""inference_wall_seconds"":0.015410420019179583,""motor_energy_demand"":0.009426504451185466,""reaction_seconds"":null,""recovery_seconds"":null,""simulation_seconds"":2.0},{""baseline_escape_drive"":null,""collision_substeps"":0,""escape_drive_integral"":1.759575392238297,""final_simulated_energy"":0.6752849182150469,""food"":0.10953830791679692,""inference_mean_ms"":54.35865870822454,""inference_wall_seconds"":5.435865870822454,""motor_energy_demand"":0.029484235743350715,""reaction_seconds"":null,""recovery_seconds"":null,""simulation_seconds"":2.0},{""baseline_escape_drive"":null,""collision_substeps"":51,""escape_drive_integral"":1.084178325459361,""final_simulated_energy"":0.6573166535166529,""food"":0.05770344979015438,""inference_mean_ms"":0.44054792961105704,""inference_wall_seconds"":0.044054792961105704,""motor_energy_demand"":0.021535071378424767,""reaction_seconds"":null,""recovery_seconds"":null,""simulation_seconds"":2.0},{""baseline_escape_drive"":null,""collision_substeps"":79,""escape_drive_integral"":0.8829805126274005,""final_simulated_energy"":0.6459384373044367,""food"":0.03209537350667886,""inference_mean_ms"":0.25699540972709656,""inference_wall_seconds"":0.025699540972709656,""motor_energy_demand"":0.020109249448901974,""reaction_seconds"":null,""recovery_seconds"":null,""simulation_seconds"":2.0},{""baseline_escape_drive"":null,""collision_substeps"":102,""escape_drive_integral"":1.669931857585907,""final_simulated_energy"":0.6729250571382964,""food"":0.11153667040604906,""inference_mean_ms"":0.23736586939776316,""inference_wall_seconds"":0.023736586939776316,""motor_energy_demand"":0.032843278064727775,""reaction_seconds"":null,""recovery_seconds"":null,""simulation_seconds"":2.0},{""baseline_escape_drive"":null,""collision_substeps"":0,""escape_drive_integral"":0.023251362857408822,""final_simulated_energy"":0.7057473104963918,""food"":0.11998573266391793,""inference_mean_ms"":0.14723294938448817,""inference_wall_seconds"":0.014723294938448817,""motor_energy_demand"":0.004245555835566486,""reaction_seconds"":null,""recovery_seconds"":null,""simulation_seconds"":2.0}]",1.0000000000000004,306,0.14612140620021744,1.0,0.0,not_applicable,shared,clean,290024,shared_population,"[""feedforward-202"",""recurrent-101"",""feedforward-101"",""recurrent-303"",""recurrent-202"",""connectome"",""hybrid-101"",""hybrid-202"",""hybrid-303"",""feedforward-303""]",100,aa4b3cee902019b16faa0c35609e9e3aa006dbc0e2621dfb08ceab6de62fa6fb,shared--shared_population--clean--290024.npz,07dfb1ada42bdcd1c77d9529096f80f99fca5f8e036111c2b2f37d684cc38744
completed,,100,8.415885499998694,2.0,382844928,"[{""baseline_escape_drive"":null,""collision_substeps"":0,""escape_drive_integral"":0.02273227124940604,""final_simulated_energy"":0.7060602297824902,""food"":0.12059509843423176,""inference_mean_ms"":0.2525595380575396,""inference_wall_seconds"":0.02525595380575396,""motor_energy_demand"":0.004237319434625096,""reaction_seconds"":null,""recovery_seconds"":null,""simulation_seconds"":2.0},{""baseline_escape_drive"":null,""collision_substeps"":131,""escape_drive_integral"":0.1179003042075783,""final_simulated_energy"":0.703303635531957,""food"":0.1212422606908279,""inference_mean_ms"":0.160150020965375,""inference_wall_seconds"":0.0160150020965375,""motor_energy_demand"":0.007317494813457598,""reaction_seconds"":null,""recovery_seconds"":null,""simulation_seconds"":2.0},{""baseline_escape_drive"":null,""collision_substeps"":39,""escape_drive_integral"":0.3520740863867104,""final_simulated_energy"":0.6850896534230249,""food"":0.08865199490109088,""inference_mean_ms"":0.16993626923067495,""inference_wall_seconds"":0.016993626923067495,""motor_energy_demand"":0.009236344027519225,""reaction_seconds"":null,""recovery_seconds"":null,""simulation_seconds"":2.0},{""baseline_escape_drive"":null,""collision_substeps"":17,""escape_drive_integral"":0.08369801850989461,""final_simulated_energy"":0.7044936033938062,""food"":0.12111590105529511,""inference_mean_ms"":0.1439929593470879,""inference_wall_seconds"":0.014399295934708789,""motor_energy_demand"":0.006064347133841367,""reaction_seconds"":null,""recovery_seconds"":null,""simulation_seconds"":2.0},{""baseline_escape_drive"":null,""collision_substeps"":0,""escape_drive_integral"":0.05876788748428226,""final_simulated_energy"":0.7041096736762809,""food"":0.11957826081610304,""inference_mean_ms"":0.15533885190961882,""inference_wall_seconds"":0.015533885190961882,""motor_energy_demand"":0.005679456731770188,""reaction_seconds"":null,""recovery_seconds"":null,""simulation_seconds"":2.0},{""baseline_escape_drive"":null,""collision_substeps"":2,""escape_drive_integral"":0.21576149225234986,""final_simulated_energy"":0.7001056373384351,""food"":0.1190345337657141,""inference_mean_ms"":0.15167872072197497,""inference_wall_seconds"":0.015167872072197497,""motor_energy_demand"":0.009411629544422033,""reaction_seconds"":null,""recovery_seconds"":null,""simulation_seconds"":2.0},{""baseline_escape_drive"":null,""collision_substeps"":131,""escape_drive_integral"":1.7517294851716179,""final_simulated_energy"":0.6787934325870069,""food"":0.11575856902678683,""inference_mean_ms"":53.48407334997319,""inference_wall_seconds"":5.348407334997319,""motor_energy_demand"":0.029085851926385742,""reaction_seconds"":null,""recovery_seconds"":null,""simulation_seconds"":2.0},{""baseline_escape_drive"":null,""collision_substeps"":53,""escape_drive_integral"":1.0800633508712054,""final_simulated_energy"":0.6553248495508444,""food"":0.053646403563708506,""inference_mean_ms"":0.4344729086733423,""inference_wall_seconds"":0.04344729086733423,""motor_energy_demand"":0.02149835223101079,""reaction_seconds"":null,""recovery_seconds"":null,""simulation_seconds"":2.0},{""baseline_escape_drive"":null,""collision_substeps"":83,""escape_drive_integral"":0.911399048436433,""final_simulated_energy"":0.6444567287316008,""food"":0.02986449963756316,""inference_mean_ms"":0.25229710881831124,""inference_wall_seconds"":0.025229710881831124,""motor_energy_demand"":0.02047552108718082,""reaction_seconds"":null,""recovery_seconds"":null,""simulation_seconds"":2.0},{""baseline_escape_drive"":null,""collision_substeps"":90,""escape_drive_integral"":1.6639021879434586,""final_simulated_energy"":0.6724005319721882,""food"":0.1105124781086786,""inference_mean_ms"":0.23066083871526644,""inference_wall_seconds"":0.023066083871526644,""motor_energy_demand"":0.03285570708215236,""reaction_seconds"":null,""recovery_seconds"":null,""simulation_seconds"":2.0}]",1.0,546,0.14586202401236523,1.0,0.0,not_applicable,shared,clean,290025,shared_population,"[""feedforward-303"",""feedforward-202"",""recurrent-101"",""feedforward-101"",""recurrent-303"",""recurrent-202"",""connectome"",""hybrid-101"",""hybrid-202"",""hybrid-303""]",100,aa4b3cee902019b16faa0c35609e9e3aa006dbc0e2621dfb08ceab6de62fa6fb,shared--shared_population--clean--290025.npz,518d467427f79956a64d630a023d901009d6211caa02e6d1d73f809929d565ed
completed,,100,7.923635415994795,2.0,382844928,"[{""baseline_escape_drive"":null,""collision_substeps"":109,""escape_drive_integral"":1.6465873751044273,""final_simulated_energy"":0.6728135689922251,""food"":0.11080833139758768,""inference_mean_ms"":0.3404749804758467,""inference_wall_seconds"":0.03404749804758467,""motor_energy_demand"":0.0325905967065692,""reaction_seconds"":null,""recovery_seconds"":null,""simulation_seconds"":2.0},{""baseline_escape_drive"":null,""collision_substeps"":52,""escape_drive_integral"":0.022928419266827406,""final_simulated_energy"":0.705569357400286,""food"":0.11961764489555182,""inference_mean_ms"":0.15843874018173665,""inference_wall_seconds"":0.015843874018173665,""motor_energy_demand"":0.004239465047488921,""reaction_seconds"":null,""recovery_seconds"":null,""simulation_seconds"":2.0},{""baseline_escape_drive"":null,""collision_substeps"":134,""escape_drive_integral"":0.11746062356978655,""final_simulated_energy"":0.7028290811824015,""food"":0.12034412666416781,""inference_mean_ms"":0.14298618596512824,""inference_wall_seconds"":0.014298618596512824,""motor_energy_demand"":0.007342982149682939,""reaction_seconds"":null,""recovery_seconds"":null,""simulation_seconds"":2.0},{""baseline_escape_drive"":null,""collision_substeps"":38,""escape_drive_integral"":0.3454426841810346,""final_simulated_energy"":0.685306062219432,""food"":0.08885632370630173,""inference_mean_ms"":0.1588708590134047,""inference_wall_seconds"":0.01588708590134047,""motor_energy_demand"":0.009122099633719773,""reaction_seconds"":null,""recovery_seconds"":null,""simulation_seconds"":2.0},{""baseline_escape_drive"":null,""collision_substeps"":38,""escape_drive_integral"":0.08551526276394725,""final_simulated_energy"":0.7041303912185364,""food"":0.12016609578379275,""inference_mean_ms"":0.14023121126228943,""inference_wall_seconds"":0.014023121126228943,""motor_energy_demand"":0.005952656673360615,""reaction_seconds"":null,""recovery_seconds"":null,""simulation_seconds"":2.0},{""baseline_escape_drive"":null,""collision_substeps"":0,""escape_drive_integral"":0.06160398229956627,""final_simulated_energy"":0.703518407354764,""food"":0.11862700858808944,""inference_mean_ms"":0.15269958035787567,""inference_wall_seconds"":0.015269958035787567,""motor_energy_demand"":0.005795096939280629,""reaction_seconds"":null,""recovery_seconds"":null,""simulation_seconds"":2.0},{""baseline_escape_drive"":null,""collision_substeps"":0,""escape_drive_integral"":0.21565081164240837,""final_simulated_energy"":0.6996240445784984,""food"":0.11806599779749875,""inference_mean_ms"":0.14901126007316634,""inference_wall_seconds"":0.014901126007316634,""motor_energy_demand"":0.009408954320251942,""reaction_seconds"":null,""recovery_seconds"":null,""simulation_seconds"":2.0},{""baseline_escape_drive"":null,""collision_substeps"":134,""escape_drive_integral"":1.8915310819921067,""final_simulated_energy"":0.6750062605721,""food"":0.11283551234550865,""inference_mean_ms"":53.66457336873282,""inference_wall_seconds"":5.366457336873282,""motor_energy_demand"":0.03141149560065285,""reaction_seconds"":null,""recovery_seconds"":null,""simulation_seconds"":2.0},{""baseline_escape_drive"":null,""collision_substeps"":49,""escape_drive_integral"":1.0976005197688938,""final_simulated_energy"":0.6581787780359095,""food"":0.059705023539381515,""inference_mean_ms"":0.4281445892411284,""inference_wall_seconds"":0.04281445892411284,""motor_energy_demand"":0.021673733733780676,""reaction_seconds"":null,""recovery_seconds"":null,""simulation_seconds"":2.0},{""baseline_escape_drive"":null,""collision_substeps"":86,""escape_drive_integral"":0.9562507677730173,""final_simulated_energy"":0.6442936427123956,""food"":0.030973935282120193,""inference_mean_ms"":0.2565220693941228,""inference_wall_seconds"":0.02565220693941228,""motor_energy_demand"":0.021193324928665536,""reaction_seconds"":null,""recovery_seconds"":null,""simulation_seconds"":2.0}]",1.0000000000000004,640,0.14873040573345309,1.0,0.0,not_applicable,shared,clean,290026,shared_population,"[""hybrid-303"",""feedforward-303"",""feedforward-202"",""recurrent-101"",""feedforward-101"",""recurrent-303"",""recurrent-202"",""connectome"",""hybrid-101"",""hybrid-202""]",100,aa4b3cee902019b16faa0c35609e9e3aa006dbc0e2621dfb08ceab6de62fa6fb,shared--shared_population--clean--290026.npz,8918e734f2862d006f2b84b956e49c15def89dc45246b4133d12c7791e6f32c5
completed,,100,8.423577499983367,2.0,382877696,"[{""baseline_escape_drive"":null,""collision_substeps"":71,""escape_drive_integral"":0.944288585903123,""final_simulated_energy"":0.6448988553631734,""food"":0.031739443369352444,""inference_mean_ms"":0.36518038919894025,""inference_wall_seconds"":0.036518038919894025,""motor_energy_demand"":0.020970866321502253,""reaction_seconds"":null,""recovery_seconds"":null,""simulation_seconds"":2.0},{""baseline_escape_drive"":null,""collision_substeps"":88,""escape_drive_integral"":1.6576071667671204,""final_simulated_energy"":0.6727067482216936,""food"":0.11091540011441231,""inference_mean_ms"":0.24338583025382832,""inference_wall_seconds"":0.02433858302538283,""motor_energy_demand"":0.03275095183551311,""reaction_seconds"":null,""recovery_seconds"":null,""simulation_seconds"":2.0},{""baseline_escape_drive"":null,""collision_substeps"":0,""escape_drive_integral"":0.022619670797139408,""final_simulated_energy"":0.7058568991076698,""food"":0.1201877559587982,""inference_mean_ms"":0.14796580071561038,""inference_wall_seconds"":0.014796580071561038,""motor_energy_demand"":0.004236978871729224,""reaction_seconds"":null,""recovery_seconds"":null,""simulation_seconds"":2.0},{""baseline_escape_drive"":null,""collision_substeps"":119,""escape_drive_integral"":0.11726170958951115,""final_simulated_energy"":0.7031257579425291,""food"":0.12089944185406826,""inference_mean_ms"":0.14149583963444456,""inference_wall_seconds"":0.014149583963444456,""motor_energy_demand"":0.0073239629845041785,""reaction_seconds"":null,""recovery_seconds"":null,""simulation_seconds"":2.0},{""baseline_escape_drive"":null,""collision_substeps"":47,""escape_drive_integral"":0.35089105961844325,""final_simulated_energy"":0.6848666183053056,""food"":0.08817423327805492,""inference_mean_ms"":0.15420879906741902,""inference_wall_seconds"":0.015420879906741902,""motor_energy_demand"":0.009220498333722352,""reaction_seconds"":null,""recovery_seconds"":null,""simulation_seconds"":2.0},{""baseline_escape_drive"":null,""collision_substeps"":26,""escape_drive_integral"":0.08228579103946686,""final_simulated_energy"":0.704325377039977,""food"":0.12071449776998211,""inference_mean_ms"":0.13788624171866104,""inference_wall_seconds"":0.013788624171866104,""motor_energy_demand"":0.006031871845014394,""reaction_seconds"":null,""recovery_seconds"":null,""simulation_seconds"":2.0},{""baseline_escape_drive"":null,""collision_substeps"":0,""escape_drive_integral"":0.05885596137493849,""final_simulated_energy"":0.7039630935221364,""food"":0.11925902474161267,""inference_mean_ms"":0.15108295949175954,""inference_wall_seconds"":0.015108295949175954,""motor_energy_demand"":0.00566641884867102,""reaction_seconds"":null,""recovery_seconds"":null,""simulation_seconds"":2.0},{""baseline_escape_drive"":null,""collision_substeps"":0,""escape_drive_integral"":0.21594820730388165,""final_simulated_energy"":0.699863608049734,""food"":0.11857774512749539,""inference_mean_ms"":0.14799876196775585,""inference_wall_seconds"":0.014799876196775585,""motor_energy_demand"":0.009425264514014126,""reaction_seconds"":null,""recovery_seconds"":null,""simulation_seconds"":2.0},{""baseline_escape_drive"":null,""collision_substeps"":119,""escape_drive_integral"":1.7197860746585139,""final_simulated_energy"":0.6768749472683934,""food"":0.1114221750665194,""inference_mean_ms"":53.81657543766778,""inference_wall_seconds"":5.381657543766778,""motor_energy_demand"":0.028836140264864592,""reaction_seconds"":null,""recovery_seconds"":null,""simulation_seconds"":2.0},{""baseline_escape_drive"":null,""collision_substeps"":28,""escape_drive_integral"":1.1139628345519303,""final_simulated_energy"":0.6571604828505827,""food"":0.058110282719704066,""inference_mean_ms"":0.43751958903158084,""inference_wall_seconds"":0.043751958903158084,""motor_energy_demand"":0.021894658509269353,""reaction_seconds"":null,""recovery_seconds"":null,""simulation_seconds"":2.0}]",0.9999999999999999,498,0.1463576123288046,1.0,0.0,not_applicable,shared,clean,290027,shared_population,"[""hybrid-202"",""hybrid-303"",""feedforward-303"",""feedforward-202"",""recurrent-101"",""feedforward-101"",""recurrent-303"",""recurrent-202"",""connectome"",""hybrid-101""]",100,aa4b3cee902019b16faa0c35609e9e3aa006dbc0e2621dfb08ceab6de62fa6fb,shared--shared_population--clean--290027.npz,c816d111aedffd6304520d25214619b597230f96ec4b4f8e7fe1349b0f1dbcbd
completed,,100,8.462581499974476,2.0,382894080,"[{""baseline_escape_drive"":null,""collision_substeps"":54,""escape_drive_integral"":1.0887312183529139,""final_simulated_energy"":0.6573463460878867,""food"":0.057793684646009535,""inference_mean_ms"":0.46030251134652644,""inference_wall_seconds"":0.046030251134652644,""motor_energy_demand"":0.021550496235117317,""reaction_seconds"":null,""recovery_seconds"":null,""simulation_seconds"":2.0},{""baseline_escape_drive"":null,""collision_substeps"":85,""escape_drive_integral"":0.8847171548008919,""final_simulated_energy"":0.6447045393687498,""food"":0.029547337228957714,""inference_mean_ms"":0.24939334893133494,""inference_wall_seconds"":0.02493933489313349,""motor_energy_demand"":0.020069129245728255,""reaction_seconds"":null,""recovery_seconds"":null,""simulation_seconds"":2.0},{""baseline_escape_drive"":null,""collision_substeps"":110,""escape_drive_integral"":1.6573254787921905,""final_simulated_energy"":0.6723372957507117,""food"":0.11005617173380582,""inference_mean_ms"":0.23013371013803408,""inference_wall_seconds"":0.023013371013803408,""motor_energy_demand"":0.03269079011619091,""reaction_seconds"":null,""recovery_seconds"":null,""simulation_seconds"":2.0},{""baseline_escape_drive"":null,""collision_substeps"":54,""escape_drive_integral"":0.022490611132234335,""final_simulated_energy"":0.7058361823332795,""food"":0.12013100021625153,""inference_mean_ms"":0.14616539876442403,""inference_wall_seconds"":0.014616539876442403,""motor_energy_demand"":0.004229317774847151,""reaction_seconds"":null,""recovery_seconds"":null,""simulation_seconds"":2.0},{""baseline_escape_drive"":null,""collision_substeps"":134,""escape_drive_integral"":0.11909304592758417,""final_simulated_energy"":0.7030937057311383,""food"":0.12085094394732654,""inference_mean_ms"":0.14093707111896947,""inference_wall_seconds"":0.014093707111896947,""motor_energy_demand"":0.00733176624252461,""reaction_seconds"":null,""recovery_seconds"":null,""simulation_seconds"":2.0},{""baseline_escape_drive"":null,""collision_substeps"":20,""escape_drive_integral"":0.3501322408206761,""final_simulated_energy"":0.6860757847196833,""food"":0.09050925984018347,""inference_mean_ms"":0.15371122834039852,""inference_wall_seconds"":0.015371122834039852,""motor_energy_demand"":0.00917884520040825,""reaction_seconds"":null,""recovery_seconds"":null,""simulation_seconds"":2.0},{""baseline_escape_drive"":null,""collision_substeps"":20,""escape_drive_integral"":0.0840747986920178,""final_simulated_energy"":0.7042790092481683,""food"":0.12074646481801,""inference_mean_ms"":0.13673750043381006,""inference_wall_seconds"":0.013673750043381006,""motor_energy_demand"":0.006094223160836846,""reaction_seconds"":null,""recovery_seconds"":null,""simulation_seconds"":2.0},{""baseline_escape_drive"":null,""collision_substeps"":0,""escape_drive_integral"":0.060914334673434496,""final_simulated_energy"":0.7038471937248924,""food"":0.11923609942493785,""inference_mean_ms"":0.15016332879895344,""inference_wall_seconds"":0.015016332879895344,""motor_energy_demand"":0.0057708559875749065,""reaction_seconds"":null,""recovery_seconds"":null,""simulation_seconds"":2.0},{""baseline_escape_drive"":null,""collision_substeps"":4,""escape_drive_integral"":0.21838450640439988,""final_simulated_energy"":0.6997730908322662,""food"":0.11856579736268963,""inference_mean_ms"":0.14748789049917832,""inference_wall_seconds"":0.014748789049917832,""motor_energy_demand"":0.009509807849079371,""reaction_seconds"":null,""recovery_seconds"":null,""simulation_seconds"":2.0},{""baseline_escape_drive"":null,""collision_substeps"":134,""escape_drive_integral"":1.8122768728403398,""final_simulated_energy"":0.6761537486209822,""food"":0.11256324078182856,""inference_mean_ms"":53.699630401679315,""inference_wall_seconds"":5.3699630401679315,""motor_energy_demand"":0.030127871769931133,""reaction_seconds"":null,""recovery_seconds"":null,""simulation_seconds"":2.0}]",1.0000000000000009,615,0.14655310358223875,1.0,0.0,not_applicable,shared,clean,290028,shared_population,"[""hybrid-101"",""hybrid-202"",""hybrid-303"",""feedforward-303"",""feedforward-202"",""recurrent-101"",""feedforward-101"",""recurrent-303"",""recurrent-202"",""connectome""]",100,aa4b3cee902019b16faa0c35609e9e3aa006dbc0e2621dfb08ceab6de62fa6fb,shared--shared_population--clean--290028.npz,d3f69542918c0b6fcb3d293e233ffbf4b0aef28b3b31a1eb6dea122ccd34a798
completed,,100,8.200627749989508,2.0,382959616,"[{""baseline_escape_drive"":null,""collision_substeps"":125,""escape_drive_integral"":1.7553564182919086,""final_simulated_energy"":0.6766441128736946,""food"":0.11211491255745382,""inference_mean_ms"":53.817636719031725,""inference_wall_seconds"":5.3817636719031725,""motor_energy_demand"":0.02941334340503158,""reaction_seconds"":null,""recovery_seconds"":null,""simulation_seconds"":2.0},{""baseline_escape_drive"":null,""collision_substeps"":53,""escape_drive_integral"":1.0581042961776257,""final_simulated_energy"":0.6586363405078735,""food"":0.0593493429884477,""inference_mean_ms"":0.4771453791181557,""inference_wall_seconds"":0.04771453791181557,""motor_energy_demand"":0.021038330986350776,""reaction_seconds"":null,""recovery_seconds"":null,""simulation_seconds"":2.0},{""baseline_escape_drive"":null,""collision_substeps"":84,""escape_drive_integral"":0.9110685736499727,""final_simulated_energy"":0.645520751209756,""food"":0.03211368538825639,""inference_mean_ms"":0.2644974988652393,""inference_wall_seconds"":0.026449749886523932,""motor_energy_demand"":0.020536091484371573,""reaction_seconds"":null,""recovery_seconds"":null,""simulation_seconds"":2.0},{""baseline_escape_drive"":null,""collision_substeps"":90,""escape_drive_integral"":1.6667595461010933,""final_simulated_energy"":0.6723038599676889,""food"":0.11044088473876161,""inference_mean_ms"":0.24273877119412646,""inference_wall_seconds"":0.024273877119412646,""motor_energy_demand"":0.032916582401692866,""reaction_seconds"":null,""recovery_seconds"":null,""simulation_seconds"":2.0},{""baseline_escape_drive"":null,""collision_substeps"":2,""escape_drive_integral"":0.023383620041422547,""final_simulated_energy"":0.7056252037268842,""food"":0.11974121875871108,""inference_mean_ms"":0.15210293902782723,""inference_wall_seconds"":0.015210293902782723,""motor_energy_demand"":0.004245405652471819,""reaction_seconds"":null,""recovery_seconds"":null,""simulation_seconds"":2.0},{""baseline_escape_drive"":null,""collision_substeps"":34,""escape_drive_integral"":0.11903329215478152,""final_simulated_energy"":0.7028607089360074,""food"":0.12044436547418536,""inference_mean_ms"":0.15010165865533054,""inference_wall_seconds"":0.015010165865533054,""motor_energy_demand"":0.007361473801084795,""reaction_seconds"":null,""recovery_seconds"":null,""simulation_seconds"":2.0},{""baseline_escape_drive"":null,""collision_substeps"":125,""escape_drive_integral"":0.35079923188313844,""final_simulated_energy"":0.685028404857083,""food"":0.08850422821028979,""inference_mean_ms"":0.16386999806854874,""inference_wall_seconds"":0.016386999806854874,""motor_energy_demand"":0.009223709248062222,""reaction_seconds"":null,""recovery_seconds"":null,""simulation_seconds"":2.0},{""baseline_escape_drive"":null,""collision_substeps"":27,""escape_drive_integral"":0.08324051916599273,""final_simulated_energy"":0.70405500421342,""food"":0.12029343457916114,""inference_mean_ms"":0.1444971005548723,""inference_wall_seconds"":0.01444971005548723,""motor_energy_demand"":0.006091713076159358,""reaction_seconds"":null,""recovery_seconds"":null,""simulation_seconds"":2.0},{""baseline_escape_drive"":null,""collision_substeps"":0,""escape_drive_integral"":0.05916383350268006,""final_simulated_energy"":0.7037635091072306,""food"":0.1188851436125803,""inference_mean_ms"":0.15634454000974074,""inference_wall_seconds"":0.015634454000974074,""motor_energy_demand"":0.005679062699060888,""reaction_seconds"":null,""recovery_seconds"":null,""simulation_seconds"":2.0},{""baseline_escape_drive"":null,""collision_substeps"":1,""escape_drive_integral"":0.2179766544699669,""final_simulated_energy"":0.6995586488073922,""food"":0.11811278369215278,""inference_mean_ms"":0.15783125098096207,""inference_wall_seconds"":0.015783125098096207,""motor_energy_demand"":0.00949774303868413,""reaction_seconds"":null,""recovery_seconds"":null,""simulation_seconds"":2.0}]",1.0,541,0.14600345579297,1.0,0.0,not_applicable,shared,clean,290029,shared_population,"[""connectome"",""hybrid-101"",""hybrid-202"",""hybrid-303"",""feedforward-303"",""feedforward-202"",""recurrent-101"",""feedforward-101"",""recurrent-303"",""recurrent-202""]",100,aa4b3cee902019b16faa0c35609e9e3aa006dbc0e2621dfb08ceab6de62fa6fb,shared--shared_population--clean--290029.npz,43355c33359cc25283ddda7e296eb54e72a8162b7bdf4f6eb2c2cca5a8b7df6f
completed,,100,8.267315041011898,2.0,383025152,"[{""baseline_escape_drive"":null,""collision_substeps"":0,""escape_drive_integral"":0.2150505092740059,""final_simulated_energy"":0.6994328393184303,""food"":0.11765292415185016,""inference_mean_ms"":0.2739191398723051,""inference_wall_seconds"":0.02739191398723051,""motor_energy_demand"":0.00939362275749445,""reaction_seconds"":null,""recovery_seconds"":null,""simulation_seconds"":2.0},{""baseline_escape_drive"":null,""collision_substeps"":122,""escape_drive_integral"":1.664898579352971,""final_simulated_energy"":0.6783096944275937,""food"":0.11241923504240062,""inference_mean_ms"":53.8462992105633,""inference_wall_seconds"":5.38462992105633,""motor_energy_demand"":0.02789992309360512,""reaction_seconds"":null,""recovery_seconds"":null,""simulation_seconds"":2.0},{""baseline_escape_drive"":null,""collision_substeps"":25,""escape_drive_integral"":1.1239126817509533,""final_simulated_energy"":0.6580683082349053,""food"":0.060204982435071906,""inference_mean_ms"":0.46350873046321794,""inference_wall_seconds"":0.046350873046321794,""motor_energy_demand"":0.022034182982631028,""reaction_seconds"":null,""recovery_seconds"":null,""simulation_seconds"":2.0},{""baseline_escape_drive"":null,""collision_substeps"":69,""escape_drive_integral"":0.9315142435394228,""final_simulated_energy"":0.6450483307393463,""food"":0.03160319509638514,""inference_mean_ms"":0.2693483675830066,""inference_wall_seconds"":0.026934836758300662,""motor_energy_demand"":0.020753266808846968,""reaction_seconds"":null,""recovery_seconds"":null,""simulation_seconds"":2.0},{""baseline_escape_drive"":null,""collision_substeps"":88,""escape_drive_integral"":1.6592345157265664,""final_simulated_energy"":0.6723469080563808,""food"":0.10999273142803186,""inference_mean_ms"":0.24562372011132538,""inference_wall_seconds"":0.02456237201113254,""motor_energy_demand"":0.03264945765763521,""reaction_seconds"":null,""recovery_seconds"":null,""simulation_seconds"":2.0},{""baseline_escape_drive"":null,""collision_substeps"":0,""escape_drive_integral"":0.022340134936384856,""final_simulated_energy"":0.7053686213099214,""food"":0.1192009993031365,""inference_mean_ms"":0.15520539978751913,""inference_wall_seconds"":0.015520539978751913,""motor_energy_demand"":0.0042318783416459334,""reaction_seconds"":null,""recovery_seconds"":null,""simulation_seconds"":2.0},{""baseline_escape_drive"":null,""collision_substeps"":122,""escape_drive_integral"":0.11890091370791198,""final_simulated_energy"":0.7025888032905376,""food"":0.11988681106704983,""inference_mean_ms"":0.14865793054923415,""inference_wall_seconds"":0.014865793054923415,""motor_energy_demand"":0.007354602242987603,""reaction_seconds"":null,""recovery_seconds"":null,""simulation_seconds"":2.0},{""baseline_escape_drive"":null,""collision_substeps"":49,""escape_drive_integral"":0.35176486970856785,""final_simulated_energy"":0.686317212586142,""food"":0.09104508433077474,""inference_mean_ms"":0.16136750928126276,""inference_wall_seconds"":0.016136750928126276,""motor_energy_demand"":0.009205329579245301,""reaction_seconds"":null,""recovery_seconds"":null,""simulation_seconds"":2.0},{""baseline_escape_drive"":null,""collision_substeps"":32,""escape_drive_integral"":0.0840625474974513,""final_simulated_energy"":0.7037861808460797,""food"":0.11975381775063167,""inference_mean_ms"":0.14739832025952637,""inference_wall_seconds"":0.014739832025952637,""motor_energy_demand"":0.006090728029236197,""reaction_seconds"":null,""recovery_seconds"":null,""simulation_seconds"":2.0},{""baseline_escape_drive"":null,""collision_substeps"":0,""escape_drive_integral"":0.05928471583873034,""final_simulated_energy"":0.7034205673261129,""food"":0.11824021939466779,""inference_mean_ms"":0.156486228806898,""inference_wall_seconds"":0.0156486228806898,""motor_energy_demand"":0.0056995423712208875,""reaction_seconds"":null,""recovery_seconds"":null,""simulation_seconds"":2.0}]",1.0000000000000002,507,0.1453125338645487,1.0,0.0,not_applicable,shared,clean,290030,shared_population,"[""recurrent-202"",""connectome"",""hybrid-101"",""hybrid-202"",""hybrid-303"",""feedforward-303"",""feedforward-202"",""recurrent-101"",""feedforward-101"",""recurrent-303""]",100,aa4b3cee902019b16faa0c35609e9e3aa006dbc0e2621dfb08ceab6de62fa6fb,shared--shared_population--clean--290030.npz,c5c589ace8ec95627d814cc3282e7ee619b8dc700e979fab3fffdb5de22b4759
